# Goxel 0.15.1
v -16 0 16 1.000000 1.000000 1.000000
v -15 0 16 1.000000 1.000000 1.000000
v -15 1 16 1.000000 1.000000 1.000000
v -16 1 16 1.000000 1.000000 1.000000
v -16 0 15 1.000000 1.000000 1.000000
v -15 0 15 1.000000 1.000000 1.000000
v -16 1 15 1.000000 1.000000 1.000000
v -14 0 16 1.000000 1.000000 1.000000
v -14 1 16 1.000000 1.000000 1.000000
v -14 0 15 1.000000 1.000000 1.000000
v -13 0 16 1.000000 1.000000 1.000000
v -13 1 16 1.000000 1.000000 1.000000
v -13 0 15 1.000000 1.000000 1.000000
v -12 0 16 1.000000 1.000000 1.000000
v -12 1 16 1.000000 1.000000 1.000000
v -12 0 15 1.000000 1.000000 1.000000
v -11 0 16 1.000000 1.000000 1.000000
v -11 1 16 1.000000 1.000000 1.000000
v -11 0 15 1.000000 1.000000 1.000000
v -10 0 16 1.000000 1.000000 1.000000
v -10 1 16 1.000000 1.000000 1.000000
v -10 0 15 1.000000 1.000000 1.000000
v -9 0 16 1.000000 1.000000 1.000000
v -9 1 16 1.000000 1.000000 1.000000
v -9 0 15 1.000000 1.000000 1.000000
v -8 0 16 1.000000 1.000000 1.000000
v -8 1 16 1.000000 1.000000 1.000000
v -8 0 15 1.000000 1.000000 1.000000
v -7 0 16 1.000000 1.000000 1.000000
v -7 1 16 1.000000 1.000000 1.000000
v -7 0 15 1.000000 1.000000 1.000000
v -6 0 16 1.000000 1.000000 1.000000
v -6 1 16 1.000000 1.000000 1.000000
v -6 0 15 1.000000 1.000000 1.000000
v -5 0 16 1.000000 1.000000 1.000000
v -5 1 16 1.000000 1.000000 1.000000
v -5 0 15 1.000000 1.000000 1.000000
v -4 0 16 1.000000 1.000000 1.000000
v -4 1 16 1.000000 1.000000 1.000000
v -4 0 15 1.000000 1.000000 1.000000
v -3 0 16 1.000000 1.000000 1.000000
v -3 1 16 1.000000 1.000000 1.000000
v -3 0 15 1.000000 1.000000 1.000000
v -2 0 16 1.000000 1.000000 1.000000
v -2 1 16 1.000000 1.000000 1.000000
v -2 0 15 1.000000 1.000000 1.000000
v -1 0 16 1.000000 1.000000 1.000000
v -1 1 16 1.000000 1.000000 1.000000
v -1 0 15 1.000000 1.000000 1.000000
v 0 0 16 1.000000 1.000000 1.000000
v 0 1 16 1.000000 1.000000 1.000000
v 0 0 15 1.000000 1.000000 1.000000
v -16 0 14 1.000000 1.000000 1.000000
v -15 0 14 1.000000 1.000000 1.000000
v -16 1 14 1.000000 1.000000 1.000000
v -14 0 14 1.000000 1.000000 1.000000
v -13 0 14 1.000000 1.000000 1.000000
v -12 0 14 1.000000 1.000000 1.000000
v -11 0 14 1.000000 1.000000 1.000000
v -10 0 14 1.000000 1.000000 1.000000
v -9 0 14 1.000000 1.000000 1.000000
v -8 0 14 1.000000 1.000000 1.000000
v -7 0 14 1.000000 1.000000 1.000000
v -6 0 14 1.000000 1.000000 1.000000
v -5 0 14 1.000000 1.000000 1.000000
v -4 0 14 1.000000 1.000000 1.000000
v -3 0 14 1.000000 1.000000 1.000000
v -2 0 14 1.000000 1.000000 1.000000
v -1 0 14 1.000000 1.000000 1.000000
v 0 0 14 1.000000 1.000000 1.000000
v -16 0 13 1.000000 1.000000 1.000000
v -15 0 13 1.000000 1.000000 1.000000
v -16 1 13 1.000000 1.000000 1.000000
v -14 0 13 1.000000 1.000000 1.000000
v -13 0 13 1.000000 1.000000 1.000000
v -12 0 13 1.000000 1.000000 1.000000
v -11 0 13 1.000000 1.000000 1.000000
v -10 0 13 1.000000 1.000000 1.000000
v -9 0 13 1.000000 1.000000 1.000000
v -8 0 13 1.000000 1.000000 1.000000
v -7 0 13 1.000000 1.000000 1.000000
v -6 0 13 1.000000 1.000000 1.000000
v -5 0 13 1.000000 1.000000 1.000000
v -4 0 13 1.000000 1.000000 1.000000
v -3 0 13 1.000000 1.000000 1.000000
v -2 0 13 1.000000 1.000000 1.000000
v -1 0 13 1.000000 1.000000 1.000000
v 0 0 13 1.000000 1.000000 1.000000
v -16 0 12 1.000000 1.000000 1.000000
v -15 0 12 1.000000 1.000000 1.000000
v -16 1 12 1.000000 1.000000 1.000000
v -14 0 12 1.000000 1.000000 1.000000
v -13 0 12 1.000000 1.000000 1.000000
v -12 0 12 1.000000 1.000000 1.000000
v -11 0 12 1.000000 1.000000 1.000000
v -10 0 12 1.000000 1.000000 1.000000
v -9 0 12 1.000000 1.000000 1.000000
v -8 0 12 1.000000 1.000000 1.000000
v -7 0 12 1.000000 1.000000 1.000000
v -6 0 12 1.000000 1.000000 1.000000
v -5 0 12 1.000000 1.000000 1.000000
v -4 0 12 1.000000 1.000000 1.000000
v -3 0 12 1.000000 1.000000 1.000000
v -2 0 12 1.000000 1.000000 1.000000
v -1 0 12 1.000000 1.000000 1.000000
v 0 0 12 1.000000 1.000000 1.000000
v -16 0 11 1.000000 1.000000 1.000000
v -15 0 11 1.000000 1.000000 1.000000
v -16 1 11 1.000000 1.000000 1.000000
v -14 0 11 1.000000 1.000000 1.000000
v -13 0 11 1.000000 1.000000 1.000000
v -12 0 11 1.000000 1.000000 1.000000
v -11 0 11 1.000000 1.000000 1.000000
v -10 0 11 1.000000 1.000000 1.000000
v -9 0 11 1.000000 1.000000 1.000000
v -8 0 11 1.000000 1.000000 1.000000
v -7 0 11 1.000000 1.000000 1.000000
v -6 0 11 1.000000 1.000000 1.000000
v -5 0 11 1.000000 1.000000 1.000000
v -4 0 11 1.000000 1.000000 1.000000
v -3 0 11 1.000000 1.000000 1.000000
v -2 0 11 1.000000 1.000000 1.000000
v -1 0 11 1.000000 1.000000 1.000000
v 0 0 11 1.000000 1.000000 1.000000
v -16 0 10 1.000000 1.000000 1.000000
v -15 0 10 1.000000 1.000000 1.000000
v -16 1 10 1.000000 1.000000 1.000000
v -14 0 10 1.000000 1.000000 1.000000
v -13 0 10 1.000000 1.000000 1.000000
v -12 0 10 1.000000 1.000000 1.000000
v -11 0 10 1.000000 1.000000 1.000000
v -10 0 10 1.000000 1.000000 1.000000
v -9 0 10 1.000000 1.000000 1.000000
v -8 0 10 1.000000 1.000000 1.000000
v -7 0 10 1.000000 1.000000 1.000000
v -6 0 10 1.000000 1.000000 1.000000
v -5 0 10 1.000000 1.000000 1.000000
v -4 0 10 1.000000 1.000000 1.000000
v -3 0 10 1.000000 1.000000 1.000000
v -2 0 10 1.000000 1.000000 1.000000
v -1 0 10 1.000000 1.000000 1.000000
v 0 0 10 1.000000 1.000000 1.000000
v -16 0 9 1.000000 1.000000 1.000000
v -15 0 9 1.000000 1.000000 1.000000
v -16 1 9 1.000000 1.000000 1.000000
v -14 0 9 1.000000 1.000000 1.000000
v -13 0 9 1.000000 1.000000 1.000000
v -12 0 9 1.000000 1.000000 1.000000
v -11 0 9 1.000000 1.000000 1.000000
v -10 0 9 1.000000 1.000000 1.000000
v -9 0 9 1.000000 1.000000 1.000000
v -8 0 9 1.000000 1.000000 1.000000
v -7 0 9 1.000000 1.000000 1.000000
v -6 0 9 1.000000 1.000000 1.000000
v -5 0 9 1.000000 1.000000 1.000000
v -4 0 9 1.000000 1.000000 1.000000
v -3 0 9 1.000000 1.000000 1.000000
v -2 0 9 1.000000 1.000000 1.000000
v -1 0 9 1.000000 1.000000 1.000000
v 0 0 9 1.000000 1.000000 1.000000
v -16 0 8 1.000000 1.000000 1.000000
v -15 0 8 1.000000 1.000000 1.000000
v -16 1 8 1.000000 1.000000 1.000000
v -14 0 8 1.000000 1.000000 1.000000
v -13 0 8 1.000000 1.000000 1.000000
v -12 0 8 1.000000 1.000000 1.000000
v -11 0 8 1.000000 1.000000 1.000000
v -10 0 8 1.000000 1.000000 1.000000
v -9 0 8 1.000000 1.000000 1.000000
v -8 0 8 1.000000 1.000000 1.000000
v -7 0 8 1.000000 1.000000 1.000000
v -6 0 8 1.000000 1.000000 1.000000
v -5 0 8 1.000000 1.000000 1.000000
v -4 0 8 1.000000 1.000000 1.000000
v -3 0 8 1.000000 1.000000 1.000000
v -2 0 8 1.000000 1.000000 1.000000
v -1 0 8 1.000000 1.000000 1.000000
v 0 0 8 1.000000 1.000000 1.000000
v -16 0 7 1.000000 1.000000 1.000000
v -15 0 7 1.000000 1.000000 1.000000
v -16 1 7 1.000000 1.000000 1.000000
v -14 0 7 1.000000 1.000000 1.000000
v -13 0 7 1.000000 1.000000 1.000000
v -12 0 7 1.000000 1.000000 1.000000
v -11 0 7 1.000000 1.000000 1.000000
v -10 0 7 1.000000 1.000000 1.000000
v -9 0 7 1.000000 1.000000 1.000000
v -8 0 7 1.000000 1.000000 1.000000
v -7 0 7 1.000000 1.000000 1.000000
v -6 0 7 1.000000 1.000000 1.000000
v -5 0 7 1.000000 1.000000 1.000000
v -4 0 7 1.000000 1.000000 1.000000
v -3 0 7 1.000000 1.000000 1.000000
v -2 0 7 1.000000 1.000000 1.000000
v -1 0 7 1.000000 1.000000 1.000000
v 0 0 7 1.000000 1.000000 1.000000
v -16 0 6 1.000000 1.000000 1.000000
v -15 0 6 1.000000 1.000000 1.000000
v -16 1 6 1.000000 1.000000 1.000000
v -14 0 6 1.000000 1.000000 1.000000
v -13 0 6 1.000000 1.000000 1.000000
v -12 0 6 1.000000 1.000000 1.000000
v -11 0 6 1.000000 1.000000 1.000000
v -10 0 6 1.000000 1.000000 1.000000
v -9 0 6 1.000000 1.000000 1.000000
v -8 0 6 1.000000 1.000000 1.000000
v -7 0 6 1.000000 1.000000 1.000000
v -6 0 6 1.000000 1.000000 1.000000
v -5 0 6 1.000000 1.000000 1.000000
v -4 0 6 1.000000 1.000000 1.000000
v -3 0 6 1.000000 1.000000 1.000000
v -2 0 6 1.000000 1.000000 1.000000
v -1 0 6 1.000000 1.000000 1.000000
v 0 0 6 1.000000 1.000000 1.000000
v -16 0 5 1.000000 1.000000 1.000000
v -15 0 5 1.000000 1.000000 1.000000
v -16 1 5 1.000000 1.000000 1.000000
v -14 0 5 1.000000 1.000000 1.000000
v -13 0 5 1.000000 1.000000 1.000000
v -12 0 5 1.000000 1.000000 1.000000
v -11 0 5 1.000000 1.000000 1.000000
v -10 0 5 1.000000 1.000000 1.000000
v -9 0 5 1.000000 1.000000 1.000000
v -8 0 5 1.000000 1.000000 1.000000
v -7 0 5 1.000000 1.000000 1.000000
v -6 0 5 1.000000 1.000000 1.000000
v -5 0 5 1.000000 1.000000 1.000000
v -4 0 5 1.000000 1.000000 1.000000
v -3 0 5 1.000000 1.000000 1.000000
v -2 0 5 1.000000 1.000000 1.000000
v -1 0 5 1.000000 1.000000 1.000000
v 0 0 5 1.000000 1.000000 1.000000
v -16 0 4 1.000000 1.000000 1.000000
v -15 0 4 1.000000 1.000000 1.000000
v -16 1 4 1.000000 1.000000 1.000000
v -14 0 4 1.000000 1.000000 1.000000
v -13 0 4 1.000000 1.000000 1.000000
v -12 0 4 1.000000 1.000000 1.000000
v -11 0 4 1.000000 1.000000 1.000000
v -10 0 4 1.000000 1.000000 1.000000
v -9 0 4 1.000000 1.000000 1.000000
v -8 0 4 1.000000 1.000000 1.000000
v -7 0 4 1.000000 1.000000 1.000000
v -6 0 4 1.000000 1.000000 1.000000
v -5 0 4 1.000000 1.000000 1.000000
v -4 0 4 1.000000 1.000000 1.000000
v -3 0 4 1.000000 1.000000 1.000000
v -2 0 4 1.000000 1.000000 1.000000
v -1 0 4 1.000000 1.000000 1.000000
v 0 0 4 1.000000 1.000000 1.000000
v -16 0 3 1.000000 1.000000 1.000000
v -15 0 3 1.000000 1.000000 1.000000
v -16 1 3 1.000000 1.000000 1.000000
v -14 0 3 1.000000 1.000000 1.000000
v -13 0 3 1.000000 1.000000 1.000000
v -12 0 3 1.000000 1.000000 1.000000
v -11 0 3 1.000000 1.000000 1.000000
v -10 0 3 1.000000 1.000000 1.000000
v -9 0 3 1.000000 1.000000 1.000000
v -8 0 3 1.000000 1.000000 1.000000
v -7 0 3 1.000000 1.000000 1.000000
v -6 0 3 1.000000 1.000000 1.000000
v -5 0 3 1.000000 1.000000 1.000000
v -4 0 3 1.000000 1.000000 1.000000
v -3 0 3 1.000000 1.000000 1.000000
v -2 0 3 1.000000 1.000000 1.000000
v -1 0 3 1.000000 1.000000 1.000000
v 0 0 3 1.000000 1.000000 1.000000
v -16 0 2 1.000000 1.000000 1.000000
v -15 0 2 1.000000 1.000000 1.000000
v -16 1 2 1.000000 1.000000 1.000000
v -14 0 2 1.000000 1.000000 1.000000
v -13 0 2 1.000000 1.000000 1.000000
v -12 0 2 1.000000 1.000000 1.000000
v -11 0 2 1.000000 1.000000 1.000000
v -10 0 2 1.000000 1.000000 1.000000
v -9 0 2 1.000000 1.000000 1.000000
v -8 0 2 1.000000 1.000000 1.000000
v -7 0 2 1.000000 1.000000 1.000000
v -6 0 2 1.000000 1.000000 1.000000
v -5 0 2 1.000000 1.000000 1.000000
v -4 0 2 1.000000 1.000000 1.000000
v -3 0 2 1.000000 1.000000 1.000000
v -2 0 2 1.000000 1.000000 1.000000
v -1 0 2 1.000000 1.000000 1.000000
v 0 0 2 1.000000 1.000000 1.000000
v -16 0 1 1.000000 1.000000 1.000000
v -15 0 1 1.000000 1.000000 1.000000
v -16 1 1 1.000000 1.000000 1.000000
v -14 0 1 1.000000 1.000000 1.000000
v -13 0 1 1.000000 1.000000 1.000000
v -12 0 1 1.000000 1.000000 1.000000
v -11 0 1 1.000000 1.000000 1.000000
v -10 0 1 1.000000 1.000000 1.000000
v -9 0 1 1.000000 1.000000 1.000000
v -8 0 1 1.000000 1.000000 1.000000
v -7 0 1 1.000000 1.000000 1.000000
v -6 0 1 1.000000 1.000000 1.000000
v -5 0 1 1.000000 1.000000 1.000000
v -4 0 1 1.000000 1.000000 1.000000
v -3 0 1 1.000000 1.000000 1.000000
v -2 0 1 1.000000 1.000000 1.000000
v -1 0 1 1.000000 1.000000 1.000000
v 0 0 1 1.000000 1.000000 1.000000
v -16 0 0 1.000000 1.000000 1.000000
v -15 0 0 1.000000 1.000000 1.000000
v -16 1 0 1.000000 1.000000 1.000000
v -14 0 0 1.000000 1.000000 1.000000
v -13 0 0 1.000000 1.000000 1.000000
v -12 0 0 1.000000 1.000000 1.000000
v -11 0 0 1.000000 1.000000 1.000000
v -10 0 0 1.000000 1.000000 1.000000
v -9 0 0 1.000000 1.000000 1.000000
v -8 0 0 1.000000 1.000000 1.000000
v -7 0 0 1.000000 1.000000 1.000000
v -6 0 0 1.000000 1.000000 1.000000
v -5 0 0 1.000000 1.000000 1.000000
v -4 0 0 1.000000 1.000000 1.000000
v -3 0 0 1.000000 1.000000 1.000000
v -2 0 0 1.000000 1.000000 1.000000
v -1 0 0 1.000000 1.000000 1.000000
v 0 0 0 1.000000 1.000000 1.000000
v -15 2 16 1.000000 1.000000 1.000000
v -16 2 16 1.000000 1.000000 1.000000
v -16 2 15 1.000000 1.000000 1.000000
v -14 2 16 1.000000 1.000000 1.000000
v -13 2 16 1.000000 1.000000 1.000000
v -12 2 16 1.000000 1.000000 1.000000
v -11 2 16 1.000000 1.000000 1.000000
v -10 2 16 1.000000 1.000000 1.000000
v -9 2 16 1.000000 1.000000 1.000000
v -8 2 16 1.000000 1.000000 1.000000
v -7 2 16 1.000000 1.000000 1.000000
v -6 2 16 1.000000 1.000000 1.000000
v -5 2 16 1.000000 1.000000 1.000000
v -4 2 16 1.000000 1.000000 1.000000
v -3 2 16 1.000000 1.000000 1.000000
v -2 2 16 1.000000 1.000000 1.000000
v -1 2 16 1.000000 1.000000 1.000000
v 0 2 16 1.000000 1.000000 1.000000
v -16 2 14 1.000000 1.000000 1.000000
v -16 2 13 1.000000 1.000000 1.000000
v -16 2 12 1.000000 1.000000 1.000000
v -16 2 11 1.000000 1.000000 1.000000
v -16 2 10 1.000000 1.000000 1.000000
v -16 2 9 1.000000 1.000000 1.000000
v -16 2 8 1.000000 1.000000 1.000000
v -16 2 7 1.000000 1.000000 1.000000
v -16 2 6 1.000000 1.000000 1.000000
v -16 2 5 1.000000 1.000000 1.000000
v -16 2 4 1.000000 1.000000 1.000000
v -16 2 3 1.000000 1.000000 1.000000
v -16 2 2 1.000000 1.000000 1.000000
v -16 2 1 1.000000 1.000000 1.000000
v -16 2 0 1.000000 1.000000 1.000000
v -15 3 16 1.000000 1.000000 1.000000
v -16 3 16 1.000000 1.000000 1.000000
v -16 3 15 1.000000 1.000000 1.000000
v -14 3 16 1.000000 1.000000 1.000000
v -13 3 16 1.000000 1.000000 1.000000
v -12 3 16 1.000000 1.000000 1.000000
v -11 3 16 1.000000 1.000000 1.000000
v -10 3 16 1.000000 1.000000 1.000000
v -9 3 16 1.000000 1.000000 1.000000
v -8 3 16 1.000000 1.000000 1.000000
v -7 3 16 1.000000 1.000000 1.000000
v -6 3 16 1.000000 1.000000 1.000000
v -5 3 16 1.000000 1.000000 1.000000
v -4 3 16 1.000000 1.000000 1.000000
v -3 3 16 1.000000 1.000000 1.000000
v -2 3 16 1.000000 1.000000 1.000000
v -1 3 16 1.000000 1.000000 1.000000
v 0 3 16 1.000000 1.000000 1.000000
v -16 3 14 1.000000 1.000000 1.000000
v -16 3 13 1.000000 1.000000 1.000000
v -16 3 12 1.000000 1.000000 1.000000
v -16 3 11 1.000000 1.000000 1.000000
v -16 3 10 1.000000 1.000000 1.000000
v -16 3 9 1.000000 1.000000 1.000000
v -16 3 8 1.000000 1.000000 1.000000
v -16 3 7 1.000000 1.000000 1.000000
v -16 3 6 1.000000 1.000000 1.000000
v -16 3 5 1.000000 1.000000 1.000000
v -16 3 4 1.000000 1.000000 1.000000
v -16 3 3 1.000000 1.000000 1.000000
v -16 3 2 1.000000 1.000000 1.000000
v -16 3 1 1.000000 1.000000 1.000000
v -16 3 0 1.000000 1.000000 1.000000
v -15 4 16 1.000000 1.000000 1.000000
v -16 4 16 1.000000 1.000000 1.000000
v -16 4 15 1.000000 1.000000 1.000000
v -14 4 16 1.000000 1.000000 1.000000
v -13 4 16 1.000000 1.000000 1.000000
v -12 4 16 1.000000 1.000000 1.000000
v -11 4 16 1.000000 1.000000 1.000000
v -10 4 16 1.000000 1.000000 1.000000
v -9 4 16 1.000000 1.000000 1.000000
v -8 4 16 1.000000 1.000000 1.000000
v -7 4 16 1.000000 1.000000 1.000000
v -6 4 16 1.000000 1.000000 1.000000
v -5 4 16 1.000000 1.000000 1.000000
v -4 4 16 1.000000 1.000000 1.000000
v -3 4 16 1.000000 1.000000 1.000000
v -2 4 16 1.000000 1.000000 1.000000
v -1 4 16 1.000000 1.000000 1.000000
v 0 4 16 1.000000 1.000000 1.000000
v -16 4 14 1.000000 1.000000 1.000000
v -16 4 13 1.000000 1.000000 1.000000
v -16 4 12 1.000000 1.000000 1.000000
v -16 4 11 1.000000 1.000000 1.000000
v -16 4 10 1.000000 1.000000 1.000000
v -16 4 9 1.000000 1.000000 1.000000
v -16 4 8 1.000000 1.000000 1.000000
v -16 4 7 1.000000 1.000000 1.000000
v -16 4 6 1.000000 1.000000 1.000000
v -16 4 5 1.000000 1.000000 1.000000
v -16 4 4 1.000000 1.000000 1.000000
v -16 4 3 1.000000 1.000000 1.000000
v -16 4 2 1.000000 1.000000 1.000000
v -16 4 1 1.000000 1.000000 1.000000
v -16 4 0 1.000000 1.000000 1.000000
v -15 5 16 1.000000 1.000000 1.000000
v -16 5 16 1.000000 1.000000 1.000000
v -16 5 15 1.000000 1.000000 1.000000
v -14 5 16 1.000000 1.000000 1.000000
v -13 5 16 1.000000 1.000000 1.000000
v -12 5 16 1.000000 1.000000 1.000000
v -11 5 16 1.000000 1.000000 1.000000
v -10 5 16 1.000000 1.000000 1.000000
v -9 5 16 1.000000 1.000000 1.000000
v -8 5 16 1.000000 1.000000 1.000000
v -7 5 16 1.000000 1.000000 1.000000
v -6 5 16 1.000000 1.000000 1.000000
v -5 5 16 1.000000 1.000000 1.000000
v -4 5 16 1.000000 1.000000 1.000000
v -3 5 16 1.000000 1.000000 1.000000
v -2 5 16 1.000000 1.000000 1.000000
v -1 5 16 1.000000 1.000000 1.000000
v 0 5 16 1.000000 1.000000 1.000000
v -16 5 14 1.000000 1.000000 1.000000
v -16 5 13 1.000000 1.000000 1.000000
v -16 5 12 1.000000 1.000000 1.000000
v -16 5 11 1.000000 1.000000 1.000000
v -16 5 10 1.000000 1.000000 1.000000
v -16 5 9 1.000000 1.000000 1.000000
v -16 5 8 1.000000 1.000000 1.000000
v -16 5 7 1.000000 1.000000 1.000000
v -16 5 6 1.000000 1.000000 1.000000
v -16 5 5 1.000000 1.000000 1.000000
v -16 5 4 1.000000 1.000000 1.000000
v -16 5 3 1.000000 1.000000 1.000000
v -16 5 2 1.000000 1.000000 1.000000
v -16 5 1 1.000000 1.000000 1.000000
v -16 5 0 1.000000 1.000000 1.000000
v -15 6 16 1.000000 1.000000 1.000000
v -16 6 16 1.000000 1.000000 1.000000
v -16 6 15 1.000000 1.000000 1.000000
v -14 6 16 1.000000 1.000000 1.000000
v -13 6 16 1.000000 1.000000 1.000000
v -12 6 16 1.000000 1.000000 1.000000
v -11 6 16 1.000000 1.000000 1.000000
v -10 6 16 1.000000 1.000000 1.000000
v -9 6 16 1.000000 1.000000 1.000000
v -8 6 16 1.000000 1.000000 1.000000
v -7 6 16 1.000000 1.000000 1.000000
v -6 6 16 1.000000 1.000000 1.000000
v -5 6 16 1.000000 1.000000 1.000000
v -4 6 16 1.000000 1.000000 1.000000
v -3 6 16 1.000000 1.000000 1.000000
v -2 6 16 1.000000 1.000000 1.000000
v -1 6 16 1.000000 1.000000 1.000000
v 0 6 16 1.000000 1.000000 1.000000
v -16 6 14 1.000000 1.000000 1.000000
v -16 6 13 1.000000 1.000000 1.000000
v -16 6 12 1.000000 1.000000 1.000000
v -16 6 11 1.000000 1.000000 1.000000
v -16 6 10 1.000000 1.000000 1.000000
v -16 6 9 1.000000 1.000000 1.000000
v -16 6 8 1.000000 1.000000 1.000000
v -16 6 7 1.000000 1.000000 1.000000
v -16 6 6 1.000000 1.000000 1.000000
v -16 6 5 1.000000 1.000000 1.000000
v -16 6 4 1.000000 1.000000 1.000000
v -16 6 3 1.000000 1.000000 1.000000
v -16 6 2 1.000000 1.000000 1.000000
v -16 6 1 1.000000 1.000000 1.000000
v -16 6 0 1.000000 1.000000 1.000000
v -15 7 16 1.000000 1.000000 1.000000
v -16 7 16 1.000000 1.000000 1.000000
v -16 7 15 1.000000 1.000000 1.000000
v -14 7 16 1.000000 1.000000 1.000000
v -13 7 16 1.000000 1.000000 1.000000
v -12 7 16 1.000000 1.000000 1.000000
v -11 7 16 1.000000 1.000000 1.000000
v -10 7 16 1.000000 1.000000 1.000000
v -9 7 16 1.000000 1.000000 1.000000
v -8 7 16 1.000000 1.000000 1.000000
v -7 7 16 1.000000 1.000000 1.000000
v -6 7 16 1.000000 1.000000 1.000000
v -5 7 16 1.000000 1.000000 1.000000
v -4 7 16 1.000000 1.000000 1.000000
v -3 7 16 1.000000 1.000000 1.000000
v -2 7 16 1.000000 1.000000 1.000000
v -1 7 16 1.000000 1.000000 1.000000
v 0 7 16 1.000000 1.000000 1.000000
v -16 7 14 1.000000 1.000000 1.000000
v -16 7 13 1.000000 1.000000 1.000000
v -16 7 12 1.000000 1.000000 1.000000
v -16 7 11 1.000000 1.000000 1.000000
v -16 7 10 1.000000 1.000000 1.000000
v -16 7 9 1.000000 1.000000 1.000000
v -16 7 8 1.000000 1.000000 1.000000
v -16 7 7 1.000000 1.000000 1.000000
v -16 7 6 1.000000 1.000000 1.000000
v -16 7 5 1.000000 1.000000 1.000000
v -16 7 4 1.000000 1.000000 1.000000
v -16 7 3 1.000000 1.000000 1.000000
v -16 7 2 1.000000 1.000000 1.000000
v -16 7 1 1.000000 1.000000 1.000000
v -16 7 0 1.000000 1.000000 1.000000
v -15 8 16 1.000000 1.000000 1.000000
v -16 8 16 1.000000 1.000000 1.000000
v -16 8 15 1.000000 1.000000 1.000000
v -14 8 16 1.000000 1.000000 1.000000
v -13 8 16 1.000000 1.000000 1.000000
v -12 8 16 1.000000 1.000000 1.000000
v -11 8 16 1.000000 1.000000 1.000000
v -10 8 16 1.000000 1.000000 1.000000
v -9 8 16 1.000000 1.000000 1.000000
v -8 8 16 1.000000 1.000000 1.000000
v -7 8 16 1.000000 1.000000 1.000000
v -6 8 16 1.000000 1.000000 1.000000
v -5 8 16 1.000000 1.000000 1.000000
v -4 8 16 1.000000 1.000000 1.000000
v -3 8 16 1.000000 1.000000 1.000000
v -2 8 16 1.000000 1.000000 1.000000
v -1 8 16 1.000000 1.000000 1.000000
v 0 8 16 1.000000 1.000000 1.000000
v -16 8 14 1.000000 1.000000 1.000000
v -16 8 13 1.000000 1.000000 1.000000
v -16 8 12 1.000000 1.000000 1.000000
v -16 8 11 1.000000 1.000000 1.000000
v -16 8 10 1.000000 1.000000 1.000000
v -16 8 9 1.000000 1.000000 1.000000
v -16 8 8 1.000000 1.000000 1.000000
v -16 8 7 1.000000 1.000000 1.000000
v -16 8 6 1.000000 1.000000 1.000000
v -16 8 5 1.000000 1.000000 1.000000
v -16 8 4 1.000000 1.000000 1.000000
v -16 8 3 1.000000 1.000000 1.000000
v -16 8 2 1.000000 1.000000 1.000000
v -16 8 1 1.000000 1.000000 1.000000
v -16 8 0 1.000000 1.000000 1.000000
v -15 9 16 1.000000 1.000000 1.000000
v -16 9 16 1.000000 1.000000 1.000000
v -16 9 15 1.000000 1.000000 1.000000
v -14 9 16 1.000000 1.000000 1.000000
v -13 9 16 1.000000 1.000000 1.000000
v -12 9 16 1.000000 1.000000 1.000000
v -11 9 16 1.000000 1.000000 1.000000
v -10 9 16 1.000000 1.000000 1.000000
v -9 9 16 1.000000 1.000000 1.000000
v -8 9 16 1.000000 1.000000 1.000000
v -7 9 16 1.000000 1.000000 1.000000
v -6 9 16 1.000000 1.000000 1.000000
v -5 9 16 1.000000 1.000000 1.000000
v -4 9 16 1.000000 1.000000 1.000000
v -3 9 16 1.000000 1.000000 1.000000
v -2 9 16 1.000000 1.000000 1.000000
v -1 9 16 1.000000 1.000000 1.000000
v 0 9 16 1.000000 1.000000 1.000000
v -16 9 14 1.000000 1.000000 1.000000
v -16 9 13 1.000000 1.000000 1.000000
v -16 9 12 1.000000 1.000000 1.000000
v -16 9 11 1.000000 1.000000 1.000000
v -16 9 10 1.000000 1.000000 1.000000
v -16 9 9 1.000000 1.000000 1.000000
v -16 9 8 1.000000 1.000000 1.000000
v -16 9 7 1.000000 1.000000 1.000000
v -16 9 6 1.000000 1.000000 1.000000
v -16 9 5 1.000000 1.000000 1.000000
v -16 9 4 1.000000 1.000000 1.000000
v -16 9 3 1.000000 1.000000 1.000000
v -16 9 2 1.000000 1.000000 1.000000
v -16 9 1 1.000000 1.000000 1.000000
v -16 9 0 1.000000 1.000000 1.000000
v -15 10 16 1.000000 1.000000 1.000000
v -16 10 16 1.000000 1.000000 1.000000
v -16 10 15 1.000000 1.000000 1.000000
v -14 10 16 1.000000 1.000000 1.000000
v -13 10 16 1.000000 1.000000 1.000000
v -12 10 16 1.000000 1.000000 1.000000
v -11 10 16 1.000000 1.000000 1.000000
v -10 10 16 1.000000 1.000000 1.000000
v -9 10 16 1.000000 1.000000 1.000000
v -8 10 16 1.000000 1.000000 1.000000
v -7 10 16 1.000000 1.000000 1.000000
v -6 10 16 1.000000 1.000000 1.000000
v -5 10 16 1.000000 1.000000 1.000000
v -4 10 16 1.000000 1.000000 1.000000
v -3 10 16 1.000000 1.000000 1.000000
v -2 10 16 1.000000 1.000000 1.000000
v -1 10 16 1.000000 1.000000 1.000000
v 0 10 16 1.000000 1.000000 1.000000
v -16 10 14 1.000000 1.000000 1.000000
v -16 10 13 1.000000 1.000000 1.000000
v -16 10 12 1.000000 1.000000 1.000000
v -16 10 11 1.000000 1.000000 1.000000
v -16 10 10 1.000000 1.000000 1.000000
v -16 10 9 1.000000 1.000000 1.000000
v -16 10 8 1.000000 1.000000 1.000000
v -16 10 7 1.000000 1.000000 1.000000
v -16 10 6 1.000000 1.000000 1.000000
v -16 10 5 1.000000 1.000000 1.000000
v -16 10 4 1.000000 1.000000 1.000000
v -16 10 3 1.000000 1.000000 1.000000
v -16 10 2 1.000000 1.000000 1.000000
v -16 10 1 1.000000 1.000000 1.000000
v -16 10 0 1.000000 1.000000 1.000000
v -15 11 16 1.000000 1.000000 1.000000
v -16 11 16 1.000000 1.000000 1.000000
v -16 11 15 1.000000 1.000000 1.000000
v -14 11 16 1.000000 1.000000 1.000000
v -13 11 16 1.000000 1.000000 1.000000
v -12 11 16 1.000000 1.000000 1.000000
v -11 11 16 1.000000 1.000000 1.000000
v -10 11 16 1.000000 1.000000 1.000000
v -9 11 16 1.000000 1.000000 1.000000
v -8 11 16 1.000000 1.000000 1.000000
v -7 11 16 1.000000 1.000000 1.000000
v -6 11 16 1.000000 1.000000 1.000000
v -5 11 16 1.000000 1.000000 1.000000
v -4 11 16 1.000000 1.000000 1.000000
v -3 11 16 1.000000 1.000000 1.000000
v -2 11 16 1.000000 1.000000 1.000000
v -1 11 16 1.000000 1.000000 1.000000
v 0 11 16 1.000000 1.000000 1.000000
v -16 11 14 1.000000 1.000000 1.000000
v -16 11 13 1.000000 1.000000 1.000000
v -16 11 12 1.000000 1.000000 1.000000
v -16 11 11 1.000000 1.000000 1.000000
v -16 11 10 1.000000 1.000000 1.000000
v -16 11 9 1.000000 1.000000 1.000000
v -16 11 8 1.000000 1.000000 1.000000
v -16 11 7 1.000000 1.000000 1.000000
v -16 11 6 1.000000 1.000000 1.000000
v -16 11 5 1.000000 1.000000 1.000000
v -16 11 4 1.000000 1.000000 1.000000
v -16 11 3 1.000000 1.000000 1.000000
v -16 11 2 1.000000 1.000000 1.000000
v -16 11 1 1.000000 1.000000 1.000000
v -16 11 0 1.000000 1.000000 1.000000
v -15 12 16 1.000000 1.000000 1.000000
v -16 12 16 1.000000 1.000000 1.000000
v -16 12 15 1.000000 1.000000 1.000000
v -14 12 16 1.000000 1.000000 1.000000
v -13 12 16 1.000000 1.000000 1.000000
v -12 12 16 1.000000 1.000000 1.000000
v -11 12 16 1.000000 1.000000 1.000000
v -10 12 16 1.000000 1.000000 1.000000
v -9 12 16 1.000000 1.000000 1.000000
v -8 12 16 1.000000 1.000000 1.000000
v -7 12 16 1.000000 1.000000 1.000000
v -6 12 16 1.000000 1.000000 1.000000
v -5 12 16 1.000000 1.000000 1.000000
v -4 12 16 1.000000 1.000000 1.000000
v -3 12 16 1.000000 1.000000 1.000000
v -2 12 16 1.000000 1.000000 1.000000
v -1 12 16 1.000000 1.000000 1.000000
v 0 12 16 1.000000 1.000000 1.000000
v -16 12 14 1.000000 1.000000 1.000000
v -16 12 13 1.000000 1.000000 1.000000
v -16 12 12 1.000000 1.000000 1.000000
v -16 12 11 1.000000 1.000000 1.000000
v -16 12 10 1.000000 1.000000 1.000000
v -16 12 9 1.000000 1.000000 1.000000
v -16 12 8 1.000000 1.000000 1.000000
v -16 12 7 1.000000 1.000000 1.000000
v -16 12 6 1.000000 1.000000 1.000000
v -16 12 5 1.000000 1.000000 1.000000
v -16 12 4 1.000000 1.000000 1.000000
v -16 12 3 1.000000 1.000000 1.000000
v -16 12 2 1.000000 1.000000 1.000000
v -16 12 1 1.000000 1.000000 1.000000
v -16 12 0 1.000000 1.000000 1.000000
v -15 13 16 1.000000 1.000000 1.000000
v -16 13 16 1.000000 1.000000 1.000000
v -16 13 15 1.000000 1.000000 1.000000
v -14 13 16 1.000000 1.000000 1.000000
v -13 13 16 1.000000 1.000000 1.000000
v -12 13 16 1.000000 1.000000 1.000000
v -11 13 16 1.000000 1.000000 1.000000
v -10 13 16 1.000000 1.000000 1.000000
v -9 13 16 1.000000 1.000000 1.000000
v -8 13 16 1.000000 1.000000 1.000000
v -7 13 16 1.000000 1.000000 1.000000
v -6 13 16 1.000000 1.000000 1.000000
v -5 13 16 1.000000 1.000000 1.000000
v -4 13 16 1.000000 1.000000 1.000000
v -3 13 16 1.000000 1.000000 1.000000
v -2 13 16 1.000000 1.000000 1.000000
v -1 13 16 1.000000 1.000000 1.000000
v 0 13 16 1.000000 1.000000 1.000000
v -16 13 14 1.000000 1.000000 1.000000
v -16 13 13 1.000000 1.000000 1.000000
v -16 13 12 1.000000 1.000000 1.000000
v -16 13 11 1.000000 1.000000 1.000000
v -16 13 10 1.000000 1.000000 1.000000
v -16 13 9 1.000000 1.000000 1.000000
v -16 13 8 1.000000 1.000000 1.000000
v -16 13 7 1.000000 1.000000 1.000000
v -16 13 6 1.000000 1.000000 1.000000
v -16 13 5 1.000000 1.000000 1.000000
v -16 13 4 1.000000 1.000000 1.000000
v -16 13 3 1.000000 1.000000 1.000000
v -16 13 2 1.000000 1.000000 1.000000
v -16 13 1 1.000000 1.000000 1.000000
v -16 13 0 1.000000 1.000000 1.000000
v -15 14 16 1.000000 1.000000 1.000000
v -16 14 16 1.000000 1.000000 1.000000
v -16 14 15 1.000000 1.000000 1.000000
v -14 14 16 1.000000 1.000000 1.000000
v -13 14 16 1.000000 1.000000 1.000000
v -12 14 16 1.000000 1.000000 1.000000
v -11 14 16 1.000000 1.000000 1.000000
v -10 14 16 1.000000 1.000000 1.000000
v -9 14 16 1.000000 1.000000 1.000000
v -8 14 16 1.000000 1.000000 1.000000
v -7 14 16 1.000000 1.000000 1.000000
v -6 14 16 1.000000 1.000000 1.000000
v -5 14 16 1.000000 1.000000 1.000000
v -4 14 16 1.000000 1.000000 1.000000
v -3 14 16 1.000000 1.000000 1.000000
v -2 14 16 1.000000 1.000000 1.000000
v -1 14 16 1.000000 1.000000 1.000000
v 0 14 16 1.000000 1.000000 1.000000
v -16 14 14 1.000000 1.000000 1.000000
v -16 14 13 1.000000 1.000000 1.000000
v -16 14 12 1.000000 1.000000 1.000000
v -16 14 11 1.000000 1.000000 1.000000
v -16 14 10 1.000000 1.000000 1.000000
v -16 14 9 1.000000 1.000000 1.000000
v -16 14 8 1.000000 1.000000 1.000000
v -16 14 7 1.000000 1.000000 1.000000
v -16 14 6 1.000000 1.000000 1.000000
v -16 14 5 1.000000 1.000000 1.000000
v -16 14 4 1.000000 1.000000 1.000000
v -16 14 3 1.000000 1.000000 1.000000
v -16 14 2 1.000000 1.000000 1.000000
v -16 14 1 1.000000 1.000000 1.000000
v -16 14 0 1.000000 1.000000 1.000000
v -15 15 16 1.000000 1.000000 1.000000
v -16 15 16 1.000000 1.000000 1.000000
v -16 15 15 1.000000 1.000000 1.000000
v -14 15 16 1.000000 1.000000 1.000000
v -13 15 16 1.000000 1.000000 1.000000
v -12 15 16 1.000000 1.000000 1.000000
v -11 15 16 1.000000 1.000000 1.000000
v -10 15 16 1.000000 1.000000 1.000000
v -9 15 16 1.000000 1.000000 1.000000
v -8 15 16 1.000000 1.000000 1.000000
v -7 15 16 1.000000 1.000000 1.000000
v -6 15 16 1.000000 1.000000 1.000000
v -5 15 16 1.000000 1.000000 1.000000
v -4 15 16 1.000000 1.000000 1.000000
v -3 15 16 1.000000 1.000000 1.000000
v -2 15 16 1.000000 1.000000 1.000000
v -1 15 16 1.000000 1.000000 1.000000
v 0 15 16 1.000000 1.000000 1.000000
v -16 15 14 1.000000 1.000000 1.000000
v -16 15 13 1.000000 1.000000 1.000000
v -16 15 12 1.000000 1.000000 1.000000
v -16 15 11 1.000000 1.000000 1.000000
v -16 15 10 1.000000 1.000000 1.000000
v -16 15 9 1.000000 1.000000 1.000000
v -16 15 8 1.000000 1.000000 1.000000
v -16 15 7 1.000000 1.000000 1.000000
v -16 15 6 1.000000 1.000000 1.000000
v -16 15 5 1.000000 1.000000 1.000000
v -16 15 4 1.000000 1.000000 1.000000
v -16 15 3 1.000000 1.000000 1.000000
v -16 15 2 1.000000 1.000000 1.000000
v -16 15 1 1.000000 1.000000 1.000000
v -16 15 0 1.000000 1.000000 1.000000
v -15 16 16 1.000000 1.000000 1.000000
v -16 16 16 1.000000 1.000000 1.000000
v -16 16 15 1.000000 1.000000 1.000000
v -14 16 16 1.000000 1.000000 1.000000
v -13 16 16 1.000000 1.000000 1.000000
v -12 16 16 1.000000 1.000000 1.000000
v -11 16 16 1.000000 1.000000 1.000000
v -10 16 16 1.000000 1.000000 1.000000
v -9 16 16 1.000000 1.000000 1.000000
v -8 16 16 1.000000 1.000000 1.000000
v -7 16 16 1.000000 1.000000 1.000000
v -6 16 16 1.000000 1.000000 1.000000
v -5 16 16 1.000000 1.000000 1.000000
v -4 16 16 1.000000 1.000000 1.000000
v -3 16 16 1.000000 1.000000 1.000000
v -2 16 16 1.000000 1.000000 1.000000
v -1 16 16 1.000000 1.000000 1.000000
v 0 16 16 1.000000 1.000000 1.000000
v -16 16 14 1.000000 1.000000 1.000000
v -16 16 13 1.000000 1.000000 1.000000
v -16 16 12 1.000000 1.000000 1.000000
v -16 16 11 1.000000 1.000000 1.000000
v -16 16 10 1.000000 1.000000 1.000000
v -16 16 9 1.000000 1.000000 1.000000
v -16 16 8 1.000000 1.000000 1.000000
v -16 16 7 1.000000 1.000000 1.000000
v -16 16 6 1.000000 1.000000 1.000000
v -16 16 5 1.000000 1.000000 1.000000
v -16 16 4 1.000000 1.000000 1.000000
v -16 16 3 1.000000 1.000000 1.000000
v -16 16 2 1.000000 1.000000 1.000000
v -16 16 1 1.000000 1.000000 1.000000
v -16 16 0 1.000000 1.000000 1.000000
v 1 0 16 1.000000 1.000000 1.000000
v 1 1 16 1.000000 1.000000 1.000000
v 1 0 15 1.000000 1.000000 1.000000
v 2 0 16 1.000000 1.000000 1.000000
v 2 1 16 1.000000 1.000000 1.000000
v 2 0 15 1.000000 1.000000 1.000000
v 3 0 16 1.000000 1.000000 1.000000
v 3 1 16 1.000000 1.000000 1.000000
v 3 0 15 1.000000 1.000000 1.000000
v 4 0 16 1.000000 1.000000 1.000000
v 4 1 16 1.000000 1.000000 1.000000
v 4 0 15 1.000000 1.000000 1.000000
v 5 0 16 1.000000 1.000000 1.000000
v 5 1 16 1.000000 1.000000 1.000000
v 5 0 15 1.000000 1.000000 1.000000
v 6 0 16 1.000000 1.000000 1.000000
v 6 1 16 1.000000 1.000000 1.000000
v 6 0 15 1.000000 1.000000 1.000000
v 7 0 16 1.000000 1.000000 1.000000
v 7 1 16 1.000000 1.000000 1.000000
v 7 0 15 1.000000 1.000000 1.000000
v 8 0 16 1.000000 1.000000 1.000000
v 8 1 16 1.000000 1.000000 1.000000
v 8 0 15 1.000000 1.000000 1.000000
v 9 0 16 1.000000 1.000000 1.000000
v 9 1 16 1.000000 1.000000 1.000000
v 9 0 15 1.000000 1.000000 1.000000
v 10 0 16 1.000000 1.000000 1.000000
v 10 1 16 1.000000 1.000000 1.000000
v 10 0 15 1.000000 1.000000 1.000000
v 11 0 16 1.000000 1.000000 1.000000
v 11 1 16 1.000000 1.000000 1.000000
v 11 0 15 1.000000 1.000000 1.000000
v 12 0 16 1.000000 1.000000 1.000000
v 12 1 16 1.000000 1.000000 1.000000
v 12 0 15 1.000000 1.000000 1.000000
v 13 0 16 1.000000 1.000000 1.000000
v 13 1 16 1.000000 1.000000 1.000000
v 13 0 15 1.000000 1.000000 1.000000
v 14 0 16 1.000000 1.000000 1.000000
v 14 1 16 1.000000 1.000000 1.000000
v 14 0 15 1.000000 1.000000 1.000000
v 15 0 16 1.000000 1.000000 1.000000
v 15 1 16 1.000000 1.000000 1.000000
v 15 0 15 1.000000 1.000000 1.000000
v 16 0 16 1.000000 1.000000 1.000000
v 16 1 16 1.000000 1.000000 1.000000
v 16 0 15 1.000000 1.000000 1.000000
v 16 1 15 1.000000 1.000000 1.000000
v 1 0 14 1.000000 1.000000 1.000000
v 2 0 14 1.000000 1.000000 1.000000
v 3 0 14 1.000000 1.000000 1.000000
v 4 0 14 1.000000 1.000000 1.000000
v 5 0 14 1.000000 1.000000 1.000000
v 6 0 14 1.000000 1.000000 1.000000
v 7 0 14 1.000000 1.000000 1.000000
v 8 0 14 1.000000 1.000000 1.000000
v 9 0 14 1.000000 1.000000 1.000000
v 10 0 14 1.000000 1.000000 1.000000
v 11 0 14 1.000000 1.000000 1.000000
v 12 0 14 1.000000 1.000000 1.000000
v 13 0 14 1.000000 1.000000 1.000000
v 14 0 14 1.000000 1.000000 1.000000
v 15 0 14 1.000000 1.000000 1.000000
v 16 0 14 1.000000 1.000000 1.000000
v 16 1 14 1.000000 1.000000 1.000000
v 1 0 13 1.000000 1.000000 1.000000
v 2 0 13 1.000000 1.000000 1.000000
v 3 0 13 1.000000 1.000000 1.000000
v 4 0 13 1.000000 1.000000 1.000000
v 5 0 13 1.000000 1.000000 1.000000
v 6 0 13 1.000000 1.000000 1.000000
v 7 0 13 1.000000 1.000000 1.000000
v 8 0 13 1.000000 1.000000 1.000000
v 9 0 13 1.000000 1.000000 1.000000
v 10 0 13 1.000000 1.000000 1.000000
v 11 0 13 1.000000 1.000000 1.000000
v 12 0 13 1.000000 1.000000 1.000000
v 13 0 13 1.000000 1.000000 1.000000
v 14 0 13 1.000000 1.000000 1.000000
v 15 0 13 1.000000 1.000000 1.000000
v 16 0 13 1.000000 1.000000 1.000000
v 16 1 13 1.000000 1.000000 1.000000
v 1 0 12 1.000000 1.000000 1.000000
v 2 0 12 1.000000 1.000000 1.000000
v 3 0 12 1.000000 1.000000 1.000000
v 4 0 12 1.000000 1.000000 1.000000
v 5 0 12 1.000000 1.000000 1.000000
v 6 0 12 1.000000 1.000000 1.000000
v 7 0 12 1.000000 1.000000 1.000000
v 8 0 12 1.000000 1.000000 1.000000
v 9 0 12 1.000000 1.000000 1.000000
v 10 0 12 1.000000 1.000000 1.000000
v 11 0 12 1.000000 1.000000 1.000000
v 12 0 12 1.000000 1.000000 1.000000
v 13 0 12 1.000000 1.000000 1.000000
v 14 0 12 1.000000 1.000000 1.000000
v 15 0 12 1.000000 1.000000 1.000000
v 16 0 12 1.000000 1.000000 1.000000
v 16 1 12 1.000000 1.000000 1.000000
v 1 0 11 1.000000 1.000000 1.000000
v 2 0 11 1.000000 1.000000 1.000000
v 3 0 11 1.000000 1.000000 1.000000
v 4 0 11 1.000000 1.000000 1.000000
v 5 0 11 1.000000 1.000000 1.000000
v 6 0 11 1.000000 1.000000 1.000000
v 7 0 11 1.000000 1.000000 1.000000
v 8 0 11 1.000000 1.000000 1.000000
v 9 0 11 1.000000 1.000000 1.000000
v 10 0 11 1.000000 1.000000 1.000000
v 11 0 11 1.000000 1.000000 1.000000
v 12 0 11 1.000000 1.000000 1.000000
v 13 0 11 1.000000 1.000000 1.000000
v 14 0 11 1.000000 1.000000 1.000000
v 15 0 11 1.000000 1.000000 1.000000
v 16 0 11 1.000000 1.000000 1.000000
v 16 1 11 1.000000 1.000000 1.000000
v 1 0 10 1.000000 1.000000 1.000000
v 2 0 10 1.000000 1.000000 1.000000
v 3 0 10 1.000000 1.000000 1.000000
v 4 0 10 1.000000 1.000000 1.000000
v 5 0 10 1.000000 1.000000 1.000000
v 6 0 10 1.000000 1.000000 1.000000
v 7 0 10 1.000000 1.000000 1.000000
v 8 0 10 1.000000 1.000000 1.000000
v 9 0 10 1.000000 1.000000 1.000000
v 10 0 10 1.000000 1.000000 1.000000
v 11 0 10 1.000000 1.000000 1.000000
v 12 0 10 1.000000 1.000000 1.000000
v 13 0 10 1.000000 1.000000 1.000000
v 14 0 10 1.000000 1.000000 1.000000
v 15 0 10 1.000000 1.000000 1.000000
v 16 0 10 1.000000 1.000000 1.000000
v 16 1 10 1.000000 1.000000 1.000000
v 1 0 9 1.000000 1.000000 1.000000
v 2 0 9 1.000000 1.000000 1.000000
v 3 0 9 1.000000 1.000000 1.000000
v 4 0 9 1.000000 1.000000 1.000000
v 5 0 9 1.000000 1.000000 1.000000
v 6 0 9 1.000000 1.000000 1.000000
v 7 0 9 1.000000 1.000000 1.000000
v 8 0 9 1.000000 1.000000 1.000000
v 9 0 9 1.000000 1.000000 1.000000
v 10 0 9 1.000000 1.000000 1.000000
v 11 0 9 1.000000 1.000000 1.000000
v 12 0 9 1.000000 1.000000 1.000000
v 13 0 9 1.000000 1.000000 1.000000
v 14 0 9 1.000000 1.000000 1.000000
v 15 0 9 1.000000 1.000000 1.000000
v 16 0 9 1.000000 1.000000 1.000000
v 16 1 9 1.000000 1.000000 1.000000
v 1 0 8 1.000000 1.000000 1.000000
v 2 0 8 1.000000 1.000000 1.000000
v 3 0 8 1.000000 1.000000 1.000000
v 4 0 8 1.000000 1.000000 1.000000
v 5 0 8 1.000000 1.000000 1.000000
v 6 0 8 1.000000 1.000000 1.000000
v 7 0 8 1.000000 1.000000 1.000000
v 8 0 8 1.000000 1.000000 1.000000
v 9 0 8 1.000000 1.000000 1.000000
v 10 0 8 1.000000 1.000000 1.000000
v 11 0 8 1.000000 1.000000 1.000000
v 12 0 8 1.000000 1.000000 1.000000
v 13 0 8 1.000000 1.000000 1.000000
v 14 0 8 1.000000 1.000000 1.000000
v 15 0 8 1.000000 1.000000 1.000000
v 16 0 8 1.000000 1.000000 1.000000
v 16 1 8 1.000000 1.000000 1.000000
v 1 0 7 1.000000 1.000000 1.000000
v 2 0 7 1.000000 1.000000 1.000000
v 3 0 7 1.000000 1.000000 1.000000
v 4 0 7 1.000000 1.000000 1.000000
v 5 0 7 1.000000 1.000000 1.000000
v 6 0 7 1.000000 1.000000 1.000000
v 7 0 7 1.000000 1.000000 1.000000
v 8 0 7 1.000000 1.000000 1.000000
v 9 0 7 1.000000 1.000000 1.000000
v 10 0 7 1.000000 1.000000 1.000000
v 11 0 7 1.000000 1.000000 1.000000
v 12 0 7 1.000000 1.000000 1.000000
v 13 0 7 1.000000 1.000000 1.000000
v 14 0 7 1.000000 1.000000 1.000000
v 15 0 7 1.000000 1.000000 1.000000
v 16 0 7 1.000000 1.000000 1.000000
v 16 1 7 1.000000 1.000000 1.000000
v 1 0 6 1.000000 1.000000 1.000000
v 2 0 6 1.000000 1.000000 1.000000
v 3 0 6 1.000000 1.000000 1.000000
v 4 0 6 1.000000 1.000000 1.000000
v 5 0 6 1.000000 1.000000 1.000000
v 6 0 6 1.000000 1.000000 1.000000
v 7 0 6 1.000000 1.000000 1.000000
v 8 0 6 1.000000 1.000000 1.000000
v 9 0 6 1.000000 1.000000 1.000000
v 10 0 6 1.000000 1.000000 1.000000
v 11 0 6 1.000000 1.000000 1.000000
v 12 0 6 1.000000 1.000000 1.000000
v 13 0 6 1.000000 1.000000 1.000000
v 14 0 6 1.000000 1.000000 1.000000
v 15 0 6 1.000000 1.000000 1.000000
v 16 0 6 1.000000 1.000000 1.000000
v 16 1 6 1.000000 1.000000 1.000000
v 1 0 5 1.000000 1.000000 1.000000
v 2 0 5 1.000000 1.000000 1.000000
v 3 0 5 1.000000 1.000000 1.000000
v 4 0 5 1.000000 1.000000 1.000000
v 5 0 5 1.000000 1.000000 1.000000
v 6 0 5 1.000000 1.000000 1.000000
v 7 0 5 1.000000 1.000000 1.000000
v 8 0 5 1.000000 1.000000 1.000000
v 9 0 5 1.000000 1.000000 1.000000
v 10 0 5 1.000000 1.000000 1.000000
v 11 0 5 1.000000 1.000000 1.000000
v 12 0 5 1.000000 1.000000 1.000000
v 13 0 5 1.000000 1.000000 1.000000
v 14 0 5 1.000000 1.000000 1.000000
v 15 0 5 1.000000 1.000000 1.000000
v 16 0 5 1.000000 1.000000 1.000000
v 16 1 5 1.000000 1.000000 1.000000
v 1 0 4 1.000000 1.000000 1.000000
v 2 0 4 1.000000 1.000000 1.000000
v 3 0 4 1.000000 1.000000 1.000000
v 4 0 4 1.000000 1.000000 1.000000
v 5 0 4 1.000000 1.000000 1.000000
v 6 0 4 1.000000 1.000000 1.000000
v 7 0 4 1.000000 1.000000 1.000000
v 8 0 4 1.000000 1.000000 1.000000
v 9 0 4 1.000000 1.000000 1.000000
v 10 0 4 1.000000 1.000000 1.000000
v 11 0 4 1.000000 1.000000 1.000000
v 12 0 4 1.000000 1.000000 1.000000
v 13 0 4 1.000000 1.000000 1.000000
v 14 0 4 1.000000 1.000000 1.000000
v 15 0 4 1.000000 1.000000 1.000000
v 16 0 4 1.000000 1.000000 1.000000
v 16 1 4 1.000000 1.000000 1.000000
v 1 0 3 1.000000 1.000000 1.000000
v 2 0 3 1.000000 1.000000 1.000000
v 3 0 3 1.000000 1.000000 1.000000
v 4 0 3 1.000000 1.000000 1.000000
v 5 0 3 1.000000 1.000000 1.000000
v 6 0 3 1.000000 1.000000 1.000000
v 7 0 3 1.000000 1.000000 1.000000
v 8 0 3 1.000000 1.000000 1.000000
v 9 0 3 1.000000 1.000000 1.000000
v 10 0 3 1.000000 1.000000 1.000000
v 11 0 3 1.000000 1.000000 1.000000
v 12 0 3 1.000000 1.000000 1.000000
v 13 0 3 1.000000 1.000000 1.000000
v 14 0 3 1.000000 1.000000 1.000000
v 15 0 3 1.000000 1.000000 1.000000
v 16 0 3 1.000000 1.000000 1.000000
v 16 1 3 1.000000 1.000000 1.000000
v 1 0 2 1.000000 1.000000 1.000000
v 2 0 2 1.000000 1.000000 1.000000
v 3 0 2 1.000000 1.000000 1.000000
v 4 0 2 1.000000 1.000000 1.000000
v 5 0 2 1.000000 1.000000 1.000000
v 6 0 2 1.000000 1.000000 1.000000
v 7 0 2 1.000000 1.000000 1.000000
v 8 0 2 1.000000 1.000000 1.000000
v 9 0 2 1.000000 1.000000 1.000000
v 10 0 2 1.000000 1.000000 1.000000
v 11 0 2 1.000000 1.000000 1.000000
v 12 0 2 1.000000 1.000000 1.000000
v 13 0 2 1.000000 1.000000 1.000000
v 14 0 2 1.000000 1.000000 1.000000
v 15 0 2 1.000000 1.000000 1.000000
v 16 0 2 1.000000 1.000000 1.000000
v 16 1 2 1.000000 1.000000 1.000000
v 1 0 1 1.000000 1.000000 1.000000
v 2 0 1 1.000000 1.000000 1.000000
v 3 0 1 1.000000 1.000000 1.000000
v 4 0 1 1.000000 1.000000 1.000000
v 5 0 1 1.000000 1.000000 1.000000
v 6 0 1 1.000000 1.000000 1.000000
v 7 0 1 1.000000 1.000000 1.000000
v 8 0 1 1.000000 1.000000 1.000000
v 9 0 1 1.000000 1.000000 1.000000
v 10 0 1 1.000000 1.000000 1.000000
v 11 0 1 1.000000 1.000000 1.000000
v 12 0 1 1.000000 1.000000 1.000000
v 13 0 1 1.000000 1.000000 1.000000
v 14 0 1 1.000000 1.000000 1.000000
v 15 0 1 1.000000 1.000000 1.000000
v 16 0 1 1.000000 1.000000 1.000000
v 16 1 1 1.000000 1.000000 1.000000
v 1 0 0 1.000000 1.000000 1.000000
v 2 0 0 1.000000 1.000000 1.000000
v 3 0 0 1.000000 1.000000 1.000000
v 4 0 0 1.000000 1.000000 1.000000
v 5 0 0 1.000000 1.000000 1.000000
v 6 0 0 1.000000 1.000000 1.000000
v 7 0 0 1.000000 1.000000 1.000000
v 8 0 0 1.000000 1.000000 1.000000
v 9 0 0 1.000000 1.000000 1.000000
v 10 0 0 1.000000 1.000000 1.000000
v 11 0 0 1.000000 1.000000 1.000000
v 12 0 0 1.000000 1.000000 1.000000
v 13 0 0 1.000000 1.000000 1.000000
v 14 0 0 1.000000 1.000000 1.000000
v 15 0 0 1.000000 1.000000 1.000000
v 16 0 0 1.000000 1.000000 1.000000
v 16 1 0 1.000000 1.000000 1.000000
v 0 1 16 1.000000 1.000000 1.000000
v 1 2 16 1.000000 1.000000 1.000000
v 2 2 16 1.000000 1.000000 1.000000
v 3 2 16 1.000000 1.000000 1.000000
v 4 2 16 1.000000 1.000000 1.000000
v 5 2 16 1.000000 1.000000 1.000000
v 6 2 16 1.000000 1.000000 1.000000
v 7 2 16 1.000000 1.000000 1.000000
v 8 2 16 1.000000 1.000000 1.000000
v 9 2 16 1.000000 1.000000 1.000000
v 10 2 16 1.000000 1.000000 1.000000
v 11 2 16 1.000000 1.000000 1.000000
v 12 2 16 1.000000 1.000000 1.000000
v 13 2 16 1.000000 1.000000 1.000000
v 14 2 16 1.000000 1.000000 1.000000
v 15 2 16 1.000000 1.000000 1.000000
v 16 2 16 1.000000 1.000000 1.000000
v 16 2 15 1.000000 1.000000 1.000000
v 16 2 14 1.000000 1.000000 1.000000
v 16 2 13 1.000000 1.000000 1.000000
v 16 2 12 1.000000 1.000000 1.000000
v 16 2 11 1.000000 1.000000 1.000000
v 16 2 10 1.000000 1.000000 1.000000
v 16 2 9 1.000000 1.000000 1.000000
v 16 2 8 1.000000 1.000000 1.000000
v 16 2 7 1.000000 1.000000 1.000000
v 16 2 6 1.000000 1.000000 1.000000
v 16 2 5 1.000000 1.000000 1.000000
v 16 2 4 1.000000 1.000000 1.000000
v 16 2 3 1.000000 1.000000 1.000000
v 16 2 2 1.000000 1.000000 1.000000
v 16 2 1 1.000000 1.000000 1.000000
v 16 2 0 1.000000 1.000000 1.000000
v 1 3 16 1.000000 1.000000 1.000000
v 2 3 16 1.000000 1.000000 1.000000
v 3 3 16 1.000000 1.000000 1.000000
v 4 3 16 1.000000 1.000000 1.000000
v 5 3 16 1.000000 1.000000 1.000000
v 6 3 16 1.000000 1.000000 1.000000
v 7 3 16 1.000000 1.000000 1.000000
v 8 3 16 1.000000 1.000000 1.000000
v 9 3 16 1.000000 1.000000 1.000000
v 10 3 16 1.000000 1.000000 1.000000
v 11 3 16 1.000000 1.000000 1.000000
v 12 3 16 1.000000 1.000000 1.000000
v 13 3 16 1.000000 1.000000 1.000000
v 14 3 16 1.000000 1.000000 1.000000
v 15 3 16 1.000000 1.000000 1.000000
v 16 3 16 1.000000 1.000000 1.000000
v 16 3 15 1.000000 1.000000 1.000000
v 16 3 14 1.000000 1.000000 1.000000
v 16 3 13 1.000000 1.000000 1.000000
v 16 3 12 1.000000 1.000000 1.000000
v 16 3 11 1.000000 1.000000 1.000000
v 16 3 10 1.000000 1.000000 1.000000
v 16 3 9 1.000000 1.000000 1.000000
v 16 3 8 1.000000 1.000000 1.000000
v 16 3 7 1.000000 1.000000 1.000000
v 16 3 6 1.000000 1.000000 1.000000
v 16 3 5 1.000000 1.000000 1.000000
v 16 3 4 1.000000 1.000000 1.000000
v 16 3 3 1.000000 1.000000 1.000000
v 16 3 2 1.000000 1.000000 1.000000
v 16 3 1 1.000000 1.000000 1.000000
v 16 3 0 1.000000 1.000000 1.000000
v 1 4 16 1.000000 1.000000 1.000000
v 2 4 16 1.000000 1.000000 1.000000
v 3 4 16 1.000000 1.000000 1.000000
v 4 4 16 1.000000 1.000000 1.000000
v 5 4 16 1.000000 1.000000 1.000000
v 6 4 16 1.000000 1.000000 1.000000
v 7 4 16 1.000000 1.000000 1.000000
v 8 4 16 1.000000 1.000000 1.000000
v 9 4 16 1.000000 1.000000 1.000000
v 10 4 16 1.000000 1.000000 1.000000
v 11 4 16 1.000000 1.000000 1.000000
v 12 4 16 1.000000 1.000000 1.000000
v 13 4 16 1.000000 1.000000 1.000000
v 14 4 16 1.000000 1.000000 1.000000
v 15 4 16 1.000000 1.000000 1.000000
v 16 4 16 1.000000 1.000000 1.000000
v 16 4 15 1.000000 1.000000 1.000000
v 16 4 14 1.000000 1.000000 1.000000
v 16 4 13 1.000000 1.000000 1.000000
v 16 4 12 1.000000 1.000000 1.000000
v 16 4 11 1.000000 1.000000 1.000000
v 16 4 10 1.000000 1.000000 1.000000
v 16 4 9 1.000000 1.000000 1.000000
v 16 4 8 1.000000 1.000000 1.000000
v 16 4 7 1.000000 1.000000 1.000000
v 16 4 6 1.000000 1.000000 1.000000
v 16 4 5 1.000000 1.000000 1.000000
v 16 4 4 1.000000 1.000000 1.000000
v 16 4 3 1.000000 1.000000 1.000000
v 16 4 2 1.000000 1.000000 1.000000
v 16 4 1 1.000000 1.000000 1.000000
v 16 4 0 1.000000 1.000000 1.000000
v 1 5 16 1.000000 1.000000 1.000000
v 2 5 16 1.000000 1.000000 1.000000
v 3 5 16 1.000000 1.000000 1.000000
v 4 5 16 1.000000 1.000000 1.000000
v 5 5 16 1.000000 1.000000 1.000000
v 6 5 16 1.000000 1.000000 1.000000
v 7 5 16 1.000000 1.000000 1.000000
v 8 5 16 1.000000 1.000000 1.000000
v 9 5 16 1.000000 1.000000 1.000000
v 10 5 16 1.000000 1.000000 1.000000
v 11 5 16 1.000000 1.000000 1.000000
v 12 5 16 1.000000 1.000000 1.000000
v 13 5 16 1.000000 1.000000 1.000000
v 14 5 16 1.000000 1.000000 1.000000
v 15 5 16 1.000000 1.000000 1.000000
v 16 5 16 1.000000 1.000000 1.000000
v 16 5 15 1.000000 1.000000 1.000000
v 16 5 14 1.000000 1.000000 1.000000
v 16 5 13 1.000000 1.000000 1.000000
v 16 5 12 1.000000 1.000000 1.000000
v 16 5 11 1.000000 1.000000 1.000000
v 16 5 10 1.000000 1.000000 1.000000
v 16 5 9 1.000000 1.000000 1.000000
v 16 5 8 1.000000 1.000000 1.000000
v 16 5 7 1.000000 1.000000 1.000000
v 16 5 6 1.000000 1.000000 1.000000
v 16 5 5 1.000000 1.000000 1.000000
v 16 5 4 1.000000 1.000000 1.000000
v 16 5 3 1.000000 1.000000 1.000000
v 16 5 2 1.000000 1.000000 1.000000
v 16 5 1 1.000000 1.000000 1.000000
v 16 5 0 1.000000 1.000000 1.000000
v 1 6 16 1.000000 1.000000 1.000000
v 2 6 16 1.000000 1.000000 1.000000
v 3 6 16 1.000000 1.000000 1.000000
v 4 6 16 1.000000 1.000000 1.000000
v 5 6 16 1.000000 1.000000 1.000000
v 6 6 16 1.000000 1.000000 1.000000
v 7 6 16 1.000000 1.000000 1.000000
v 8 6 16 1.000000 1.000000 1.000000
v 9 6 16 1.000000 1.000000 1.000000
v 10 6 16 1.000000 1.000000 1.000000
v 11 6 16 1.000000 1.000000 1.000000
v 12 6 16 1.000000 1.000000 1.000000
v 13 6 16 1.000000 1.000000 1.000000
v 14 6 16 1.000000 1.000000 1.000000
v 15 6 16 1.000000 1.000000 1.000000
v 16 6 16 1.000000 1.000000 1.000000
v 16 6 15 1.000000 1.000000 1.000000
v 16 6 14 1.000000 1.000000 1.000000
v 16 6 13 1.000000 1.000000 1.000000
v 16 6 12 1.000000 1.000000 1.000000
v 16 6 11 1.000000 1.000000 1.000000
v 16 6 10 1.000000 1.000000 1.000000
v 16 6 9 1.000000 1.000000 1.000000
v 16 6 8 1.000000 1.000000 1.000000
v 16 6 7 1.000000 1.000000 1.000000
v 16 6 6 1.000000 1.000000 1.000000
v 16 6 5 1.000000 1.000000 1.000000
v 16 6 4 1.000000 1.000000 1.000000
v 16 6 3 1.000000 1.000000 1.000000
v 16 6 2 1.000000 1.000000 1.000000
v 16 6 1 1.000000 1.000000 1.000000
v 16 6 0 1.000000 1.000000 1.000000
v 1 7 16 1.000000 1.000000 1.000000
v 2 7 16 1.000000 1.000000 1.000000
v 3 7 16 1.000000 1.000000 1.000000
v 4 7 16 1.000000 1.000000 1.000000
v 5 7 16 1.000000 1.000000 1.000000
v 6 7 16 1.000000 1.000000 1.000000
v 7 7 16 1.000000 1.000000 1.000000
v 8 7 16 1.000000 1.000000 1.000000
v 9 7 16 1.000000 1.000000 1.000000
v 10 7 16 1.000000 1.000000 1.000000
v 11 7 16 1.000000 1.000000 1.000000
v 12 7 16 1.000000 1.000000 1.000000
v 13 7 16 1.000000 1.000000 1.000000
v 14 7 16 1.000000 1.000000 1.000000
v 15 7 16 1.000000 1.000000 1.000000
v 16 7 16 1.000000 1.000000 1.000000
v 16 7 15 1.000000 1.000000 1.000000
v 16 7 14 1.000000 1.000000 1.000000
v 16 7 13 1.000000 1.000000 1.000000
v 16 7 12 1.000000 1.000000 1.000000
v 16 7 11 1.000000 1.000000 1.000000
v 16 7 10 1.000000 1.000000 1.000000
v 16 7 9 1.000000 1.000000 1.000000
v 16 7 8 1.000000 1.000000 1.000000
v 16 7 7 1.000000 1.000000 1.000000
v 16 7 6 1.000000 1.000000 1.000000
v 16 7 5 1.000000 1.000000 1.000000
v 16 7 4 1.000000 1.000000 1.000000
v 16 7 3 1.000000 1.000000 1.000000
v 16 7 2 1.000000 1.000000 1.000000
v 16 7 1 1.000000 1.000000 1.000000
v 16 7 0 1.000000 1.000000 1.000000
v 1 8 16 1.000000 1.000000 1.000000
v 2 8 16 1.000000 1.000000 1.000000
v 3 8 16 1.000000 1.000000 1.000000
v 4 8 16 1.000000 1.000000 1.000000
v 5 8 16 1.000000 1.000000 1.000000
v 6 8 16 1.000000 1.000000 1.000000
v 7 8 16 1.000000 1.000000 1.000000
v 8 8 16 1.000000 1.000000 1.000000
v 9 8 16 1.000000 1.000000 1.000000
v 10 8 16 1.000000 1.000000 1.000000
v 11 8 16 1.000000 1.000000 1.000000
v 12 8 16 1.000000 1.000000 1.000000
v 13 8 16 1.000000 1.000000 1.000000
v 14 8 16 1.000000 1.000000 1.000000
v 15 8 16 1.000000 1.000000 1.000000
v 16 8 16 1.000000 1.000000 1.000000
v 16 8 15 1.000000 1.000000 1.000000
v 16 8 14 1.000000 1.000000 1.000000
v 16 8 13 1.000000 1.000000 1.000000
v 16 8 12 1.000000 1.000000 1.000000
v 16 8 11 1.000000 1.000000 1.000000
v 16 8 10 1.000000 1.000000 1.000000
v 16 8 9 1.000000 1.000000 1.000000
v 16 8 8 1.000000 1.000000 1.000000
v 16 8 7 1.000000 1.000000 1.000000
v 16 8 6 1.000000 1.000000 1.000000
v 16 8 5 1.000000 1.000000 1.000000
v 16 8 4 1.000000 1.000000 1.000000
v 16 8 3 1.000000 1.000000 1.000000
v 16 8 2 1.000000 1.000000 1.000000
v 16 8 1 1.000000 1.000000 1.000000
v 16 8 0 1.000000 1.000000 1.000000
v 1 9 16 1.000000 1.000000 1.000000
v 2 9 16 1.000000 1.000000 1.000000
v 3 9 16 1.000000 1.000000 1.000000
v 4 9 16 1.000000 1.000000 1.000000
v 5 9 16 1.000000 1.000000 1.000000
v 6 9 16 1.000000 1.000000 1.000000
v 7 9 16 1.000000 1.000000 1.000000
v 8 9 16 1.000000 1.000000 1.000000
v 9 9 16 1.000000 1.000000 1.000000
v 10 9 16 1.000000 1.000000 1.000000
v 11 9 16 1.000000 1.000000 1.000000
v 12 9 16 1.000000 1.000000 1.000000
v 13 9 16 1.000000 1.000000 1.000000
v 14 9 16 1.000000 1.000000 1.000000
v 15 9 16 1.000000 1.000000 1.000000
v 16 9 16 1.000000 1.000000 1.000000
v 16 9 15 1.000000 1.000000 1.000000
v 16 9 14 1.000000 1.000000 1.000000
v 16 9 13 1.000000 1.000000 1.000000
v 16 9 12 1.000000 1.000000 1.000000
v 16 9 11 1.000000 1.000000 1.000000
v 16 9 10 1.000000 1.000000 1.000000
v 16 9 9 1.000000 1.000000 1.000000
v 16 9 8 1.000000 1.000000 1.000000
v 16 9 7 1.000000 1.000000 1.000000
v 16 9 6 1.000000 1.000000 1.000000
v 16 9 5 1.000000 1.000000 1.000000
v 16 9 4 1.000000 1.000000 1.000000
v 16 9 3 1.000000 1.000000 1.000000
v 16 9 2 1.000000 1.000000 1.000000
v 16 9 1 1.000000 1.000000 1.000000
v 16 9 0 1.000000 1.000000 1.000000
v 1 10 16 1.000000 1.000000 1.000000
v 2 10 16 1.000000 1.000000 1.000000
v 3 10 16 1.000000 1.000000 1.000000
v 4 10 16 1.000000 1.000000 1.000000
v 5 10 16 1.000000 1.000000 1.000000
v 6 10 16 1.000000 1.000000 1.000000
v 7 10 16 1.000000 1.000000 1.000000
v 8 10 16 1.000000 1.000000 1.000000
v 9 10 16 1.000000 1.000000 1.000000
v 10 10 16 1.000000 1.000000 1.000000
v 11 10 16 1.000000 1.000000 1.000000
v 12 10 16 1.000000 1.000000 1.000000
v 13 10 16 1.000000 1.000000 1.000000
v 14 10 16 1.000000 1.000000 1.000000
v 15 10 16 1.000000 1.000000 1.000000
v 16 10 16 1.000000 1.000000 1.000000
v 16 10 15 1.000000 1.000000 1.000000
v 16 10 14 1.000000 1.000000 1.000000
v 16 10 13 1.000000 1.000000 1.000000
v 16 10 12 1.000000 1.000000 1.000000
v 16 10 11 1.000000 1.000000 1.000000
v 16 10 10 1.000000 1.000000 1.000000
v 16 10 9 1.000000 1.000000 1.000000
v 16 10 8 1.000000 1.000000 1.000000
v 16 10 7 1.000000 1.000000 1.000000
v 16 10 6 1.000000 1.000000 1.000000
v 16 10 5 1.000000 1.000000 1.000000
v 16 10 4 1.000000 1.000000 1.000000
v 16 10 3 1.000000 1.000000 1.000000
v 16 10 2 1.000000 1.000000 1.000000
v 16 10 1 1.000000 1.000000 1.000000
v 16 10 0 1.000000 1.000000 1.000000
v 1 11 16 1.000000 1.000000 1.000000
v 2 11 16 1.000000 1.000000 1.000000
v 3 11 16 1.000000 1.000000 1.000000
v 4 11 16 1.000000 1.000000 1.000000
v 5 11 16 1.000000 1.000000 1.000000
v 6 11 16 1.000000 1.000000 1.000000
v 7 11 16 1.000000 1.000000 1.000000
v 8 11 16 1.000000 1.000000 1.000000
v 9 11 16 1.000000 1.000000 1.000000
v 10 11 16 1.000000 1.000000 1.000000
v 11 11 16 1.000000 1.000000 1.000000
v 12 11 16 1.000000 1.000000 1.000000
v 13 11 16 1.000000 1.000000 1.000000
v 14 11 16 1.000000 1.000000 1.000000
v 15 11 16 1.000000 1.000000 1.000000
v 16 11 16 1.000000 1.000000 1.000000
v 16 11 15 1.000000 1.000000 1.000000
v 16 11 14 1.000000 1.000000 1.000000
v 16 11 13 1.000000 1.000000 1.000000
v 16 11 12 1.000000 1.000000 1.000000
v 16 11 11 1.000000 1.000000 1.000000
v 16 11 10 1.000000 1.000000 1.000000
v 16 11 9 1.000000 1.000000 1.000000
v 16 11 8 1.000000 1.000000 1.000000
v 16 11 7 1.000000 1.000000 1.000000
v 16 11 6 1.000000 1.000000 1.000000
v 16 11 5 1.000000 1.000000 1.000000
v 16 11 4 1.000000 1.000000 1.000000
v 16 11 3 1.000000 1.000000 1.000000
v 16 11 2 1.000000 1.000000 1.000000
v 16 11 1 1.000000 1.000000 1.000000
v 16 11 0 1.000000 1.000000 1.000000
v 1 12 16 1.000000 1.000000 1.000000
v 2 12 16 1.000000 1.000000 1.000000
v 3 12 16 1.000000 1.000000 1.000000
v 4 12 16 1.000000 1.000000 1.000000
v 5 12 16 1.000000 1.000000 1.000000
v 6 12 16 1.000000 1.000000 1.000000
v 7 12 16 1.000000 1.000000 1.000000
v 8 12 16 1.000000 1.000000 1.000000
v 9 12 16 1.000000 1.000000 1.000000
v 10 12 16 1.000000 1.000000 1.000000
v 11 12 16 1.000000 1.000000 1.000000
v 12 12 16 1.000000 1.000000 1.000000
v 13 12 16 1.000000 1.000000 1.000000
v 14 12 16 1.000000 1.000000 1.000000
v 15 12 16 1.000000 1.000000 1.000000
v 16 12 16 1.000000 1.000000 1.000000
v 16 12 15 1.000000 1.000000 1.000000
v 16 12 14 1.000000 1.000000 1.000000
v 16 12 13 1.000000 1.000000 1.000000
v 16 12 12 1.000000 1.000000 1.000000
v 16 12 11 1.000000 1.000000 1.000000
v 16 12 10 1.000000 1.000000 1.000000
v 16 12 9 1.000000 1.000000 1.000000
v 16 12 8 1.000000 1.000000 1.000000
v 16 12 7 1.000000 1.000000 1.000000
v 16 12 6 1.000000 1.000000 1.000000
v 16 12 5 1.000000 1.000000 1.000000
v 16 12 4 1.000000 1.000000 1.000000
v 16 12 3 1.000000 1.000000 1.000000
v 16 12 2 1.000000 1.000000 1.000000
v 16 12 1 1.000000 1.000000 1.000000
v 16 12 0 1.000000 1.000000 1.000000
v 1 13 16 1.000000 1.000000 1.000000
v 2 13 16 1.000000 1.000000 1.000000
v 3 13 16 1.000000 1.000000 1.000000
v 4 13 16 1.000000 1.000000 1.000000
v 5 13 16 1.000000 1.000000 1.000000
v 6 13 16 1.000000 1.000000 1.000000
v 7 13 16 1.000000 1.000000 1.000000
v 8 13 16 1.000000 1.000000 1.000000
v 9 13 16 1.000000 1.000000 1.000000
v 10 13 16 1.000000 1.000000 1.000000
v 11 13 16 1.000000 1.000000 1.000000
v 12 13 16 1.000000 1.000000 1.000000
v 13 13 16 1.000000 1.000000 1.000000
v 14 13 16 1.000000 1.000000 1.000000
v 15 13 16 1.000000 1.000000 1.000000
v 16 13 16 1.000000 1.000000 1.000000
v 16 13 15 1.000000 1.000000 1.000000
v 16 13 14 1.000000 1.000000 1.000000
v 16 13 13 1.000000 1.000000 1.000000
v 16 13 12 1.000000 1.000000 1.000000
v 16 13 11 1.000000 1.000000 1.000000
v 16 13 10 1.000000 1.000000 1.000000
v 16 13 9 1.000000 1.000000 1.000000
v 16 13 8 1.000000 1.000000 1.000000
v 16 13 7 1.000000 1.000000 1.000000
v 16 13 6 1.000000 1.000000 1.000000
v 16 13 5 1.000000 1.000000 1.000000
v 16 13 4 1.000000 1.000000 1.000000
v 16 13 3 1.000000 1.000000 1.000000
v 16 13 2 1.000000 1.000000 1.000000
v 16 13 1 1.000000 1.000000 1.000000
v 16 13 0 1.000000 1.000000 1.000000
v 1 14 16 1.000000 1.000000 1.000000
v 2 14 16 1.000000 1.000000 1.000000
v 3 14 16 1.000000 1.000000 1.000000
v 4 14 16 1.000000 1.000000 1.000000
v 5 14 16 1.000000 1.000000 1.000000
v 6 14 16 1.000000 1.000000 1.000000
v 7 14 16 1.000000 1.000000 1.000000
v 8 14 16 1.000000 1.000000 1.000000
v 9 14 16 1.000000 1.000000 1.000000
v 10 14 16 1.000000 1.000000 1.000000
v 11 14 16 1.000000 1.000000 1.000000
v 12 14 16 1.000000 1.000000 1.000000
v 13 14 16 1.000000 1.000000 1.000000
v 14 14 16 1.000000 1.000000 1.000000
v 15 14 16 1.000000 1.000000 1.000000
v 16 14 16 1.000000 1.000000 1.000000
v 16 14 15 1.000000 1.000000 1.000000
v 16 14 14 1.000000 1.000000 1.000000
v 16 14 13 1.000000 1.000000 1.000000
v 16 14 12 1.000000 1.000000 1.000000
v 16 14 11 1.000000 1.000000 1.000000
v 16 14 10 1.000000 1.000000 1.000000
v 16 14 9 1.000000 1.000000 1.000000
v 16 14 8 1.000000 1.000000 1.000000
v 16 14 7 1.000000 1.000000 1.000000
v 16 14 6 1.000000 1.000000 1.000000
v 16 14 5 1.000000 1.000000 1.000000
v 16 14 4 1.000000 1.000000 1.000000
v 16 14 3 1.000000 1.000000 1.000000
v 16 14 2 1.000000 1.000000 1.000000
v 16 14 1 1.000000 1.000000 1.000000
v 16 14 0 1.000000 1.000000 1.000000
v 1 15 16 1.000000 1.000000 1.000000
v 2 15 16 1.000000 1.000000 1.000000
v 3 15 16 1.000000 1.000000 1.000000
v 4 15 16 1.000000 1.000000 1.000000
v 5 15 16 1.000000 1.000000 1.000000
v 6 15 16 1.000000 1.000000 1.000000
v 7 15 16 1.000000 1.000000 1.000000
v 8 15 16 1.000000 1.000000 1.000000
v 9 15 16 1.000000 1.000000 1.000000
v 10 15 16 1.000000 1.000000 1.000000
v 11 15 16 1.000000 1.000000 1.000000
v 12 15 16 1.000000 1.000000 1.000000
v 13 15 16 1.000000 1.000000 1.000000
v 14 15 16 1.000000 1.000000 1.000000
v 15 15 16 1.000000 1.000000 1.000000
v 16 15 16 1.000000 1.000000 1.000000
v 16 15 15 1.000000 1.000000 1.000000
v 16 15 14 1.000000 1.000000 1.000000
v 16 15 13 1.000000 1.000000 1.000000
v 16 15 12 1.000000 1.000000 1.000000
v 16 15 11 1.000000 1.000000 1.000000
v 16 15 10 1.000000 1.000000 1.000000
v 16 15 9 1.000000 1.000000 1.000000
v 16 15 8 1.000000 1.000000 1.000000
v 16 15 7 1.000000 1.000000 1.000000
v 16 15 6 1.000000 1.000000 1.000000
v 16 15 5 1.000000 1.000000 1.000000
v 16 15 4 1.000000 1.000000 1.000000
v 16 15 3 1.000000 1.000000 1.000000
v 16 15 2 1.000000 1.000000 1.000000
v 16 15 1 1.000000 1.000000 1.000000
v 16 15 0 1.000000 1.000000 1.000000
v 1 16 16 1.000000 1.000000 1.000000
v 2 16 16 1.000000 1.000000 1.000000
v 3 16 16 1.000000 1.000000 1.000000
v 4 16 16 1.000000 1.000000 1.000000
v 5 16 16 1.000000 1.000000 1.000000
v 6 16 16 1.000000 1.000000 1.000000
v 7 16 16 1.000000 1.000000 1.000000
v 8 16 16 1.000000 1.000000 1.000000
v 9 16 16 1.000000 1.000000 1.000000
v 10 16 16 1.000000 1.000000 1.000000
v 11 16 16 1.000000 1.000000 1.000000
v 12 16 16 1.000000 1.000000 1.000000
v 13 16 16 1.000000 1.000000 1.000000
v 14 16 16 1.000000 1.000000 1.000000
v 15 16 16 1.000000 1.000000 1.000000
v 16 16 16 1.000000 1.000000 1.000000
v 16 16 15 1.000000 1.000000 1.000000
v 16 16 14 1.000000 1.000000 1.000000
v 16 16 13 1.000000 1.000000 1.000000
v 16 16 12 1.000000 1.000000 1.000000
v 16 16 11 1.000000 1.000000 1.000000
v 16 16 10 1.000000 1.000000 1.000000
v 16 16 9 1.000000 1.000000 1.000000
v 16 16 8 1.000000 1.000000 1.000000
v 16 16 7 1.000000 1.000000 1.000000
v 16 16 6 1.000000 1.000000 1.000000
v 16 16 5 1.000000 1.000000 1.000000
v 16 16 4 1.000000 1.000000 1.000000
v 16 16 3 1.000000 1.000000 1.000000
v 16 16 2 1.000000 1.000000 1.000000
v 16 16 1 1.000000 1.000000 1.000000
v 16 16 0 1.000000 1.000000 1.000000
v -16 0 0 1.000000 1.000000 1.000000
v -16 0 -1 1.000000 1.000000 1.000000
v -15 0 -1 1.000000 1.000000 1.000000
v -15 0 0 1.000000 1.000000 1.000000
v -16 1 0 1.000000 1.000000 1.000000
v -16 1 -1 1.000000 1.000000 1.000000
v -14 0 -1 1.000000 1.000000 1.000000
v -14 0 0 1.000000 1.000000 1.000000
v -13 0 -1 1.000000 1.000000 1.000000
v -13 0 0 1.000000 1.000000 1.000000
v -12 0 -1 1.000000 1.000000 1.000000
v -12 0 0 1.000000 1.000000 1.000000
v -11 0 -1 1.000000 1.000000 1.000000
v -11 0 0 1.000000 1.000000 1.000000
v -10 0 -1 1.000000 1.000000 1.000000
v -10 0 0 1.000000 1.000000 1.000000
v -9 0 -1 1.000000 1.000000 1.000000
v -9 0 0 1.000000 1.000000 1.000000
v -8 0 -1 1.000000 1.000000 1.000000
v -8 0 0 1.000000 1.000000 1.000000
v -7 0 -1 1.000000 1.000000 1.000000
v -7 0 0 1.000000 1.000000 1.000000
v -6 0 -1 1.000000 1.000000 1.000000
v -6 0 0 1.000000 1.000000 1.000000
v -5 0 -1 1.000000 1.000000 1.000000
v -5 0 0 1.000000 1.000000 1.000000
v -4 0 -1 1.000000 1.000000 1.000000
v -4 0 0 1.000000 1.000000 1.000000
v -3 0 -1 1.000000 1.000000 1.000000
v -3 0 0 1.000000 1.000000 1.000000
v -2 0 -1 1.000000 1.000000 1.000000
v -2 0 0 1.000000 1.000000 1.000000
v -1 0 -1 1.000000 1.000000 1.000000
v -1 0 0 1.000000 1.000000 1.000000
v 0 0 -1 1.000000 1.000000 1.000000
v 0 0 0 1.000000 1.000000 1.000000
v -16 0 -2 1.000000 1.000000 1.000000
v -15 0 -2 1.000000 1.000000 1.000000
v -16 1 -2 1.000000 1.000000 1.000000
v -14 0 -2 1.000000 1.000000 1.000000
v -13 0 -2 1.000000 1.000000 1.000000
v -12 0 -2 1.000000 1.000000 1.000000
v -11 0 -2 1.000000 1.000000 1.000000
v -10 0 -2 1.000000 1.000000 1.000000
v -9 0 -2 1.000000 1.000000 1.000000
v -8 0 -2 1.000000 1.000000 1.000000
v -7 0 -2 1.000000 1.000000 1.000000
v -6 0 -2 1.000000 1.000000 1.000000
v -5 0 -2 1.000000 1.000000 1.000000
v -4 0 -2 1.000000 1.000000 1.000000
v -3 0 -2 1.000000 1.000000 1.000000
v -2 0 -2 1.000000 1.000000 1.000000
v -1 0 -2 1.000000 1.000000 1.000000
v 0 0 -2 1.000000 1.000000 1.000000
v -16 0 -3 1.000000 1.000000 1.000000
v -15 0 -3 1.000000 1.000000 1.000000
v -16 1 -3 1.000000 1.000000 1.000000
v -14 0 -3 1.000000 1.000000 1.000000
v -13 0 -3 1.000000 1.000000 1.000000
v -12 0 -3 1.000000 1.000000 1.000000
v -11 0 -3 1.000000 1.000000 1.000000
v -10 0 -3 1.000000 1.000000 1.000000
v -9 0 -3 1.000000 1.000000 1.000000
v -8 0 -3 1.000000 1.000000 1.000000
v -7 0 -3 1.000000 1.000000 1.000000
v -6 0 -3 1.000000 1.000000 1.000000
v -5 0 -3 1.000000 1.000000 1.000000
v -4 0 -3 1.000000 1.000000 1.000000
v -3 0 -3 1.000000 1.000000 1.000000
v -2 0 -3 1.000000 1.000000 1.000000
v -1 0 -3 1.000000 1.000000 1.000000
v 0 0 -3 1.000000 1.000000 1.000000
v -16 0 -4 1.000000 1.000000 1.000000
v -15 0 -4 1.000000 1.000000 1.000000
v -16 1 -4 1.000000 1.000000 1.000000
v -14 0 -4 1.000000 1.000000 1.000000
v -13 0 -4 1.000000 1.000000 1.000000
v -12 0 -4 1.000000 1.000000 1.000000
v -11 0 -4 1.000000 1.000000 1.000000
v -10 0 -4 1.000000 1.000000 1.000000
v -9 0 -4 1.000000 1.000000 1.000000
v -8 0 -4 1.000000 1.000000 1.000000
v -7 0 -4 1.000000 1.000000 1.000000
v -6 0 -4 1.000000 1.000000 1.000000
v -5 0 -4 1.000000 1.000000 1.000000
v -4 0 -4 1.000000 1.000000 1.000000
v -3 0 -4 1.000000 1.000000 1.000000
v -2 0 -4 1.000000 1.000000 1.000000
v -1 0 -4 1.000000 1.000000 1.000000
v 0 0 -4 1.000000 1.000000 1.000000
v -16 0 -5 1.000000 1.000000 1.000000
v -15 0 -5 1.000000 1.000000 1.000000
v -16 1 -5 1.000000 1.000000 1.000000
v -14 0 -5 1.000000 1.000000 1.000000
v -13 0 -5 1.000000 1.000000 1.000000
v -12 0 -5 1.000000 1.000000 1.000000
v -11 0 -5 1.000000 1.000000 1.000000
v -10 0 -5 1.000000 1.000000 1.000000
v -9 0 -5 1.000000 1.000000 1.000000
v -8 0 -5 1.000000 1.000000 1.000000
v -7 0 -5 1.000000 1.000000 1.000000
v -6 0 -5 1.000000 1.000000 1.000000
v -5 0 -5 1.000000 1.000000 1.000000
v -4 0 -5 1.000000 1.000000 1.000000
v -3 0 -5 1.000000 1.000000 1.000000
v -2 0 -5 1.000000 1.000000 1.000000
v -1 0 -5 1.000000 1.000000 1.000000
v 0 0 -5 1.000000 1.000000 1.000000
v -16 0 -6 1.000000 1.000000 1.000000
v -15 0 -6 1.000000 1.000000 1.000000
v -16 1 -6 1.000000 1.000000 1.000000
v -14 0 -6 1.000000 1.000000 1.000000
v -13 0 -6 1.000000 1.000000 1.000000
v -12 0 -6 1.000000 1.000000 1.000000
v -11 0 -6 1.000000 1.000000 1.000000
v -10 0 -6 1.000000 1.000000 1.000000
v -9 0 -6 1.000000 1.000000 1.000000
v -8 0 -6 1.000000 1.000000 1.000000
v -7 0 -6 1.000000 1.000000 1.000000
v -6 0 -6 1.000000 1.000000 1.000000
v -5 0 -6 1.000000 1.000000 1.000000
v -4 0 -6 1.000000 1.000000 1.000000
v -3 0 -6 1.000000 1.000000 1.000000
v -2 0 -6 1.000000 1.000000 1.000000
v -1 0 -6 1.000000 1.000000 1.000000
v 0 0 -6 1.000000 1.000000 1.000000
v -16 0 -7 1.000000 1.000000 1.000000
v -15 0 -7 1.000000 1.000000 1.000000
v -16 1 -7 1.000000 1.000000 1.000000
v -14 0 -7 1.000000 1.000000 1.000000
v -13 0 -7 1.000000 1.000000 1.000000
v -12 0 -7 1.000000 1.000000 1.000000
v -11 0 -7 1.000000 1.000000 1.000000
v -10 0 -7 1.000000 1.000000 1.000000
v -9 0 -7 1.000000 1.000000 1.000000
v -8 0 -7 1.000000 1.000000 1.000000
v -7 0 -7 1.000000 1.000000 1.000000
v -6 0 -7 1.000000 1.000000 1.000000
v -5 0 -7 1.000000 1.000000 1.000000
v -4 0 -7 1.000000 1.000000 1.000000
v -3 0 -7 1.000000 1.000000 1.000000
v -2 0 -7 1.000000 1.000000 1.000000
v -1 0 -7 1.000000 1.000000 1.000000
v 0 0 -7 1.000000 1.000000 1.000000
v -16 0 -8 1.000000 1.000000 1.000000
v -15 0 -8 1.000000 1.000000 1.000000
v -16 1 -8 1.000000 1.000000 1.000000
v -14 0 -8 1.000000 1.000000 1.000000
v -13 0 -8 1.000000 1.000000 1.000000
v -12 0 -8 1.000000 1.000000 1.000000
v -11 0 -8 1.000000 1.000000 1.000000
v -10 0 -8 1.000000 1.000000 1.000000
v -9 0 -8 1.000000 1.000000 1.000000
v -8 0 -8 1.000000 1.000000 1.000000
v -7 0 -8 1.000000 1.000000 1.000000
v -6 0 -8 1.000000 1.000000 1.000000
v -5 0 -8 1.000000 1.000000 1.000000
v -4 0 -8 1.000000 1.000000 1.000000
v -3 0 -8 1.000000 1.000000 1.000000
v -2 0 -8 1.000000 1.000000 1.000000
v -1 0 -8 1.000000 1.000000 1.000000
v 0 0 -8 1.000000 1.000000 1.000000
v -16 0 -9 1.000000 1.000000 1.000000
v -15 0 -9 1.000000 1.000000 1.000000
v -16 1 -9 1.000000 1.000000 1.000000
v -14 0 -9 1.000000 1.000000 1.000000
v -13 0 -9 1.000000 1.000000 1.000000
v -12 0 -9 1.000000 1.000000 1.000000
v -11 0 -9 1.000000 1.000000 1.000000
v -10 0 -9 1.000000 1.000000 1.000000
v -9 0 -9 1.000000 1.000000 1.000000
v -8 0 -9 1.000000 1.000000 1.000000
v -7 0 -9 1.000000 1.000000 1.000000
v -6 0 -9 1.000000 1.000000 1.000000
v -5 0 -9 1.000000 1.000000 1.000000
v -4 0 -9 1.000000 1.000000 1.000000
v -3 0 -9 1.000000 1.000000 1.000000
v -2 0 -9 1.000000 1.000000 1.000000
v -1 0 -9 1.000000 1.000000 1.000000
v 0 0 -9 1.000000 1.000000 1.000000
v -16 0 -10 1.000000 1.000000 1.000000
v -15 0 -10 1.000000 1.000000 1.000000
v -16 1 -10 1.000000 1.000000 1.000000
v -14 0 -10 1.000000 1.000000 1.000000
v -13 0 -10 1.000000 1.000000 1.000000
v -12 0 -10 1.000000 1.000000 1.000000
v -11 0 -10 1.000000 1.000000 1.000000
v -10 0 -10 1.000000 1.000000 1.000000
v -9 0 -10 1.000000 1.000000 1.000000
v -8 0 -10 1.000000 1.000000 1.000000
v -7 0 -10 1.000000 1.000000 1.000000
v -6 0 -10 1.000000 1.000000 1.000000
v -5 0 -10 1.000000 1.000000 1.000000
v -4 0 -10 1.000000 1.000000 1.000000
v -3 0 -10 1.000000 1.000000 1.000000
v -2 0 -10 1.000000 1.000000 1.000000
v -1 0 -10 1.000000 1.000000 1.000000
v 0 0 -10 1.000000 1.000000 1.000000
v -16 0 -11 1.000000 1.000000 1.000000
v -15 0 -11 1.000000 1.000000 1.000000
v -16 1 -11 1.000000 1.000000 1.000000
v -14 0 -11 1.000000 1.000000 1.000000
v -13 0 -11 1.000000 1.000000 1.000000
v -12 0 -11 1.000000 1.000000 1.000000
v -11 0 -11 1.000000 1.000000 1.000000
v -10 0 -11 1.000000 1.000000 1.000000
v -9 0 -11 1.000000 1.000000 1.000000
v -8 0 -11 1.000000 1.000000 1.000000
v -7 0 -11 1.000000 1.000000 1.000000
v -6 0 -11 1.000000 1.000000 1.000000
v -5 0 -11 1.000000 1.000000 1.000000
v -4 0 -11 1.000000 1.000000 1.000000
v -3 0 -11 1.000000 1.000000 1.000000
v -2 0 -11 1.000000 1.000000 1.000000
v -1 0 -11 1.000000 1.000000 1.000000
v 0 0 -11 1.000000 1.000000 1.000000
v -16 0 -12 1.000000 1.000000 1.000000
v -15 0 -12 1.000000 1.000000 1.000000
v -16 1 -12 1.000000 1.000000 1.000000
v -14 0 -12 1.000000 1.000000 1.000000
v -13 0 -12 1.000000 1.000000 1.000000
v -12 0 -12 1.000000 1.000000 1.000000
v -11 0 -12 1.000000 1.000000 1.000000
v -10 0 -12 1.000000 1.000000 1.000000
v -9 0 -12 1.000000 1.000000 1.000000
v -8 0 -12 1.000000 1.000000 1.000000
v -7 0 -12 1.000000 1.000000 1.000000
v -6 0 -12 1.000000 1.000000 1.000000
v -5 0 -12 1.000000 1.000000 1.000000
v -4 0 -12 1.000000 1.000000 1.000000
v -3 0 -12 1.000000 1.000000 1.000000
v -2 0 -12 1.000000 1.000000 1.000000
v -1 0 -12 1.000000 1.000000 1.000000
v 0 0 -12 1.000000 1.000000 1.000000
v -16 0 -13 1.000000 1.000000 1.000000
v -15 0 -13 1.000000 1.000000 1.000000
v -16 1 -13 1.000000 1.000000 1.000000
v -14 0 -13 1.000000 1.000000 1.000000
v -13 0 -13 1.000000 1.000000 1.000000
v -12 0 -13 1.000000 1.000000 1.000000
v -11 0 -13 1.000000 1.000000 1.000000
v -10 0 -13 1.000000 1.000000 1.000000
v -9 0 -13 1.000000 1.000000 1.000000
v -8 0 -13 1.000000 1.000000 1.000000
v -7 0 -13 1.000000 1.000000 1.000000
v -6 0 -13 1.000000 1.000000 1.000000
v -5 0 -13 1.000000 1.000000 1.000000
v -4 0 -13 1.000000 1.000000 1.000000
v -3 0 -13 1.000000 1.000000 1.000000
v -2 0 -13 1.000000 1.000000 1.000000
v -1 0 -13 1.000000 1.000000 1.000000
v 0 0 -13 1.000000 1.000000 1.000000
v -16 0 -14 1.000000 1.000000 1.000000
v -15 0 -14 1.000000 1.000000 1.000000
v -16 1 -14 1.000000 1.000000 1.000000
v -14 0 -14 1.000000 1.000000 1.000000
v -13 0 -14 1.000000 1.000000 1.000000
v -12 0 -14 1.000000 1.000000 1.000000
v -11 0 -14 1.000000 1.000000 1.000000
v -10 0 -14 1.000000 1.000000 1.000000
v -9 0 -14 1.000000 1.000000 1.000000
v -8 0 -14 1.000000 1.000000 1.000000
v -7 0 -14 1.000000 1.000000 1.000000
v -6 0 -14 1.000000 1.000000 1.000000
v -5 0 -14 1.000000 1.000000 1.000000
v -4 0 -14 1.000000 1.000000 1.000000
v -3 0 -14 1.000000 1.000000 1.000000
v -2 0 -14 1.000000 1.000000 1.000000
v -1 0 -14 1.000000 1.000000 1.000000
v 0 0 -14 1.000000 1.000000 1.000000
v -16 0 -15 1.000000 1.000000 1.000000
v -15 0 -15 1.000000 1.000000 1.000000
v -16 1 -15 1.000000 1.000000 1.000000
v -14 0 -15 1.000000 1.000000 1.000000
v -13 0 -15 1.000000 1.000000 1.000000
v -12 0 -15 1.000000 1.000000 1.000000
v -11 0 -15 1.000000 1.000000 1.000000
v -10 0 -15 1.000000 1.000000 1.000000
v -9 0 -15 1.000000 1.000000 1.000000
v -8 0 -15 1.000000 1.000000 1.000000
v -7 0 -15 1.000000 1.000000 1.000000
v -6 0 -15 1.000000 1.000000 1.000000
v -5 0 -15 1.000000 1.000000 1.000000
v -4 0 -15 1.000000 1.000000 1.000000
v -3 0 -15 1.000000 1.000000 1.000000
v -2 0 -15 1.000000 1.000000 1.000000
v -1 0 -15 1.000000 1.000000 1.000000
v 0 0 -15 1.000000 1.000000 1.000000
v -15 0 -16 1.000000 1.000000 1.000000
v -16 0 -16 1.000000 1.000000 1.000000
v -16 1 -16 1.000000 1.000000 1.000000
v -15 1 -16 1.000000 1.000000 1.000000
v -14 0 -16 1.000000 1.000000 1.000000
v -14 1 -16 1.000000 1.000000 1.000000
v -13 0 -16 1.000000 1.000000 1.000000
v -13 1 -16 1.000000 1.000000 1.000000
v -12 0 -16 1.000000 1.000000 1.000000
v -12 1 -16 1.000000 1.000000 1.000000
v -11 0 -16 1.000000 1.000000 1.000000
v -11 1 -16 1.000000 1.000000 1.000000
v -10 0 -16 1.000000 1.000000 1.000000
v -10 1 -16 1.000000 1.000000 1.000000
v -9 0 -16 1.000000 1.000000 1.000000
v -9 1 -16 1.000000 1.000000 1.000000
v -8 0 -16 1.000000 1.000000 1.000000
v -8 1 -16 1.000000 1.000000 1.000000
v -7 0 -16 1.000000 1.000000 1.000000
v -7 1 -16 1.000000 1.000000 1.000000
v -6 0 -16 1.000000 1.000000 1.000000
v -6 1 -16 1.000000 1.000000 1.000000
v -5 0 -16 1.000000 1.000000 1.000000
v -5 1 -16 1.000000 1.000000 1.000000
v -4 0 -16 1.000000 1.000000 1.000000
v -4 1 -16 1.000000 1.000000 1.000000
v -3 0 -16 1.000000 1.000000 1.000000
v -3 1 -16 1.000000 1.000000 1.000000
v -2 0 -16 1.000000 1.000000 1.000000
v -2 1 -16 1.000000 1.000000 1.000000
v -1 0 -16 1.000000 1.000000 1.000000
v -1 1 -16 1.000000 1.000000 1.000000
v 0 0 -16 1.000000 1.000000 1.000000
v 0 1 -16 1.000000 1.000000 1.000000
v -16 2 0 1.000000 1.000000 1.000000
v -16 2 -1 1.000000 1.000000 1.000000
v -16 2 -2 1.000000 1.000000 1.000000
v -16 2 -3 1.000000 1.000000 1.000000
v -16 2 -4 1.000000 1.000000 1.000000
v -16 2 -5 1.000000 1.000000 1.000000
v -16 2 -6 1.000000 1.000000 1.000000
v -16 2 -7 1.000000 1.000000 1.000000
v -16 2 -8 1.000000 1.000000 1.000000
v -16 2 -9 1.000000 1.000000 1.000000
v -16 2 -10 1.000000 1.000000 1.000000
v -16 2 -11 1.000000 1.000000 1.000000
v -16 2 -12 1.000000 1.000000 1.000000
v -16 2 -13 1.000000 1.000000 1.000000
v -16 2 -14 1.000000 1.000000 1.000000
v -16 2 -15 1.000000 1.000000 1.000000
v -16 2 -16 1.000000 1.000000 1.000000
v -15 2 -16 1.000000 1.000000 1.000000
v -14 2 -16 1.000000 1.000000 1.000000
v -13 2 -16 1.000000 1.000000 1.000000
v -12 2 -16 1.000000 1.000000 1.000000
v -11 2 -16 1.000000 1.000000 1.000000
v -10 2 -16 1.000000 1.000000 1.000000
v -9 2 -16 1.000000 1.000000 1.000000
v -8 2 -16 1.000000 1.000000 1.000000
v -7 2 -16 1.000000 1.000000 1.000000
v -6 2 -16 1.000000 1.000000 1.000000
v -5 2 -16 1.000000 1.000000 1.000000
v -4 2 -16 1.000000 1.000000 1.000000
v -3 2 -16 1.000000 1.000000 1.000000
v -2 2 -16 1.000000 1.000000 1.000000
v -1 2 -16 1.000000 1.000000 1.000000
v 0 2 -16 1.000000 1.000000 1.000000
v -16 3 0 1.000000 1.000000 1.000000
v -16 3 -1 1.000000 1.000000 1.000000
v -16 3 -2 1.000000 1.000000 1.000000
v -16 3 -3 1.000000 1.000000 1.000000
v -16 3 -4 1.000000 1.000000 1.000000
v -16 3 -5 1.000000 1.000000 1.000000
v -16 3 -6 1.000000 1.000000 1.000000
v -16 3 -7 1.000000 1.000000 1.000000
v -16 3 -8 1.000000 1.000000 1.000000
v -16 3 -9 1.000000 1.000000 1.000000
v -16 3 -10 1.000000 1.000000 1.000000
v -16 3 -11 1.000000 1.000000 1.000000
v -16 3 -12 1.000000 1.000000 1.000000
v -16 3 -13 1.000000 1.000000 1.000000
v -16 3 -14 1.000000 1.000000 1.000000
v -16 3 -15 1.000000 1.000000 1.000000
v -16 3 -16 1.000000 1.000000 1.000000
v -15 3 -16 1.000000 1.000000 1.000000
v -14 3 -16 1.000000 1.000000 1.000000
v -13 3 -16 1.000000 1.000000 1.000000
v -12 3 -16 1.000000 1.000000 1.000000
v -11 3 -16 1.000000 1.000000 1.000000
v -10 3 -16 1.000000 1.000000 1.000000
v -9 3 -16 1.000000 1.000000 1.000000
v -8 3 -16 1.000000 1.000000 1.000000
v -7 3 -16 1.000000 1.000000 1.000000
v -6 3 -16 1.000000 1.000000 1.000000
v -5 3 -16 1.000000 1.000000 1.000000
v -4 3 -16 1.000000 1.000000 1.000000
v -3 3 -16 1.000000 1.000000 1.000000
v -2 3 -16 1.000000 1.000000 1.000000
v -1 3 -16 1.000000 1.000000 1.000000
v 0 3 -16 1.000000 1.000000 1.000000
v -16 4 0 1.000000 1.000000 1.000000
v -16 4 -1 1.000000 1.000000 1.000000
v -16 4 -2 1.000000 1.000000 1.000000
v -16 4 -3 1.000000 1.000000 1.000000
v -16 4 -4 1.000000 1.000000 1.000000
v -16 4 -5 1.000000 1.000000 1.000000
v -16 4 -6 1.000000 1.000000 1.000000
v -16 4 -7 1.000000 1.000000 1.000000
v -16 4 -8 1.000000 1.000000 1.000000
v -16 4 -9 1.000000 1.000000 1.000000
v -16 4 -10 1.000000 1.000000 1.000000
v -16 4 -11 1.000000 1.000000 1.000000
v -16 4 -12 1.000000 1.000000 1.000000
v -16 4 -13 1.000000 1.000000 1.000000
v -16 4 -14 1.000000 1.000000 1.000000
v -16 4 -15 1.000000 1.000000 1.000000
v -16 4 -16 1.000000 1.000000 1.000000
v -15 4 -16 1.000000 1.000000 1.000000
v -14 4 -16 1.000000 1.000000 1.000000
v -13 4 -16 1.000000 1.000000 1.000000
v -12 4 -16 1.000000 1.000000 1.000000
v -11 4 -16 1.000000 1.000000 1.000000
v -10 4 -16 1.000000 1.000000 1.000000
v -9 4 -16 1.000000 1.000000 1.000000
v -8 4 -16 1.000000 1.000000 1.000000
v -7 4 -16 1.000000 1.000000 1.000000
v -6 4 -16 1.000000 1.000000 1.000000
v -5 4 -16 1.000000 1.000000 1.000000
v -4 4 -16 1.000000 1.000000 1.000000
v -3 4 -16 1.000000 1.000000 1.000000
v -2 4 -16 1.000000 1.000000 1.000000
v -1 4 -16 1.000000 1.000000 1.000000
v 0 4 -16 1.000000 1.000000 1.000000
v -16 5 0 1.000000 1.000000 1.000000
v -16 5 -1 1.000000 1.000000 1.000000
v -16 5 -2 1.000000 1.000000 1.000000
v -16 5 -3 1.000000 1.000000 1.000000
v -16 5 -4 1.000000 1.000000 1.000000
v -16 5 -5 1.000000 1.000000 1.000000
v -16 5 -6 1.000000 1.000000 1.000000
v -16 5 -7 1.000000 1.000000 1.000000
v -16 5 -8 1.000000 1.000000 1.000000
v -16 5 -9 1.000000 1.000000 1.000000
v -16 5 -10 1.000000 1.000000 1.000000
v -16 5 -11 1.000000 1.000000 1.000000
v -16 5 -12 1.000000 1.000000 1.000000
v -16 5 -13 1.000000 1.000000 1.000000
v -16 5 -14 1.000000 1.000000 1.000000
v -16 5 -15 1.000000 1.000000 1.000000
v -16 5 -16 1.000000 1.000000 1.000000
v -15 5 -16 1.000000 1.000000 1.000000
v -14 5 -16 1.000000 1.000000 1.000000
v -13 5 -16 1.000000 1.000000 1.000000
v -12 5 -16 1.000000 1.000000 1.000000
v -11 5 -16 1.000000 1.000000 1.000000
v -10 5 -16 1.000000 1.000000 1.000000
v -9 5 -16 1.000000 1.000000 1.000000
v -8 5 -16 1.000000 1.000000 1.000000
v -7 5 -16 1.000000 1.000000 1.000000
v -6 5 -16 1.000000 1.000000 1.000000
v -5 5 -16 1.000000 1.000000 1.000000
v -4 5 -16 1.000000 1.000000 1.000000
v -3 5 -16 1.000000 1.000000 1.000000
v -2 5 -16 1.000000 1.000000 1.000000
v -1 5 -16 1.000000 1.000000 1.000000
v 0 5 -16 1.000000 1.000000 1.000000
v -16 6 0 1.000000 1.000000 1.000000
v -16 6 -1 1.000000 1.000000 1.000000
v -16 6 -2 1.000000 1.000000 1.000000
v -16 6 -3 1.000000 1.000000 1.000000
v -16 6 -4 1.000000 1.000000 1.000000
v -16 6 -5 1.000000 1.000000 1.000000
v -16 6 -6 1.000000 1.000000 1.000000
v -16 6 -7 1.000000 1.000000 1.000000
v -16 6 -8 1.000000 1.000000 1.000000
v -16 6 -9 1.000000 1.000000 1.000000
v -16 6 -10 1.000000 1.000000 1.000000
v -16 6 -11 1.000000 1.000000 1.000000
v -16 6 -12 1.000000 1.000000 1.000000
v -16 6 -13 1.000000 1.000000 1.000000
v -16 6 -14 1.000000 1.000000 1.000000
v -16 6 -15 1.000000 1.000000 1.000000
v -16 6 -16 1.000000 1.000000 1.000000
v -15 6 -16 1.000000 1.000000 1.000000
v -14 6 -16 1.000000 1.000000 1.000000
v -13 6 -16 1.000000 1.000000 1.000000
v -12 6 -16 1.000000 1.000000 1.000000
v -11 6 -16 1.000000 1.000000 1.000000
v -10 6 -16 1.000000 1.000000 1.000000
v -9 6 -16 1.000000 1.000000 1.000000
v -8 6 -16 1.000000 1.000000 1.000000
v -7 6 -16 1.000000 1.000000 1.000000
v -6 6 -16 1.000000 1.000000 1.000000
v -5 6 -16 1.000000 1.000000 1.000000
v -4 6 -16 1.000000 1.000000 1.000000
v -3 6 -16 1.000000 1.000000 1.000000
v -2 6 -16 1.000000 1.000000 1.000000
v -1 6 -16 1.000000 1.000000 1.000000
v 0 6 -16 1.000000 1.000000 1.000000
v -16 7 0 1.000000 1.000000 1.000000
v -16 7 -1 1.000000 1.000000 1.000000
v -16 7 -2 1.000000 1.000000 1.000000
v -16 7 -3 1.000000 1.000000 1.000000
v -16 7 -4 1.000000 1.000000 1.000000
v -16 7 -5 1.000000 1.000000 1.000000
v -16 7 -6 1.000000 1.000000 1.000000
v -16 7 -7 1.000000 1.000000 1.000000
v -16 7 -8 1.000000 1.000000 1.000000
v -16 7 -9 1.000000 1.000000 1.000000
v -16 7 -10 1.000000 1.000000 1.000000
v -16 7 -11 1.000000 1.000000 1.000000
v -16 7 -12 1.000000 1.000000 1.000000
v -16 7 -13 1.000000 1.000000 1.000000
v -16 7 -14 1.000000 1.000000 1.000000
v -16 7 -15 1.000000 1.000000 1.000000
v -16 7 -16 1.000000 1.000000 1.000000
v -15 7 -16 1.000000 1.000000 1.000000
v -14 7 -16 1.000000 1.000000 1.000000
v -13 7 -16 1.000000 1.000000 1.000000
v -12 7 -16 1.000000 1.000000 1.000000
v -11 7 -16 1.000000 1.000000 1.000000
v -10 7 -16 1.000000 1.000000 1.000000
v -9 7 -16 1.000000 1.000000 1.000000
v -8 7 -16 1.000000 1.000000 1.000000
v -7 7 -16 1.000000 1.000000 1.000000
v -6 7 -16 1.000000 1.000000 1.000000
v -5 7 -16 1.000000 1.000000 1.000000
v -4 7 -16 1.000000 1.000000 1.000000
v -3 7 -16 1.000000 1.000000 1.000000
v -2 7 -16 1.000000 1.000000 1.000000
v -1 7 -16 1.000000 1.000000 1.000000
v 0 7 -16 1.000000 1.000000 1.000000
v -16 8 0 1.000000 1.000000 1.000000
v -16 8 -1 1.000000 1.000000 1.000000
v -16 8 -2 1.000000 1.000000 1.000000
v -16 8 -3 1.000000 1.000000 1.000000
v -16 8 -4 1.000000 1.000000 1.000000
v -16 8 -5 1.000000 1.000000 1.000000
v -16 8 -6 1.000000 1.000000 1.000000
v -16 8 -7 1.000000 1.000000 1.000000
v -16 8 -8 1.000000 1.000000 1.000000
v -16 8 -9 1.000000 1.000000 1.000000
v -16 8 -10 1.000000 1.000000 1.000000
v -16 8 -11 1.000000 1.000000 1.000000
v -16 8 -12 1.000000 1.000000 1.000000
v -16 8 -13 1.000000 1.000000 1.000000
v -16 8 -14 1.000000 1.000000 1.000000
v -16 8 -15 1.000000 1.000000 1.000000
v -16 8 -16 1.000000 1.000000 1.000000
v -15 8 -16 1.000000 1.000000 1.000000
v -14 8 -16 1.000000 1.000000 1.000000
v -13 8 -16 1.000000 1.000000 1.000000
v -12 8 -16 1.000000 1.000000 1.000000
v -11 8 -16 1.000000 1.000000 1.000000
v -10 8 -16 1.000000 1.000000 1.000000
v -9 8 -16 1.000000 1.000000 1.000000
v -8 8 -16 1.000000 1.000000 1.000000
v -7 8 -16 1.000000 1.000000 1.000000
v -6 8 -16 1.000000 1.000000 1.000000
v -5 8 -16 1.000000 1.000000 1.000000
v -4 8 -16 1.000000 1.000000 1.000000
v -3 8 -16 1.000000 1.000000 1.000000
v -2 8 -16 1.000000 1.000000 1.000000
v -1 8 -16 1.000000 1.000000 1.000000
v 0 8 -16 1.000000 1.000000 1.000000
v -16 9 0 1.000000 1.000000 1.000000
v -16 9 -1 1.000000 1.000000 1.000000
v -16 9 -2 1.000000 1.000000 1.000000
v -16 9 -3 1.000000 1.000000 1.000000
v -16 9 -4 1.000000 1.000000 1.000000
v -16 9 -5 1.000000 1.000000 1.000000
v -16 9 -6 1.000000 1.000000 1.000000
v -16 9 -7 1.000000 1.000000 1.000000
v -16 9 -8 1.000000 1.000000 1.000000
v -16 9 -9 1.000000 1.000000 1.000000
v -16 9 -10 1.000000 1.000000 1.000000
v -16 9 -11 1.000000 1.000000 1.000000
v -16 9 -12 1.000000 1.000000 1.000000
v -16 9 -13 1.000000 1.000000 1.000000
v -16 9 -14 1.000000 1.000000 1.000000
v -16 9 -15 1.000000 1.000000 1.000000
v -16 9 -16 1.000000 1.000000 1.000000
v -15 9 -16 1.000000 1.000000 1.000000
v -14 9 -16 1.000000 1.000000 1.000000
v -13 9 -16 1.000000 1.000000 1.000000
v -12 9 -16 1.000000 1.000000 1.000000
v -11 9 -16 1.000000 1.000000 1.000000
v -10 9 -16 1.000000 1.000000 1.000000
v -9 9 -16 1.000000 1.000000 1.000000
v -8 9 -16 1.000000 1.000000 1.000000
v -7 9 -16 1.000000 1.000000 1.000000
v -6 9 -16 1.000000 1.000000 1.000000
v -5 9 -16 1.000000 1.000000 1.000000
v -4 9 -16 1.000000 1.000000 1.000000
v -3 9 -16 1.000000 1.000000 1.000000
v -2 9 -16 1.000000 1.000000 1.000000
v -1 9 -16 1.000000 1.000000 1.000000
v 0 9 -16 1.000000 1.000000 1.000000
v -16 10 0 1.000000 1.000000 1.000000
v -16 10 -1 1.000000 1.000000 1.000000
v -16 10 -2 1.000000 1.000000 1.000000
v -16 10 -3 1.000000 1.000000 1.000000
v -16 10 -4 1.000000 1.000000 1.000000
v -16 10 -5 1.000000 1.000000 1.000000
v -16 10 -6 1.000000 1.000000 1.000000
v -16 10 -7 1.000000 1.000000 1.000000
v -16 10 -8 1.000000 1.000000 1.000000
v -16 10 -9 1.000000 1.000000 1.000000
v -16 10 -10 1.000000 1.000000 1.000000
v -16 10 -11 1.000000 1.000000 1.000000
v -16 10 -12 1.000000 1.000000 1.000000
v -16 10 -13 1.000000 1.000000 1.000000
v -16 10 -14 1.000000 1.000000 1.000000
v -16 10 -15 1.000000 1.000000 1.000000
v -16 10 -16 1.000000 1.000000 1.000000
v -15 10 -16 1.000000 1.000000 1.000000
v -14 10 -16 1.000000 1.000000 1.000000
v -13 10 -16 1.000000 1.000000 1.000000
v -12 10 -16 1.000000 1.000000 1.000000
v -11 10 -16 1.000000 1.000000 1.000000
v -10 10 -16 1.000000 1.000000 1.000000
v -9 10 -16 1.000000 1.000000 1.000000
v -8 10 -16 1.000000 1.000000 1.000000
v -7 10 -16 1.000000 1.000000 1.000000
v -6 10 -16 1.000000 1.000000 1.000000
v -5 10 -16 1.000000 1.000000 1.000000
v -4 10 -16 1.000000 1.000000 1.000000
v -3 10 -16 1.000000 1.000000 1.000000
v -2 10 -16 1.000000 1.000000 1.000000
v -1 10 -16 1.000000 1.000000 1.000000
v 0 10 -16 1.000000 1.000000 1.000000
v -16 11 0 1.000000 1.000000 1.000000
v -16 11 -1 1.000000 1.000000 1.000000
v -16 11 -2 1.000000 1.000000 1.000000
v -16 11 -3 1.000000 1.000000 1.000000
v -16 11 -4 1.000000 1.000000 1.000000
v -16 11 -5 1.000000 1.000000 1.000000
v -16 11 -6 1.000000 1.000000 1.000000
v -16 11 -7 1.000000 1.000000 1.000000
v -16 11 -8 1.000000 1.000000 1.000000
v -16 11 -9 1.000000 1.000000 1.000000
v -16 11 -10 1.000000 1.000000 1.000000
v -16 11 -11 1.000000 1.000000 1.000000
v -16 11 -12 1.000000 1.000000 1.000000
v -16 11 -13 1.000000 1.000000 1.000000
v -16 11 -14 1.000000 1.000000 1.000000
v -16 11 -15 1.000000 1.000000 1.000000
v -16 11 -16 1.000000 1.000000 1.000000
v -15 11 -16 1.000000 1.000000 1.000000
v -14 11 -16 1.000000 1.000000 1.000000
v -13 11 -16 1.000000 1.000000 1.000000
v -12 11 -16 1.000000 1.000000 1.000000
v -11 11 -16 1.000000 1.000000 1.000000
v -10 11 -16 1.000000 1.000000 1.000000
v -9 11 -16 1.000000 1.000000 1.000000
v -8 11 -16 1.000000 1.000000 1.000000
v -7 11 -16 1.000000 1.000000 1.000000
v -6 11 -16 1.000000 1.000000 1.000000
v -5 11 -16 1.000000 1.000000 1.000000
v -4 11 -16 1.000000 1.000000 1.000000
v -3 11 -16 1.000000 1.000000 1.000000
v -2 11 -16 1.000000 1.000000 1.000000
v -1 11 -16 1.000000 1.000000 1.000000
v 0 11 -16 1.000000 1.000000 1.000000
v -16 12 0 1.000000 1.000000 1.000000
v -16 12 -1 1.000000 1.000000 1.000000
v -16 12 -2 1.000000 1.000000 1.000000
v -16 12 -3 1.000000 1.000000 1.000000
v -16 12 -4 1.000000 1.000000 1.000000
v -16 12 -5 1.000000 1.000000 1.000000
v -16 12 -6 1.000000 1.000000 1.000000
v -16 12 -7 1.000000 1.000000 1.000000
v -16 12 -8 1.000000 1.000000 1.000000
v -16 12 -9 1.000000 1.000000 1.000000
v -16 12 -10 1.000000 1.000000 1.000000
v -16 12 -11 1.000000 1.000000 1.000000
v -16 12 -12 1.000000 1.000000 1.000000
v -16 12 -13 1.000000 1.000000 1.000000
v -16 12 -14 1.000000 1.000000 1.000000
v -16 12 -15 1.000000 1.000000 1.000000
v -16 12 -16 1.000000 1.000000 1.000000
v -15 12 -16 1.000000 1.000000 1.000000
v -14 12 -16 1.000000 1.000000 1.000000
v -13 12 -16 1.000000 1.000000 1.000000
v -12 12 -16 1.000000 1.000000 1.000000
v -11 12 -16 1.000000 1.000000 1.000000
v -10 12 -16 1.000000 1.000000 1.000000
v -9 12 -16 1.000000 1.000000 1.000000
v -8 12 -16 1.000000 1.000000 1.000000
v -7 12 -16 1.000000 1.000000 1.000000
v -6 12 -16 1.000000 1.000000 1.000000
v -5 12 -16 1.000000 1.000000 1.000000
v -4 12 -16 1.000000 1.000000 1.000000
v -3 12 -16 1.000000 1.000000 1.000000
v -2 12 -16 1.000000 1.000000 1.000000
v -1 12 -16 1.000000 1.000000 1.000000
v 0 12 -16 1.000000 1.000000 1.000000
v -16 13 0 1.000000 1.000000 1.000000
v -16 13 -1 1.000000 1.000000 1.000000
v -16 13 -2 1.000000 1.000000 1.000000
v -16 13 -3 1.000000 1.000000 1.000000
v -16 13 -4 1.000000 1.000000 1.000000
v -16 13 -5 1.000000 1.000000 1.000000
v -16 13 -6 1.000000 1.000000 1.000000
v -16 13 -7 1.000000 1.000000 1.000000
v -16 13 -8 1.000000 1.000000 1.000000
v -16 13 -9 1.000000 1.000000 1.000000
v -16 13 -10 1.000000 1.000000 1.000000
v -16 13 -11 1.000000 1.000000 1.000000
v -16 13 -12 1.000000 1.000000 1.000000
v -16 13 -13 1.000000 1.000000 1.000000
v -16 13 -14 1.000000 1.000000 1.000000
v -16 13 -15 1.000000 1.000000 1.000000
v -16 13 -16 1.000000 1.000000 1.000000
v -15 13 -16 1.000000 1.000000 1.000000
v -14 13 -16 1.000000 1.000000 1.000000
v -13 13 -16 1.000000 1.000000 1.000000
v -12 13 -16 1.000000 1.000000 1.000000
v -11 13 -16 1.000000 1.000000 1.000000
v -10 13 -16 1.000000 1.000000 1.000000
v -9 13 -16 1.000000 1.000000 1.000000
v -8 13 -16 1.000000 1.000000 1.000000
v -7 13 -16 1.000000 1.000000 1.000000
v -6 13 -16 1.000000 1.000000 1.000000
v -5 13 -16 1.000000 1.000000 1.000000
v -4 13 -16 1.000000 1.000000 1.000000
v -3 13 -16 1.000000 1.000000 1.000000
v -2 13 -16 1.000000 1.000000 1.000000
v -1 13 -16 1.000000 1.000000 1.000000
v 0 13 -16 1.000000 1.000000 1.000000
v -16 14 0 1.000000 1.000000 1.000000
v -16 14 -1 1.000000 1.000000 1.000000
v -16 14 -2 1.000000 1.000000 1.000000
v -16 14 -3 1.000000 1.000000 1.000000
v -16 14 -4 1.000000 1.000000 1.000000
v -16 14 -5 1.000000 1.000000 1.000000
v -16 14 -6 1.000000 1.000000 1.000000
v -16 14 -7 1.000000 1.000000 1.000000
v -16 14 -8 1.000000 1.000000 1.000000
v -16 14 -9 1.000000 1.000000 1.000000
v -16 14 -10 1.000000 1.000000 1.000000
v -16 14 -11 1.000000 1.000000 1.000000
v -16 14 -12 1.000000 1.000000 1.000000
v -16 14 -13 1.000000 1.000000 1.000000
v -16 14 -14 1.000000 1.000000 1.000000
v -16 14 -15 1.000000 1.000000 1.000000
v -16 14 -16 1.000000 1.000000 1.000000
v -15 14 -16 1.000000 1.000000 1.000000
v -14 14 -16 1.000000 1.000000 1.000000
v -13 14 -16 1.000000 1.000000 1.000000
v -12 14 -16 1.000000 1.000000 1.000000
v -11 14 -16 1.000000 1.000000 1.000000
v -10 14 -16 1.000000 1.000000 1.000000
v -9 14 -16 1.000000 1.000000 1.000000
v -8 14 -16 1.000000 1.000000 1.000000
v -7 14 -16 1.000000 1.000000 1.000000
v -6 14 -16 1.000000 1.000000 1.000000
v -5 14 -16 1.000000 1.000000 1.000000
v -4 14 -16 1.000000 1.000000 1.000000
v -3 14 -16 1.000000 1.000000 1.000000
v -2 14 -16 1.000000 1.000000 1.000000
v -1 14 -16 1.000000 1.000000 1.000000
v 0 14 -16 1.000000 1.000000 1.000000
v -16 15 0 1.000000 1.000000 1.000000
v -16 15 -1 1.000000 1.000000 1.000000
v -16 15 -2 1.000000 1.000000 1.000000
v -16 15 -3 1.000000 1.000000 1.000000
v -16 15 -4 1.000000 1.000000 1.000000
v -16 15 -5 1.000000 1.000000 1.000000
v -16 15 -6 1.000000 1.000000 1.000000
v -16 15 -7 1.000000 1.000000 1.000000
v -16 15 -8 1.000000 1.000000 1.000000
v -16 15 -9 1.000000 1.000000 1.000000
v -16 15 -10 1.000000 1.000000 1.000000
v -16 15 -11 1.000000 1.000000 1.000000
v -16 15 -12 1.000000 1.000000 1.000000
v -16 15 -13 1.000000 1.000000 1.000000
v -16 15 -14 1.000000 1.000000 1.000000
v -16 15 -15 1.000000 1.000000 1.000000
v -16 15 -16 1.000000 1.000000 1.000000
v -15 15 -16 1.000000 1.000000 1.000000
v -14 15 -16 1.000000 1.000000 1.000000
v -13 15 -16 1.000000 1.000000 1.000000
v -12 15 -16 1.000000 1.000000 1.000000
v -11 15 -16 1.000000 1.000000 1.000000
v -10 15 -16 1.000000 1.000000 1.000000
v -9 15 -16 1.000000 1.000000 1.000000
v -8 15 -16 1.000000 1.000000 1.000000
v -7 15 -16 1.000000 1.000000 1.000000
v -6 15 -16 1.000000 1.000000 1.000000
v -5 15 -16 1.000000 1.000000 1.000000
v -4 15 -16 1.000000 1.000000 1.000000
v -3 15 -16 1.000000 1.000000 1.000000
v -2 15 -16 1.000000 1.000000 1.000000
v -1 15 -16 1.000000 1.000000 1.000000
v 0 15 -16 1.000000 1.000000 1.000000
v -16 16 0 1.000000 1.000000 1.000000
v -16 16 -1 1.000000 1.000000 1.000000
v -16 16 -2 1.000000 1.000000 1.000000
v -16 16 -3 1.000000 1.000000 1.000000
v -16 16 -4 1.000000 1.000000 1.000000
v -16 16 -5 1.000000 1.000000 1.000000
v -16 16 -6 1.000000 1.000000 1.000000
v -16 16 -7 1.000000 1.000000 1.000000
v -16 16 -8 1.000000 1.000000 1.000000
v -16 16 -9 1.000000 1.000000 1.000000
v -16 16 -10 1.000000 1.000000 1.000000
v -16 16 -11 1.000000 1.000000 1.000000
v -16 16 -12 1.000000 1.000000 1.000000
v -16 16 -13 1.000000 1.000000 1.000000
v -16 16 -14 1.000000 1.000000 1.000000
v -16 16 -15 1.000000 1.000000 1.000000
v -16 16 -16 1.000000 1.000000 1.000000
v -15 16 -16 1.000000 1.000000 1.000000
v -14 16 -16 1.000000 1.000000 1.000000
v -13 16 -16 1.000000 1.000000 1.000000
v -12 16 -16 1.000000 1.000000 1.000000
v -11 16 -16 1.000000 1.000000 1.000000
v -10 16 -16 1.000000 1.000000 1.000000
v -9 16 -16 1.000000 1.000000 1.000000
v -8 16 -16 1.000000 1.000000 1.000000
v -7 16 -16 1.000000 1.000000 1.000000
v -6 16 -16 1.000000 1.000000 1.000000
v -5 16 -16 1.000000 1.000000 1.000000
v -4 16 -16 1.000000 1.000000 1.000000
v -3 16 -16 1.000000 1.000000 1.000000
v -2 16 -16 1.000000 1.000000 1.000000
v -1 16 -16 1.000000 1.000000 1.000000
v 0 16 -16 1.000000 1.000000 1.000000
v 1 0 -1 1.000000 1.000000 1.000000
v 1 0 0 1.000000 1.000000 1.000000
v 2 0 -1 1.000000 1.000000 1.000000
v 2 0 0 1.000000 1.000000 1.000000
v 3 0 -1 1.000000 1.000000 1.000000
v 3 0 0 1.000000 1.000000 1.000000
v 4 0 -1 1.000000 1.000000 1.000000
v 4 0 0 1.000000 1.000000 1.000000
v 5 0 -1 1.000000 1.000000 1.000000
v 5 0 0 1.000000 1.000000 1.000000
v 6 0 -1 1.000000 1.000000 1.000000
v 6 0 0 1.000000 1.000000 1.000000
v 7 0 -1 1.000000 1.000000 1.000000
v 7 0 0 1.000000 1.000000 1.000000
v 8 0 -1 1.000000 1.000000 1.000000
v 8 0 0 1.000000 1.000000 1.000000
v 9 0 -1 1.000000 1.000000 1.000000
v 9 0 0 1.000000 1.000000 1.000000
v 10 0 -1 1.000000 1.000000 1.000000
v 10 0 0 1.000000 1.000000 1.000000
v 11 0 -1 1.000000 1.000000 1.000000
v 11 0 0 1.000000 1.000000 1.000000
v 12 0 -1 1.000000 1.000000 1.000000
v 12 0 0 1.000000 1.000000 1.000000
v 13 0 -1 1.000000 1.000000 1.000000
v 13 0 0 1.000000 1.000000 1.000000
v 14 0 -1 1.000000 1.000000 1.000000
v 14 0 0 1.000000 1.000000 1.000000
v 15 0 -1 1.000000 1.000000 1.000000
v 15 0 0 1.000000 1.000000 1.000000
v 16 0 -1 1.000000 1.000000 1.000000
v 16 0 0 1.000000 1.000000 1.000000
v 16 1 -1 1.000000 1.000000 1.000000
v 16 1 0 1.000000 1.000000 1.000000
v 1 0 -2 1.000000 1.000000 1.000000
v 2 0 -2 1.000000 1.000000 1.000000
v 3 0 -2 1.000000 1.000000 1.000000
v 4 0 -2 1.000000 1.000000 1.000000
v 5 0 -2 1.000000 1.000000 1.000000
v 6 0 -2 1.000000 1.000000 1.000000
v 7 0 -2 1.000000 1.000000 1.000000
v 8 0 -2 1.000000 1.000000 1.000000
v 9 0 -2 1.000000 1.000000 1.000000
v 10 0 -2 1.000000 1.000000 1.000000
v 11 0 -2 1.000000 1.000000 1.000000
v 12 0 -2 1.000000 1.000000 1.000000
v 13 0 -2 1.000000 1.000000 1.000000
v 14 0 -2 1.000000 1.000000 1.000000
v 15 0 -2 1.000000 1.000000 1.000000
v 16 0 -2 1.000000 1.000000 1.000000
v 16 1 -2 1.000000 1.000000 1.000000
v 1 0 -3 1.000000 1.000000 1.000000
v 2 0 -3 1.000000 1.000000 1.000000
v 3 0 -3 1.000000 1.000000 1.000000
v 4 0 -3 1.000000 1.000000 1.000000
v 5 0 -3 1.000000 1.000000 1.000000
v 6 0 -3 1.000000 1.000000 1.000000
v 7 0 -3 1.000000 1.000000 1.000000
v 8 0 -3 1.000000 1.000000 1.000000
v 9 0 -3 1.000000 1.000000 1.000000
v 10 0 -3 1.000000 1.000000 1.000000
v 11 0 -3 1.000000 1.000000 1.000000
v 12 0 -3 1.000000 1.000000 1.000000
v 13 0 -3 1.000000 1.000000 1.000000
v 14 0 -3 1.000000 1.000000 1.000000
v 15 0 -3 1.000000 1.000000 1.000000
v 16 0 -3 1.000000 1.000000 1.000000
v 16 1 -3 1.000000 1.000000 1.000000
v 1 0 -4 1.000000 1.000000 1.000000
v 2 0 -4 1.000000 1.000000 1.000000
v 3 0 -4 1.000000 1.000000 1.000000
v 4 0 -4 1.000000 1.000000 1.000000
v 5 0 -4 1.000000 1.000000 1.000000
v 6 0 -4 1.000000 1.000000 1.000000
v 7 0 -4 1.000000 1.000000 1.000000
v 8 0 -4 1.000000 1.000000 1.000000
v 9 0 -4 1.000000 1.000000 1.000000
v 10 0 -4 1.000000 1.000000 1.000000
v 11 0 -4 1.000000 1.000000 1.000000
v 12 0 -4 1.000000 1.000000 1.000000
v 13 0 -4 1.000000 1.000000 1.000000
v 14 0 -4 1.000000 1.000000 1.000000
v 15 0 -4 1.000000 1.000000 1.000000
v 16 0 -4 1.000000 1.000000 1.000000
v 16 1 -4 1.000000 1.000000 1.000000
v 1 0 -5 1.000000 1.000000 1.000000
v 2 0 -5 1.000000 1.000000 1.000000
v 3 0 -5 1.000000 1.000000 1.000000
v 4 0 -5 1.000000 1.000000 1.000000
v 5 0 -5 1.000000 1.000000 1.000000
v 6 0 -5 1.000000 1.000000 1.000000
v 7 0 -5 1.000000 1.000000 1.000000
v 8 0 -5 1.000000 1.000000 1.000000
v 9 0 -5 1.000000 1.000000 1.000000
v 10 0 -5 1.000000 1.000000 1.000000
v 11 0 -5 1.000000 1.000000 1.000000
v 12 0 -5 1.000000 1.000000 1.000000
v 13 0 -5 1.000000 1.000000 1.000000
v 14 0 -5 1.000000 1.000000 1.000000
v 15 0 -5 1.000000 1.000000 1.000000
v 16 0 -5 1.000000 1.000000 1.000000
v 16 1 -5 1.000000 1.000000 1.000000
v 1 0 -6 1.000000 1.000000 1.000000
v 2 0 -6 1.000000 1.000000 1.000000
v 3 0 -6 1.000000 1.000000 1.000000
v 4 0 -6 1.000000 1.000000 1.000000
v 5 0 -6 1.000000 1.000000 1.000000
v 6 0 -6 1.000000 1.000000 1.000000
v 7 0 -6 1.000000 1.000000 1.000000
v 8 0 -6 1.000000 1.000000 1.000000
v 9 0 -6 1.000000 1.000000 1.000000
v 10 0 -6 1.000000 1.000000 1.000000
v 11 0 -6 1.000000 1.000000 1.000000
v 12 0 -6 1.000000 1.000000 1.000000
v 13 0 -6 1.000000 1.000000 1.000000
v 14 0 -6 1.000000 1.000000 1.000000
v 15 0 -6 1.000000 1.000000 1.000000
v 16 0 -6 1.000000 1.000000 1.000000
v 16 1 -6 1.000000 1.000000 1.000000
v 1 0 -7 1.000000 1.000000 1.000000
v 2 0 -7 1.000000 1.000000 1.000000
v 3 0 -7 1.000000 1.000000 1.000000
v 4 0 -7 1.000000 1.000000 1.000000
v 5 0 -7 1.000000 1.000000 1.000000
v 6 0 -7 1.000000 1.000000 1.000000
v 7 0 -7 1.000000 1.000000 1.000000
v 8 0 -7 1.000000 1.000000 1.000000
v 9 0 -7 1.000000 1.000000 1.000000
v 10 0 -7 1.000000 1.000000 1.000000
v 11 0 -7 1.000000 1.000000 1.000000
v 12 0 -7 1.000000 1.000000 1.000000
v 13 0 -7 1.000000 1.000000 1.000000
v 14 0 -7 1.000000 1.000000 1.000000
v 15 0 -7 1.000000 1.000000 1.000000
v 16 0 -7 1.000000 1.000000 1.000000
v 16 1 -7 1.000000 1.000000 1.000000
v 1 0 -8 1.000000 1.000000 1.000000
v 2 0 -8 1.000000 1.000000 1.000000
v 3 0 -8 1.000000 1.000000 1.000000
v 4 0 -8 1.000000 1.000000 1.000000
v 5 0 -8 1.000000 1.000000 1.000000
v 6 0 -8 1.000000 1.000000 1.000000
v 7 0 -8 1.000000 1.000000 1.000000
v 8 0 -8 1.000000 1.000000 1.000000
v 9 0 -8 1.000000 1.000000 1.000000
v 10 0 -8 1.000000 1.000000 1.000000
v 11 0 -8 1.000000 1.000000 1.000000
v 12 0 -8 1.000000 1.000000 1.000000
v 13 0 -8 1.000000 1.000000 1.000000
v 14 0 -8 1.000000 1.000000 1.000000
v 15 0 -8 1.000000 1.000000 1.000000
v 16 0 -8 1.000000 1.000000 1.000000
v 16 1 -8 1.000000 1.000000 1.000000
v 1 0 -9 1.000000 1.000000 1.000000
v 2 0 -9 1.000000 1.000000 1.000000
v 3 0 -9 1.000000 1.000000 1.000000
v 4 0 -9 1.000000 1.000000 1.000000
v 5 0 -9 1.000000 1.000000 1.000000
v 6 0 -9 1.000000 1.000000 1.000000
v 7 0 -9 1.000000 1.000000 1.000000
v 8 0 -9 1.000000 1.000000 1.000000
v 9 0 -9 1.000000 1.000000 1.000000
v 10 0 -9 1.000000 1.000000 1.000000
v 11 0 -9 1.000000 1.000000 1.000000
v 12 0 -9 1.000000 1.000000 1.000000
v 13 0 -9 1.000000 1.000000 1.000000
v 14 0 -9 1.000000 1.000000 1.000000
v 15 0 -9 1.000000 1.000000 1.000000
v 16 0 -9 1.000000 1.000000 1.000000
v 16 1 -9 1.000000 1.000000 1.000000
v 1 0 -10 1.000000 1.000000 1.000000
v 2 0 -10 1.000000 1.000000 1.000000
v 3 0 -10 1.000000 1.000000 1.000000
v 4 0 -10 1.000000 1.000000 1.000000
v 5 0 -10 1.000000 1.000000 1.000000
v 6 0 -10 1.000000 1.000000 1.000000
v 7 0 -10 1.000000 1.000000 1.000000
v 8 0 -10 1.000000 1.000000 1.000000
v 9 0 -10 1.000000 1.000000 1.000000
v 10 0 -10 1.000000 1.000000 1.000000
v 11 0 -10 1.000000 1.000000 1.000000
v 12 0 -10 1.000000 1.000000 1.000000
v 13 0 -10 1.000000 1.000000 1.000000
v 14 0 -10 1.000000 1.000000 1.000000
v 15 0 -10 1.000000 1.000000 1.000000
v 16 0 -10 1.000000 1.000000 1.000000
v 16 1 -10 1.000000 1.000000 1.000000
v 1 0 -11 1.000000 1.000000 1.000000
v 2 0 -11 1.000000 1.000000 1.000000
v 3 0 -11 1.000000 1.000000 1.000000
v 4 0 -11 1.000000 1.000000 1.000000
v 5 0 -11 1.000000 1.000000 1.000000
v 6 0 -11 1.000000 1.000000 1.000000
v 7 0 -11 1.000000 1.000000 1.000000
v 8 0 -11 1.000000 1.000000 1.000000
v 9 0 -11 1.000000 1.000000 1.000000
v 10 0 -11 1.000000 1.000000 1.000000
v 11 0 -11 1.000000 1.000000 1.000000
v 12 0 -11 1.000000 1.000000 1.000000
v 13 0 -11 1.000000 1.000000 1.000000
v 14 0 -11 1.000000 1.000000 1.000000
v 15 0 -11 1.000000 1.000000 1.000000
v 16 0 -11 1.000000 1.000000 1.000000
v 16 1 -11 1.000000 1.000000 1.000000
v 1 0 -12 1.000000 1.000000 1.000000
v 2 0 -12 1.000000 1.000000 1.000000
v 3 0 -12 1.000000 1.000000 1.000000
v 4 0 -12 1.000000 1.000000 1.000000
v 5 0 -12 1.000000 1.000000 1.000000
v 6 0 -12 1.000000 1.000000 1.000000
v 7 0 -12 1.000000 1.000000 1.000000
v 8 0 -12 1.000000 1.000000 1.000000
v 9 0 -12 1.000000 1.000000 1.000000
v 10 0 -12 1.000000 1.000000 1.000000
v 11 0 -12 1.000000 1.000000 1.000000
v 12 0 -12 1.000000 1.000000 1.000000
v 13 0 -12 1.000000 1.000000 1.000000
v 14 0 -12 1.000000 1.000000 1.000000
v 15 0 -12 1.000000 1.000000 1.000000
v 16 0 -12 1.000000 1.000000 1.000000
v 16 1 -12 1.000000 1.000000 1.000000
v 1 0 -13 1.000000 1.000000 1.000000
v 2 0 -13 1.000000 1.000000 1.000000
v 3 0 -13 1.000000 1.000000 1.000000
v 4 0 -13 1.000000 1.000000 1.000000
v 5 0 -13 1.000000 1.000000 1.000000
v 6 0 -13 1.000000 1.000000 1.000000
v 7 0 -13 1.000000 1.000000 1.000000
v 8 0 -13 1.000000 1.000000 1.000000
v 9 0 -13 1.000000 1.000000 1.000000
v 10 0 -13 1.000000 1.000000 1.000000
v 11 0 -13 1.000000 1.000000 1.000000
v 12 0 -13 1.000000 1.000000 1.000000
v 13 0 -13 1.000000 1.000000 1.000000
v 14 0 -13 1.000000 1.000000 1.000000
v 15 0 -13 1.000000 1.000000 1.000000
v 16 0 -13 1.000000 1.000000 1.000000
v 16 1 -13 1.000000 1.000000 1.000000
v 1 0 -14 1.000000 1.000000 1.000000
v 2 0 -14 1.000000 1.000000 1.000000
v 3 0 -14 1.000000 1.000000 1.000000
v 4 0 -14 1.000000 1.000000 1.000000
v 5 0 -14 1.000000 1.000000 1.000000
v 6 0 -14 1.000000 1.000000 1.000000
v 7 0 -14 1.000000 1.000000 1.000000
v 8 0 -14 1.000000 1.000000 1.000000
v 9 0 -14 1.000000 1.000000 1.000000
v 10 0 -14 1.000000 1.000000 1.000000
v 11 0 -14 1.000000 1.000000 1.000000
v 12 0 -14 1.000000 1.000000 1.000000
v 13 0 -14 1.000000 1.000000 1.000000
v 14 0 -14 1.000000 1.000000 1.000000
v 15 0 -14 1.000000 1.000000 1.000000
v 16 0 -14 1.000000 1.000000 1.000000
v 16 1 -14 1.000000 1.000000 1.000000
v 1 0 -15 1.000000 1.000000 1.000000
v 2 0 -15 1.000000 1.000000 1.000000
v 3 0 -15 1.000000 1.000000 1.000000
v 4 0 -15 1.000000 1.000000 1.000000
v 5 0 -15 1.000000 1.000000 1.000000
v 6 0 -15 1.000000 1.000000 1.000000
v 7 0 -15 1.000000 1.000000 1.000000
v 8 0 -15 1.000000 1.000000 1.000000
v 9 0 -15 1.000000 1.000000 1.000000
v 10 0 -15 1.000000 1.000000 1.000000
v 11 0 -15 1.000000 1.000000 1.000000
v 12 0 -15 1.000000 1.000000 1.000000
v 13 0 -15 1.000000 1.000000 1.000000
v 14 0 -15 1.000000 1.000000 1.000000
v 15 0 -15 1.000000 1.000000 1.000000
v 16 0 -15 1.000000 1.000000 1.000000
v 16 1 -15 1.000000 1.000000 1.000000
v 1 0 -16 1.000000 1.000000 1.000000
v 1 1 -16 1.000000 1.000000 1.000000
v 2 0 -16 1.000000 1.000000 1.000000
v 2 1 -16 1.000000 1.000000 1.000000
v 3 0 -16 1.000000 1.000000 1.000000
v 3 1 -16 1.000000 1.000000 1.000000
v 4 0 -16 1.000000 1.000000 1.000000
v 4 1 -16 1.000000 1.000000 1.000000
v 5 0 -16 1.000000 1.000000 1.000000
v 5 1 -16 1.000000 1.000000 1.000000
v 6 0 -16 1.000000 1.000000 1.000000
v 6 1 -16 1.000000 1.000000 1.000000
v 7 0 -16 1.000000 1.000000 1.000000
v 7 1 -16 1.000000 1.000000 1.000000
v 8 0 -16 1.000000 1.000000 1.000000
v 8 1 -16 1.000000 1.000000 1.000000
v 9 0 -16 1.000000 1.000000 1.000000
v 9 1 -16 1.000000 1.000000 1.000000
v 10 0 -16 1.000000 1.000000 1.000000
v 10 1 -16 1.000000 1.000000 1.000000
v 11 0 -16 1.000000 1.000000 1.000000
v 11 1 -16 1.000000 1.000000 1.000000
v 12 0 -16 1.000000 1.000000 1.000000
v 12 1 -16 1.000000 1.000000 1.000000
v 13 0 -16 1.000000 1.000000 1.000000
v 13 1 -16 1.000000 1.000000 1.000000
v 14 0 -16 1.000000 1.000000 1.000000
v 14 1 -16 1.000000 1.000000 1.000000
v 15 0 -16 1.000000 1.000000 1.000000
v 15 1 -16 1.000000 1.000000 1.000000
v 16 0 -16 1.000000 1.000000 1.000000
v 16 1 -16 1.000000 1.000000 1.000000
v 16 2 -1 1.000000 1.000000 1.000000
v 16 2 0 1.000000 1.000000 1.000000
v 16 2 -2 1.000000 1.000000 1.000000
v 16 2 -3 1.000000 1.000000 1.000000
v 16 2 -4 1.000000 1.000000 1.000000
v 16 2 -5 1.000000 1.000000 1.000000
v 16 2 -6 1.000000 1.000000 1.000000
v 16 2 -7 1.000000 1.000000 1.000000
v 16 2 -8 1.000000 1.000000 1.000000
v 16 2 -9 1.000000 1.000000 1.000000
v 16 2 -10 1.000000 1.000000 1.000000
v 16 2 -11 1.000000 1.000000 1.000000
v 16 2 -12 1.000000 1.000000 1.000000
v 16 2 -13 1.000000 1.000000 1.000000
v 16 2 -14 1.000000 1.000000 1.000000
v 16 2 -15 1.000000 1.000000 1.000000
v 1 2 -16 1.000000 1.000000 1.000000
v 2 2 -16 1.000000 1.000000 1.000000
v 3 2 -16 1.000000 1.000000 1.000000
v 4 2 -16 1.000000 1.000000 1.000000
v 5 2 -16 1.000000 1.000000 1.000000
v 6 2 -16 1.000000 1.000000 1.000000
v 7 2 -16 1.000000 1.000000 1.000000
v 8 2 -16 1.000000 1.000000 1.000000
v 9 2 -16 1.000000 1.000000 1.000000
v 10 2 -16 1.000000 1.000000 1.000000
v 11 2 -16 1.000000 1.000000 1.000000
v 12 2 -16 1.000000 1.000000 1.000000
v 13 2 -16 1.000000 1.000000 1.000000
v 14 2 -16 1.000000 1.000000 1.000000
v 15 2 -16 1.000000 1.000000 1.000000
v 16 2 -16 1.000000 1.000000 1.000000
v 16 3 -1 1.000000 1.000000 1.000000
v 16 3 0 1.000000 1.000000 1.000000
v 16 3 -2 1.000000 1.000000 1.000000
v 16 3 -3 1.000000 1.000000 1.000000
v 16 3 -4 1.000000 1.000000 1.000000
v 16 3 -5 1.000000 1.000000 1.000000
v 16 3 -6 1.000000 1.000000 1.000000
v 16 3 -7 1.000000 1.000000 1.000000
v 16 3 -8 1.000000 1.000000 1.000000
v 16 3 -9 1.000000 1.000000 1.000000
v 16 3 -10 1.000000 1.000000 1.000000
v 16 3 -11 1.000000 1.000000 1.000000
v 16 3 -12 1.000000 1.000000 1.000000
v 16 3 -13 1.000000 1.000000 1.000000
v 16 3 -14 1.000000 1.000000 1.000000
v 16 3 -15 1.000000 1.000000 1.000000
v 1 3 -16 1.000000 1.000000 1.000000
v 2 3 -16 1.000000 1.000000 1.000000
v 3 3 -16 1.000000 1.000000 1.000000
v 4 3 -16 1.000000 1.000000 1.000000
v 5 3 -16 1.000000 1.000000 1.000000
v 6 3 -16 1.000000 1.000000 1.000000
v 7 3 -16 1.000000 1.000000 1.000000
v 8 3 -16 1.000000 1.000000 1.000000
v 9 3 -16 1.000000 1.000000 1.000000
v 10 3 -16 1.000000 1.000000 1.000000
v 11 3 -16 1.000000 1.000000 1.000000
v 12 3 -16 1.000000 1.000000 1.000000
v 13 3 -16 1.000000 1.000000 1.000000
v 14 3 -16 1.000000 1.000000 1.000000
v 15 3 -16 1.000000 1.000000 1.000000
v 16 3 -16 1.000000 1.000000 1.000000
v 16 4 -1 1.000000 1.000000 1.000000
v 16 4 0 1.000000 1.000000 1.000000
v 16 4 -2 1.000000 1.000000 1.000000
v 16 4 -3 1.000000 1.000000 1.000000
v 16 4 -4 1.000000 1.000000 1.000000
v 16 4 -5 1.000000 1.000000 1.000000
v 16 4 -6 1.000000 1.000000 1.000000
v 16 4 -7 1.000000 1.000000 1.000000
v 16 4 -8 1.000000 1.000000 1.000000
v 16 4 -9 1.000000 1.000000 1.000000
v 16 4 -10 1.000000 1.000000 1.000000
v 16 4 -11 1.000000 1.000000 1.000000
v 16 4 -12 1.000000 1.000000 1.000000
v 16 4 -13 1.000000 1.000000 1.000000
v 16 4 -14 1.000000 1.000000 1.000000
v 16 4 -15 1.000000 1.000000 1.000000
v 1 4 -16 1.000000 1.000000 1.000000
v 2 4 -16 1.000000 1.000000 1.000000
v 3 4 -16 1.000000 1.000000 1.000000
v 4 4 -16 1.000000 1.000000 1.000000
v 5 4 -16 1.000000 1.000000 1.000000
v 6 4 -16 1.000000 1.000000 1.000000
v 7 4 -16 1.000000 1.000000 1.000000
v 8 4 -16 1.000000 1.000000 1.000000
v 9 4 -16 1.000000 1.000000 1.000000
v 10 4 -16 1.000000 1.000000 1.000000
v 11 4 -16 1.000000 1.000000 1.000000
v 12 4 -16 1.000000 1.000000 1.000000
v 13 4 -16 1.000000 1.000000 1.000000
v 14 4 -16 1.000000 1.000000 1.000000
v 15 4 -16 1.000000 1.000000 1.000000
v 16 4 -16 1.000000 1.000000 1.000000
v 16 5 -1 1.000000 1.000000 1.000000
v 16 5 0 1.000000 1.000000 1.000000
v 16 5 -2 1.000000 1.000000 1.000000
v 16 5 -3 1.000000 1.000000 1.000000
v 16 5 -4 1.000000 1.000000 1.000000
v 16 5 -5 1.000000 1.000000 1.000000
v 16 5 -6 1.000000 1.000000 1.000000
v 16 5 -7 1.000000 1.000000 1.000000
v 16 5 -8 1.000000 1.000000 1.000000
v 16 5 -9 1.000000 1.000000 1.000000
v 16 5 -10 1.000000 1.000000 1.000000
v 16 5 -11 1.000000 1.000000 1.000000
v 16 5 -12 1.000000 1.000000 1.000000
v 16 5 -13 1.000000 1.000000 1.000000
v 16 5 -14 1.000000 1.000000 1.000000
v 16 5 -15 1.000000 1.000000 1.000000
v 1 5 -16 1.000000 1.000000 1.000000
v 2 5 -16 1.000000 1.000000 1.000000
v 3 5 -16 1.000000 1.000000 1.000000
v 4 5 -16 1.000000 1.000000 1.000000
v 5 5 -16 1.000000 1.000000 1.000000
v 6 5 -16 1.000000 1.000000 1.000000
v 7 5 -16 1.000000 1.000000 1.000000
v 8 5 -16 1.000000 1.000000 1.000000
v 9 5 -16 1.000000 1.000000 1.000000
v 10 5 -16 1.000000 1.000000 1.000000
v 11 5 -16 1.000000 1.000000 1.000000
v 12 5 -16 1.000000 1.000000 1.000000
v 13 5 -16 1.000000 1.000000 1.000000
v 14 5 -16 1.000000 1.000000 1.000000
v 15 5 -16 1.000000 1.000000 1.000000
v 16 5 -16 1.000000 1.000000 1.000000
v 16 6 -1 1.000000 1.000000 1.000000
v 16 6 0 1.000000 1.000000 1.000000
v 16 6 -2 1.000000 1.000000 1.000000
v 16 6 -3 1.000000 1.000000 1.000000
v 16 6 -4 1.000000 1.000000 1.000000
v 16 6 -5 1.000000 1.000000 1.000000
v 16 6 -6 1.000000 1.000000 1.000000
v 16 6 -7 1.000000 1.000000 1.000000
v 16 6 -8 1.000000 1.000000 1.000000
v 16 6 -9 1.000000 1.000000 1.000000
v 16 6 -10 1.000000 1.000000 1.000000
v 16 6 -11 1.000000 1.000000 1.000000
v 16 6 -12 1.000000 1.000000 1.000000
v 16 6 -13 1.000000 1.000000 1.000000
v 16 6 -14 1.000000 1.000000 1.000000
v 16 6 -15 1.000000 1.000000 1.000000
v 1 6 -16 1.000000 1.000000 1.000000
v 2 6 -16 1.000000 1.000000 1.000000
v 3 6 -16 1.000000 1.000000 1.000000
v 4 6 -16 1.000000 1.000000 1.000000
v 5 6 -16 1.000000 1.000000 1.000000
v 6 6 -16 1.000000 1.000000 1.000000
v 7 6 -16 1.000000 1.000000 1.000000
v 8 6 -16 1.000000 1.000000 1.000000
v 9 6 -16 1.000000 1.000000 1.000000
v 10 6 -16 1.000000 1.000000 1.000000
v 11 6 -16 1.000000 1.000000 1.000000
v 12 6 -16 1.000000 1.000000 1.000000
v 13 6 -16 1.000000 1.000000 1.000000
v 14 6 -16 1.000000 1.000000 1.000000
v 15 6 -16 1.000000 1.000000 1.000000
v 16 6 -16 1.000000 1.000000 1.000000
v 16 7 -1 1.000000 1.000000 1.000000
v 16 7 0 1.000000 1.000000 1.000000
v 16 7 -2 1.000000 1.000000 1.000000
v 16 7 -3 1.000000 1.000000 1.000000
v 16 7 -4 1.000000 1.000000 1.000000
v 16 7 -5 1.000000 1.000000 1.000000
v 16 7 -6 1.000000 1.000000 1.000000
v 16 7 -7 1.000000 1.000000 1.000000
v 16 7 -8 1.000000 1.000000 1.000000
v 16 7 -9 1.000000 1.000000 1.000000
v 16 7 -10 1.000000 1.000000 1.000000
v 16 7 -11 1.000000 1.000000 1.000000
v 16 7 -12 1.000000 1.000000 1.000000
v 16 7 -13 1.000000 1.000000 1.000000
v 16 7 -14 1.000000 1.000000 1.000000
v 16 7 -15 1.000000 1.000000 1.000000
v 1 7 -16 1.000000 1.000000 1.000000
v 2 7 -16 1.000000 1.000000 1.000000
v 3 7 -16 1.000000 1.000000 1.000000
v 4 7 -16 1.000000 1.000000 1.000000
v 5 7 -16 1.000000 1.000000 1.000000
v 6 7 -16 1.000000 1.000000 1.000000
v 7 7 -16 1.000000 1.000000 1.000000
v 8 7 -16 1.000000 1.000000 1.000000
v 9 7 -16 1.000000 1.000000 1.000000
v 10 7 -16 1.000000 1.000000 1.000000
v 11 7 -16 1.000000 1.000000 1.000000
v 12 7 -16 1.000000 1.000000 1.000000
v 13 7 -16 1.000000 1.000000 1.000000
v 14 7 -16 1.000000 1.000000 1.000000
v 15 7 -16 1.000000 1.000000 1.000000
v 16 7 -16 1.000000 1.000000 1.000000
v 16 8 -1 1.000000 1.000000 1.000000
v 16 8 0 1.000000 1.000000 1.000000
v 16 8 -2 1.000000 1.000000 1.000000
v 16 8 -3 1.000000 1.000000 1.000000
v 16 8 -4 1.000000 1.000000 1.000000
v 16 8 -5 1.000000 1.000000 1.000000
v 16 8 -6 1.000000 1.000000 1.000000
v 16 8 -7 1.000000 1.000000 1.000000
v 16 8 -8 1.000000 1.000000 1.000000
v 16 8 -9 1.000000 1.000000 1.000000
v 16 8 -10 1.000000 1.000000 1.000000
v 16 8 -11 1.000000 1.000000 1.000000
v 16 8 -12 1.000000 1.000000 1.000000
v 16 8 -13 1.000000 1.000000 1.000000
v 16 8 -14 1.000000 1.000000 1.000000
v 16 8 -15 1.000000 1.000000 1.000000
v 1 8 -16 1.000000 1.000000 1.000000
v 2 8 -16 1.000000 1.000000 1.000000
v 3 8 -16 1.000000 1.000000 1.000000
v 4 8 -16 1.000000 1.000000 1.000000
v 5 8 -16 1.000000 1.000000 1.000000
v 6 8 -16 1.000000 1.000000 1.000000
v 7 8 -16 1.000000 1.000000 1.000000
v 8 8 -16 1.000000 1.000000 1.000000
v 9 8 -16 1.000000 1.000000 1.000000
v 10 8 -16 1.000000 1.000000 1.000000
v 11 8 -16 1.000000 1.000000 1.000000
v 12 8 -16 1.000000 1.000000 1.000000
v 13 8 -16 1.000000 1.000000 1.000000
v 14 8 -16 1.000000 1.000000 1.000000
v 15 8 -16 1.000000 1.000000 1.000000
v 16 8 -16 1.000000 1.000000 1.000000
v 16 9 -1 1.000000 1.000000 1.000000
v 16 9 0 1.000000 1.000000 1.000000
v 16 9 -2 1.000000 1.000000 1.000000
v 16 9 -3 1.000000 1.000000 1.000000
v 16 9 -4 1.000000 1.000000 1.000000
v 16 9 -5 1.000000 1.000000 1.000000
v 16 9 -6 1.000000 1.000000 1.000000
v 16 9 -7 1.000000 1.000000 1.000000
v 16 9 -8 1.000000 1.000000 1.000000
v 16 9 -9 1.000000 1.000000 1.000000
v 16 9 -10 1.000000 1.000000 1.000000
v 16 9 -11 1.000000 1.000000 1.000000
v 16 9 -12 1.000000 1.000000 1.000000
v 16 9 -13 1.000000 1.000000 1.000000
v 16 9 -14 1.000000 1.000000 1.000000
v 16 9 -15 1.000000 1.000000 1.000000
v 1 9 -16 1.000000 1.000000 1.000000
v 2 9 -16 1.000000 1.000000 1.000000
v 3 9 -16 1.000000 1.000000 1.000000
v 4 9 -16 1.000000 1.000000 1.000000
v 5 9 -16 1.000000 1.000000 1.000000
v 6 9 -16 1.000000 1.000000 1.000000
v 7 9 -16 1.000000 1.000000 1.000000
v 8 9 -16 1.000000 1.000000 1.000000
v 9 9 -16 1.000000 1.000000 1.000000
v 10 9 -16 1.000000 1.000000 1.000000
v 11 9 -16 1.000000 1.000000 1.000000
v 12 9 -16 1.000000 1.000000 1.000000
v 13 9 -16 1.000000 1.000000 1.000000
v 14 9 -16 1.000000 1.000000 1.000000
v 15 9 -16 1.000000 1.000000 1.000000
v 16 9 -16 1.000000 1.000000 1.000000
v 16 10 -1 1.000000 1.000000 1.000000
v 16 10 0 1.000000 1.000000 1.000000
v 16 10 -2 1.000000 1.000000 1.000000
v 16 10 -3 1.000000 1.000000 1.000000
v 16 10 -4 1.000000 1.000000 1.000000
v 16 10 -5 1.000000 1.000000 1.000000
v 16 10 -6 1.000000 1.000000 1.000000
v 16 10 -7 1.000000 1.000000 1.000000
v 16 10 -8 1.000000 1.000000 1.000000
v 16 10 -9 1.000000 1.000000 1.000000
v 16 10 -10 1.000000 1.000000 1.000000
v 16 10 -11 1.000000 1.000000 1.000000
v 16 10 -12 1.000000 1.000000 1.000000
v 16 10 -13 1.000000 1.000000 1.000000
v 16 10 -14 1.000000 1.000000 1.000000
v 16 10 -15 1.000000 1.000000 1.000000
v 1 10 -16 1.000000 1.000000 1.000000
v 2 10 -16 1.000000 1.000000 1.000000
v 3 10 -16 1.000000 1.000000 1.000000
v 4 10 -16 1.000000 1.000000 1.000000
v 5 10 -16 1.000000 1.000000 1.000000
v 6 10 -16 1.000000 1.000000 1.000000
v 7 10 -16 1.000000 1.000000 1.000000
v 8 10 -16 1.000000 1.000000 1.000000
v 9 10 -16 1.000000 1.000000 1.000000
v 10 10 -16 1.000000 1.000000 1.000000
v 11 10 -16 1.000000 1.000000 1.000000
v 12 10 -16 1.000000 1.000000 1.000000
v 13 10 -16 1.000000 1.000000 1.000000
v 14 10 -16 1.000000 1.000000 1.000000
v 15 10 -16 1.000000 1.000000 1.000000
v 16 10 -16 1.000000 1.000000 1.000000
v 16 11 -1 1.000000 1.000000 1.000000
v 16 11 0 1.000000 1.000000 1.000000
v 16 11 -2 1.000000 1.000000 1.000000
v 16 11 -3 1.000000 1.000000 1.000000
v 16 11 -4 1.000000 1.000000 1.000000
v 16 11 -5 1.000000 1.000000 1.000000
v 16 11 -6 1.000000 1.000000 1.000000
v 16 11 -7 1.000000 1.000000 1.000000
v 16 11 -8 1.000000 1.000000 1.000000
v 16 11 -9 1.000000 1.000000 1.000000
v 16 11 -10 1.000000 1.000000 1.000000
v 16 11 -11 1.000000 1.000000 1.000000
v 16 11 -12 1.000000 1.000000 1.000000
v 16 11 -13 1.000000 1.000000 1.000000
v 16 11 -14 1.000000 1.000000 1.000000
v 16 11 -15 1.000000 1.000000 1.000000
v 1 11 -16 1.000000 1.000000 1.000000
v 2 11 -16 1.000000 1.000000 1.000000
v 3 11 -16 1.000000 1.000000 1.000000
v 4 11 -16 1.000000 1.000000 1.000000
v 5 11 -16 1.000000 1.000000 1.000000
v 6 11 -16 1.000000 1.000000 1.000000
v 7 11 -16 1.000000 1.000000 1.000000
v 8 11 -16 1.000000 1.000000 1.000000
v 9 11 -16 1.000000 1.000000 1.000000
v 10 11 -16 1.000000 1.000000 1.000000
v 11 11 -16 1.000000 1.000000 1.000000
v 12 11 -16 1.000000 1.000000 1.000000
v 13 11 -16 1.000000 1.000000 1.000000
v 14 11 -16 1.000000 1.000000 1.000000
v 15 11 -16 1.000000 1.000000 1.000000
v 16 11 -16 1.000000 1.000000 1.000000
v 16 12 -1 1.000000 1.000000 1.000000
v 16 12 0 1.000000 1.000000 1.000000
v 16 12 -2 1.000000 1.000000 1.000000
v 16 12 -3 1.000000 1.000000 1.000000
v 16 12 -4 1.000000 1.000000 1.000000
v 16 12 -5 1.000000 1.000000 1.000000
v 16 12 -6 1.000000 1.000000 1.000000
v 16 12 -7 1.000000 1.000000 1.000000
v 16 12 -8 1.000000 1.000000 1.000000
v 16 12 -9 1.000000 1.000000 1.000000
v 16 12 -10 1.000000 1.000000 1.000000
v 16 12 -11 1.000000 1.000000 1.000000
v 16 12 -12 1.000000 1.000000 1.000000
v 16 12 -13 1.000000 1.000000 1.000000
v 16 12 -14 1.000000 1.000000 1.000000
v 16 12 -15 1.000000 1.000000 1.000000
v 1 12 -16 1.000000 1.000000 1.000000
v 2 12 -16 1.000000 1.000000 1.000000
v 3 12 -16 1.000000 1.000000 1.000000
v 4 12 -16 1.000000 1.000000 1.000000
v 5 12 -16 1.000000 1.000000 1.000000
v 6 12 -16 1.000000 1.000000 1.000000
v 7 12 -16 1.000000 1.000000 1.000000
v 8 12 -16 1.000000 1.000000 1.000000
v 9 12 -16 1.000000 1.000000 1.000000
v 10 12 -16 1.000000 1.000000 1.000000
v 11 12 -16 1.000000 1.000000 1.000000
v 12 12 -16 1.000000 1.000000 1.000000
v 13 12 -16 1.000000 1.000000 1.000000
v 14 12 -16 1.000000 1.000000 1.000000
v 15 12 -16 1.000000 1.000000 1.000000
v 16 12 -16 1.000000 1.000000 1.000000
v 16 13 -1 1.000000 1.000000 1.000000
v 16 13 0 1.000000 1.000000 1.000000
v 16 13 -2 1.000000 1.000000 1.000000
v 16 13 -3 1.000000 1.000000 1.000000
v 16 13 -4 1.000000 1.000000 1.000000
v 16 13 -5 1.000000 1.000000 1.000000
v 16 13 -6 1.000000 1.000000 1.000000
v 16 13 -7 1.000000 1.000000 1.000000
v 16 13 -8 1.000000 1.000000 1.000000
v 16 13 -9 1.000000 1.000000 1.000000
v 16 13 -10 1.000000 1.000000 1.000000
v 16 13 -11 1.000000 1.000000 1.000000
v 16 13 -12 1.000000 1.000000 1.000000
v 16 13 -13 1.000000 1.000000 1.000000
v 16 13 -14 1.000000 1.000000 1.000000
v 16 13 -15 1.000000 1.000000 1.000000
v 1 13 -16 1.000000 1.000000 1.000000
v 2 13 -16 1.000000 1.000000 1.000000
v 3 13 -16 1.000000 1.000000 1.000000
v 4 13 -16 1.000000 1.000000 1.000000
v 5 13 -16 1.000000 1.000000 1.000000
v 6 13 -16 1.000000 1.000000 1.000000
v 7 13 -16 1.000000 1.000000 1.000000
v 8 13 -16 1.000000 1.000000 1.000000
v 9 13 -16 1.000000 1.000000 1.000000
v 10 13 -16 1.000000 1.000000 1.000000
v 11 13 -16 1.000000 1.000000 1.000000
v 12 13 -16 1.000000 1.000000 1.000000
v 13 13 -16 1.000000 1.000000 1.000000
v 14 13 -16 1.000000 1.000000 1.000000
v 15 13 -16 1.000000 1.000000 1.000000
v 16 13 -16 1.000000 1.000000 1.000000
v 16 14 -1 1.000000 1.000000 1.000000
v 16 14 0 1.000000 1.000000 1.000000
v 16 14 -2 1.000000 1.000000 1.000000
v 16 14 -3 1.000000 1.000000 1.000000
v 16 14 -4 1.000000 1.000000 1.000000
v 16 14 -5 1.000000 1.000000 1.000000
v 16 14 -6 1.000000 1.000000 1.000000
v 16 14 -7 1.000000 1.000000 1.000000
v 16 14 -8 1.000000 1.000000 1.000000
v 16 14 -9 1.000000 1.000000 1.000000
v 16 14 -10 1.000000 1.000000 1.000000
v 16 14 -11 1.000000 1.000000 1.000000
v 16 14 -12 1.000000 1.000000 1.000000
v 16 14 -13 1.000000 1.000000 1.000000
v 16 14 -14 1.000000 1.000000 1.000000
v 16 14 -15 1.000000 1.000000 1.000000
v 1 14 -16 1.000000 1.000000 1.000000
v 2 14 -16 1.000000 1.000000 1.000000
v 3 14 -16 1.000000 1.000000 1.000000
v 4 14 -16 1.000000 1.000000 1.000000
v 5 14 -16 1.000000 1.000000 1.000000
v 6 14 -16 1.000000 1.000000 1.000000
v 7 14 -16 1.000000 1.000000 1.000000
v 8 14 -16 1.000000 1.000000 1.000000
v 9 14 -16 1.000000 1.000000 1.000000
v 10 14 -16 1.000000 1.000000 1.000000
v 11 14 -16 1.000000 1.000000 1.000000
v 12 14 -16 1.000000 1.000000 1.000000
v 13 14 -16 1.000000 1.000000 1.000000
v 14 14 -16 1.000000 1.000000 1.000000
v 15 14 -16 1.000000 1.000000 1.000000
v 16 14 -16 1.000000 1.000000 1.000000
v 16 15 -1 1.000000 1.000000 1.000000
v 16 15 0 1.000000 1.000000 1.000000
v 16 15 -2 1.000000 1.000000 1.000000
v 16 15 -3 1.000000 1.000000 1.000000
v 16 15 -4 1.000000 1.000000 1.000000
v 16 15 -5 1.000000 1.000000 1.000000
v 16 15 -6 1.000000 1.000000 1.000000
v 16 15 -7 1.000000 1.000000 1.000000
v 16 15 -8 1.000000 1.000000 1.000000
v 16 15 -9 1.000000 1.000000 1.000000
v 16 15 -10 1.000000 1.000000 1.000000
v 16 15 -11 1.000000 1.000000 1.000000
v 16 15 -12 1.000000 1.000000 1.000000
v 16 15 -13 1.000000 1.000000 1.000000
v 16 15 -14 1.000000 1.000000 1.000000
v 16 15 -15 1.000000 1.000000 1.000000
v 1 15 -16 1.000000 1.000000 1.000000
v 2 15 -16 1.000000 1.000000 1.000000
v 3 15 -16 1.000000 1.000000 1.000000
v 4 15 -16 1.000000 1.000000 1.000000
v 5 15 -16 1.000000 1.000000 1.000000
v 6 15 -16 1.000000 1.000000 1.000000
v 7 15 -16 1.000000 1.000000 1.000000
v 8 15 -16 1.000000 1.000000 1.000000
v 9 15 -16 1.000000 1.000000 1.000000
v 10 15 -16 1.000000 1.000000 1.000000
v 11 15 -16 1.000000 1.000000 1.000000
v 12 15 -16 1.000000 1.000000 1.000000
v 13 15 -16 1.000000 1.000000 1.000000
v 14 15 -16 1.000000 1.000000 1.000000
v 15 15 -16 1.000000 1.000000 1.000000
v 16 15 -16 1.000000 1.000000 1.000000
v 16 16 -1 1.000000 1.000000 1.000000
v 16 16 0 1.000000 1.000000 1.000000
v 16 16 -2 1.000000 1.000000 1.000000
v 16 16 -3 1.000000 1.000000 1.000000
v 16 16 -4 1.000000 1.000000 1.000000
v 16 16 -5 1.000000 1.000000 1.000000
v 16 16 -6 1.000000 1.000000 1.000000
v 16 16 -7 1.000000 1.000000 1.000000
v 16 16 -8 1.000000 1.000000 1.000000
v 16 16 -9 1.000000 1.000000 1.000000
v 16 16 -10 1.000000 1.000000 1.000000
v 16 16 -11 1.000000 1.000000 1.000000
v 16 16 -12 1.000000 1.000000 1.000000
v 16 16 -13 1.000000 1.000000 1.000000
v 16 16 -14 1.000000 1.000000 1.000000
v 16 16 -15 1.000000 1.000000 1.000000
v 1 16 -16 1.000000 1.000000 1.000000
v 2 16 -16 1.000000 1.000000 1.000000
v 3 16 -16 1.000000 1.000000 1.000000
v 4 16 -16 1.000000 1.000000 1.000000
v 5 16 -16 1.000000 1.000000 1.000000
v 6 16 -16 1.000000 1.000000 1.000000
v 7 16 -16 1.000000 1.000000 1.000000
v 8 16 -16 1.000000 1.000000 1.000000
v 9 16 -16 1.000000 1.000000 1.000000
v 10 16 -16 1.000000 1.000000 1.000000
v 11 16 -16 1.000000 1.000000 1.000000
v 12 16 -16 1.000000 1.000000 1.000000
v 13 16 -16 1.000000 1.000000 1.000000
v 14 16 -16 1.000000 1.000000 1.000000
v 15 16 -16 1.000000 1.000000 1.000000
v 16 16 -16 1.000000 1.000000 1.000000
v -16 16 16 1.000000 1.000000 1.000000
v -15 16 16 1.000000 1.000000 1.000000
v -15 17 16 1.000000 1.000000 1.000000
v -16 17 16 1.000000 1.000000 1.000000
v -16 17 15 1.000000 1.000000 1.000000
v -16 16 15 1.000000 1.000000 1.000000
v -14 16 16 1.000000 1.000000 1.000000
v -14 17 16 1.000000 1.000000 1.000000
v -13 16 16 1.000000 1.000000 1.000000
v -13 17 16 1.000000 1.000000 1.000000
v -12 16 16 1.000000 1.000000 1.000000
v -12 17 16 1.000000 1.000000 1.000000
v -11 16 16 1.000000 1.000000 1.000000
v -11 17 16 1.000000 1.000000 1.000000
v -10 16 16 1.000000 1.000000 1.000000
v -10 17 16 1.000000 1.000000 1.000000
v -9 16 16 1.000000 1.000000 1.000000
v -9 17 16 1.000000 1.000000 1.000000
v -8 16 16 1.000000 1.000000 1.000000
v -8 17 16 1.000000 1.000000 1.000000
v -7 16 16 1.000000 1.000000 1.000000
v -7 17 16 1.000000 1.000000 1.000000
v -6 16 16 1.000000 1.000000 1.000000
v -6 17 16 1.000000 1.000000 1.000000
v -5 16 16 1.000000 1.000000 1.000000
v -5 17 16 1.000000 1.000000 1.000000
v -4 16 16 1.000000 1.000000 1.000000
v -4 17 16 1.000000 1.000000 1.000000
v -3 16 16 1.000000 1.000000 1.000000
v -3 17 16 1.000000 1.000000 1.000000
v -2 16 16 1.000000 1.000000 1.000000
v -2 17 16 1.000000 1.000000 1.000000
v -1 16 16 1.000000 1.000000 1.000000
v -1 17 16 1.000000 1.000000 1.000000
v 0 16 16 1.000000 1.000000 1.000000
v 0 17 16 1.000000 1.000000 1.000000
v -16 17 14 1.000000 1.000000 1.000000
v -16 16 14 1.000000 1.000000 1.000000
v -16 17 13 1.000000 1.000000 1.000000
v -16 16 13 1.000000 1.000000 1.000000
v -16 17 12 1.000000 1.000000 1.000000
v -16 16 12 1.000000 1.000000 1.000000
v -16 17 11 1.000000 1.000000 1.000000
v -16 16 11 1.000000 1.000000 1.000000
v -16 17 10 1.000000 1.000000 1.000000
v -16 16 10 1.000000 1.000000 1.000000
v -16 17 9 1.000000 1.000000 1.000000
v -16 16 9 1.000000 1.000000 1.000000
v -16 17 8 1.000000 1.000000 1.000000
v -16 16 8 1.000000 1.000000 1.000000
v -16 17 7 1.000000 1.000000 1.000000
v -16 16 7 1.000000 1.000000 1.000000
v -16 17 6 1.000000 1.000000 1.000000
v -16 16 6 1.000000 1.000000 1.000000
v -16 17 5 1.000000 1.000000 1.000000
v -16 16 5 1.000000 1.000000 1.000000
v -16 17 4 1.000000 1.000000 1.000000
v -16 16 4 1.000000 1.000000 1.000000
v -16 17 3 1.000000 1.000000 1.000000
v -16 16 3 1.000000 1.000000 1.000000
v -16 17 2 1.000000 1.000000 1.000000
v -16 16 2 1.000000 1.000000 1.000000
v -16 17 1 1.000000 1.000000 1.000000
v -16 16 1 1.000000 1.000000 1.000000
v -16 17 0 1.000000 1.000000 1.000000
v -15 18 16 1.000000 1.000000 1.000000
v -16 18 16 1.000000 1.000000 1.000000
v -16 18 15 1.000000 1.000000 1.000000
v -14 18 16 1.000000 1.000000 1.000000
v -13 18 16 1.000000 1.000000 1.000000
v -12 18 16 1.000000 1.000000 1.000000
v -11 18 16 1.000000 1.000000 1.000000
v -10 18 16 1.000000 1.000000 1.000000
v -9 18 16 1.000000 1.000000 1.000000
v -8 18 16 1.000000 1.000000 1.000000
v -7 18 16 1.000000 1.000000 1.000000
v -6 18 16 1.000000 1.000000 1.000000
v -5 18 16 1.000000 1.000000 1.000000
v -4 18 16 1.000000 1.000000 1.000000
v -3 18 16 1.000000 1.000000 1.000000
v -2 18 16 1.000000 1.000000 1.000000
v -1 18 16 1.000000 1.000000 1.000000
v 0 18 16 1.000000 1.000000 1.000000
v -16 18 14 1.000000 1.000000 1.000000
v -16 18 13 1.000000 1.000000 1.000000
v -16 18 12 1.000000 1.000000 1.000000
v -16 18 11 1.000000 1.000000 1.000000
v -16 18 10 1.000000 1.000000 1.000000
v -16 18 9 1.000000 1.000000 1.000000
v -16 18 8 1.000000 1.000000 1.000000
v -16 18 7 1.000000 1.000000 1.000000
v -16 18 6 1.000000 1.000000 1.000000
v -16 18 5 1.000000 1.000000 1.000000
v -16 18 4 1.000000 1.000000 1.000000
v -16 18 3 1.000000 1.000000 1.000000
v -16 18 2 1.000000 1.000000 1.000000
v -16 18 1 1.000000 1.000000 1.000000
v -16 18 0 1.000000 1.000000 1.000000
v -15 19 16 1.000000 1.000000 1.000000
v -16 19 16 1.000000 1.000000 1.000000
v -16 19 15 1.000000 1.000000 1.000000
v -14 19 16 1.000000 1.000000 1.000000
v -13 19 16 1.000000 1.000000 1.000000
v -12 19 16 1.000000 1.000000 1.000000
v -11 19 16 1.000000 1.000000 1.000000
v -10 19 16 1.000000 1.000000 1.000000
v -9 19 16 1.000000 1.000000 1.000000
v -8 19 16 1.000000 1.000000 1.000000
v -7 19 16 1.000000 1.000000 1.000000
v -6 19 16 1.000000 1.000000 1.000000
v -5 19 16 1.000000 1.000000 1.000000
v -4 19 16 1.000000 1.000000 1.000000
v -3 19 16 1.000000 1.000000 1.000000
v -2 19 16 1.000000 1.000000 1.000000
v -1 19 16 1.000000 1.000000 1.000000
v 0 19 16 1.000000 1.000000 1.000000
v -16 19 14 1.000000 1.000000 1.000000
v -16 19 13 1.000000 1.000000 1.000000
v -16 19 12 1.000000 1.000000 1.000000
v -16 19 11 1.000000 1.000000 1.000000
v -16 19 10 1.000000 1.000000 1.000000
v -16 19 9 1.000000 1.000000 1.000000
v -16 19 8 1.000000 1.000000 1.000000
v -16 19 7 1.000000 1.000000 1.000000
v -16 19 6 1.000000 1.000000 1.000000
v -16 19 5 1.000000 1.000000 1.000000
v -16 19 4 1.000000 1.000000 1.000000
v -16 19 3 1.000000 1.000000 1.000000
v -16 19 2 1.000000 1.000000 1.000000
v -16 19 1 1.000000 1.000000 1.000000
v -16 19 0 1.000000 1.000000 1.000000
v -15 20 16 1.000000 1.000000 1.000000
v -16 20 16 1.000000 1.000000 1.000000
v -16 20 15 1.000000 1.000000 1.000000
v -14 20 16 1.000000 1.000000 1.000000
v -13 20 16 1.000000 1.000000 1.000000
v -12 20 16 1.000000 1.000000 1.000000
v -11 20 16 1.000000 1.000000 1.000000
v -10 20 16 1.000000 1.000000 1.000000
v -9 20 16 1.000000 1.000000 1.000000
v -8 20 16 1.000000 1.000000 1.000000
v -7 20 16 1.000000 1.000000 1.000000
v -6 20 16 1.000000 1.000000 1.000000
v -5 20 16 1.000000 1.000000 1.000000
v -4 20 16 1.000000 1.000000 1.000000
v -3 20 16 1.000000 1.000000 1.000000
v -2 20 16 1.000000 1.000000 1.000000
v -1 20 16 1.000000 1.000000 1.000000
v 0 20 16 1.000000 1.000000 1.000000
v -16 20 14 1.000000 1.000000 1.000000
v -16 20 13 1.000000 1.000000 1.000000
v -16 20 12 1.000000 1.000000 1.000000
v -16 20 11 1.000000 1.000000 1.000000
v -16 20 10 1.000000 1.000000 1.000000
v -16 20 9 1.000000 1.000000 1.000000
v -16 20 8 1.000000 1.000000 1.000000
v -16 20 7 1.000000 1.000000 1.000000
v -16 20 6 1.000000 1.000000 1.000000
v -16 20 5 1.000000 1.000000 1.000000
v -16 20 4 1.000000 1.000000 1.000000
v -16 20 3 1.000000 1.000000 1.000000
v -16 20 2 1.000000 1.000000 1.000000
v -16 20 1 1.000000 1.000000 1.000000
v -16 20 0 1.000000 1.000000 1.000000
v -15 21 16 1.000000 1.000000 1.000000
v -16 21 16 1.000000 1.000000 1.000000
v -16 21 15 1.000000 1.000000 1.000000
v -14 21 16 1.000000 1.000000 1.000000
v -13 21 16 1.000000 1.000000 1.000000
v -12 21 16 1.000000 1.000000 1.000000
v -11 21 16 1.000000 1.000000 1.000000
v -10 21 16 1.000000 1.000000 1.000000
v -9 21 16 1.000000 1.000000 1.000000
v -8 21 16 1.000000 1.000000 1.000000
v -7 21 16 1.000000 1.000000 1.000000
v -6 21 16 1.000000 1.000000 1.000000
v -5 21 16 1.000000 1.000000 1.000000
v -4 21 16 1.000000 1.000000 1.000000
v -3 21 16 1.000000 1.000000 1.000000
v -2 21 16 1.000000 1.000000 1.000000
v -1 21 16 1.000000 1.000000 1.000000
v 0 21 16 1.000000 1.000000 1.000000
v -16 21 14 1.000000 1.000000 1.000000
v -16 21 13 1.000000 1.000000 1.000000
v -16 21 12 1.000000 1.000000 1.000000
v -16 21 11 1.000000 1.000000 1.000000
v -16 21 10 1.000000 1.000000 1.000000
v -16 21 9 1.000000 1.000000 1.000000
v -16 21 8 1.000000 1.000000 1.000000
v -16 21 7 1.000000 1.000000 1.000000
v -16 21 6 1.000000 1.000000 1.000000
v -16 21 5 1.000000 1.000000 1.000000
v -16 21 4 1.000000 1.000000 1.000000
v -16 21 3 1.000000 1.000000 1.000000
v -16 21 2 1.000000 1.000000 1.000000
v -16 21 1 1.000000 1.000000 1.000000
v -16 21 0 1.000000 1.000000 1.000000
v -15 22 16 1.000000 1.000000 1.000000
v -16 22 16 1.000000 1.000000 1.000000
v -16 22 15 1.000000 1.000000 1.000000
v -14 22 16 1.000000 1.000000 1.000000
v -13 22 16 1.000000 1.000000 1.000000
v -12 22 16 1.000000 1.000000 1.000000
v -11 22 16 1.000000 1.000000 1.000000
v -10 22 16 1.000000 1.000000 1.000000
v -9 22 16 1.000000 1.000000 1.000000
v -8 22 16 1.000000 1.000000 1.000000
v -7 22 16 1.000000 1.000000 1.000000
v -6 22 16 1.000000 1.000000 1.000000
v -5 22 16 1.000000 1.000000 1.000000
v -4 22 16 1.000000 1.000000 1.000000
v -3 22 16 1.000000 1.000000 1.000000
v -2 22 16 1.000000 1.000000 1.000000
v -1 22 16 1.000000 1.000000 1.000000
v 0 22 16 1.000000 1.000000 1.000000
v -16 22 14 1.000000 1.000000 1.000000
v -16 22 13 1.000000 1.000000 1.000000
v -16 22 12 1.000000 1.000000 1.000000
v -16 22 11 1.000000 1.000000 1.000000
v -16 22 10 1.000000 1.000000 1.000000
v -16 22 9 1.000000 1.000000 1.000000
v -16 22 8 1.000000 1.000000 1.000000
v -16 22 7 1.000000 1.000000 1.000000
v -16 22 6 1.000000 1.000000 1.000000
v -16 22 5 1.000000 1.000000 1.000000
v -16 22 4 1.000000 1.000000 1.000000
v -16 22 3 1.000000 1.000000 1.000000
v -16 22 2 1.000000 1.000000 1.000000
v -16 22 1 1.000000 1.000000 1.000000
v -16 22 0 1.000000 1.000000 1.000000
v -15 23 16 1.000000 1.000000 1.000000
v -16 23 16 1.000000 1.000000 1.000000
v -16 23 15 1.000000 1.000000 1.000000
v -14 23 16 1.000000 1.000000 1.000000
v -13 23 16 1.000000 1.000000 1.000000
v -12 23 16 1.000000 1.000000 1.000000
v -11 23 16 1.000000 1.000000 1.000000
v -10 23 16 1.000000 1.000000 1.000000
v -9 23 16 1.000000 1.000000 1.000000
v -8 23 16 1.000000 1.000000 1.000000
v -7 23 16 1.000000 1.000000 1.000000
v -6 23 16 1.000000 1.000000 1.000000
v -5 23 16 1.000000 1.000000 1.000000
v -4 23 16 1.000000 1.000000 1.000000
v -3 23 16 1.000000 1.000000 1.000000
v -2 23 16 1.000000 1.000000 1.000000
v -1 23 16 1.000000 1.000000 1.000000
v 0 23 16 1.000000 1.000000 1.000000
v -16 23 14 1.000000 1.000000 1.000000
v -16 23 13 1.000000 1.000000 1.000000
v -16 23 12 1.000000 1.000000 1.000000
v -16 23 11 1.000000 1.000000 1.000000
v -16 23 10 1.000000 1.000000 1.000000
v -16 23 9 1.000000 1.000000 1.000000
v -16 23 8 1.000000 1.000000 1.000000
v -16 23 7 1.000000 1.000000 1.000000
v -16 23 6 1.000000 1.000000 1.000000
v -16 23 5 1.000000 1.000000 1.000000
v -16 23 4 1.000000 1.000000 1.000000
v -16 23 3 1.000000 1.000000 1.000000
v -16 23 2 1.000000 1.000000 1.000000
v -16 23 1 1.000000 1.000000 1.000000
v -16 23 0 1.000000 1.000000 1.000000
v -15 24 16 1.000000 1.000000 1.000000
v -16 24 16 1.000000 1.000000 1.000000
v -16 24 15 1.000000 1.000000 1.000000
v -14 24 16 1.000000 1.000000 1.000000
v -13 24 16 1.000000 1.000000 1.000000
v -12 24 16 1.000000 1.000000 1.000000
v -11 24 16 1.000000 1.000000 1.000000
v -10 24 16 1.000000 1.000000 1.000000
v -9 24 16 1.000000 1.000000 1.000000
v -8 24 16 1.000000 1.000000 1.000000
v -7 24 16 1.000000 1.000000 1.000000
v -6 24 16 1.000000 1.000000 1.000000
v -5 24 16 1.000000 1.000000 1.000000
v -4 24 16 1.000000 1.000000 1.000000
v -3 24 16 1.000000 1.000000 1.000000
v -2 24 16 1.000000 1.000000 1.000000
v -1 24 16 1.000000 1.000000 1.000000
v 0 24 16 1.000000 1.000000 1.000000
v -16 24 14 1.000000 1.000000 1.000000
v -16 24 13 1.000000 1.000000 1.000000
v -16 24 12 1.000000 1.000000 1.000000
v -16 24 11 1.000000 1.000000 1.000000
v -16 24 10 1.000000 1.000000 1.000000
v -16 24 9 1.000000 1.000000 1.000000
v -16 24 8 1.000000 1.000000 1.000000
v -16 24 7 1.000000 1.000000 1.000000
v -16 24 6 1.000000 1.000000 1.000000
v -16 24 5 1.000000 1.000000 1.000000
v -16 24 4 1.000000 1.000000 1.000000
v -16 24 3 1.000000 1.000000 1.000000
v -16 24 2 1.000000 1.000000 1.000000
v -16 24 1 1.000000 1.000000 1.000000
v -16 24 0 1.000000 1.000000 1.000000
v -15 25 16 1.000000 1.000000 1.000000
v -16 25 16 1.000000 1.000000 1.000000
v -16 25 15 1.000000 1.000000 1.000000
v -14 25 16 1.000000 1.000000 1.000000
v -13 25 16 1.000000 1.000000 1.000000
v -12 25 16 1.000000 1.000000 1.000000
v -11 25 16 1.000000 1.000000 1.000000
v -10 25 16 1.000000 1.000000 1.000000
v -9 25 16 1.000000 1.000000 1.000000
v -8 25 16 1.000000 1.000000 1.000000
v -7 25 16 1.000000 1.000000 1.000000
v -6 25 16 1.000000 1.000000 1.000000
v -5 25 16 1.000000 1.000000 1.000000
v -4 25 16 1.000000 1.000000 1.000000
v -3 25 16 1.000000 1.000000 1.000000
v -2 25 16 1.000000 1.000000 1.000000
v -1 25 16 1.000000 1.000000 1.000000
v 0 25 16 1.000000 1.000000 1.000000
v -16 25 14 1.000000 1.000000 1.000000
v -16 25 13 1.000000 1.000000 1.000000
v -16 25 12 1.000000 1.000000 1.000000
v -16 25 11 1.000000 1.000000 1.000000
v -16 25 10 1.000000 1.000000 1.000000
v -16 25 9 1.000000 1.000000 1.000000
v -16 25 8 1.000000 1.000000 1.000000
v -16 25 7 1.000000 1.000000 1.000000
v -16 25 6 1.000000 1.000000 1.000000
v -16 25 5 1.000000 1.000000 1.000000
v -16 25 4 1.000000 1.000000 1.000000
v -16 25 3 1.000000 1.000000 1.000000
v -16 25 2 1.000000 1.000000 1.000000
v -16 25 1 1.000000 1.000000 1.000000
v -16 25 0 1.000000 1.000000 1.000000
v -15 26 16 1.000000 1.000000 1.000000
v -16 26 16 1.000000 1.000000 1.000000
v -16 26 15 1.000000 1.000000 1.000000
v -14 26 16 1.000000 1.000000 1.000000
v -13 26 16 1.000000 1.000000 1.000000
v -12 26 16 1.000000 1.000000 1.000000
v -11 26 16 1.000000 1.000000 1.000000
v -10 26 16 1.000000 1.000000 1.000000
v -9 26 16 1.000000 1.000000 1.000000
v -8 26 16 1.000000 1.000000 1.000000
v -7 26 16 1.000000 1.000000 1.000000
v -6 26 16 1.000000 1.000000 1.000000
v -5 26 16 1.000000 1.000000 1.000000
v -4 26 16 1.000000 1.000000 1.000000
v -3 26 16 1.000000 1.000000 1.000000
v -2 26 16 1.000000 1.000000 1.000000
v -1 26 16 1.000000 1.000000 1.000000
v 0 26 16 1.000000 1.000000 1.000000
v -16 26 14 1.000000 1.000000 1.000000
v -16 26 13 1.000000 1.000000 1.000000
v -16 26 12 1.000000 1.000000 1.000000
v -16 26 11 1.000000 1.000000 1.000000
v -16 26 10 1.000000 1.000000 1.000000
v -16 26 9 1.000000 1.000000 1.000000
v -16 26 8 1.000000 1.000000 1.000000
v -16 26 7 1.000000 1.000000 1.000000
v -16 26 6 1.000000 1.000000 1.000000
v -16 26 5 1.000000 1.000000 1.000000
v -16 26 4 1.000000 1.000000 1.000000
v -16 26 3 1.000000 1.000000 1.000000
v -16 26 2 1.000000 1.000000 1.000000
v -16 26 1 1.000000 1.000000 1.000000
v -16 26 0 1.000000 1.000000 1.000000
v -15 27 16 1.000000 1.000000 1.000000
v -16 27 16 1.000000 1.000000 1.000000
v -16 27 15 1.000000 1.000000 1.000000
v -14 27 16 1.000000 1.000000 1.000000
v -13 27 16 1.000000 1.000000 1.000000
v -12 27 16 1.000000 1.000000 1.000000
v -11 27 16 1.000000 1.000000 1.000000
v -10 27 16 1.000000 1.000000 1.000000
v -9 27 16 1.000000 1.000000 1.000000
v -8 27 16 1.000000 1.000000 1.000000
v -7 27 16 1.000000 1.000000 1.000000
v -6 27 16 1.000000 1.000000 1.000000
v -5 27 16 1.000000 1.000000 1.000000
v -4 27 16 1.000000 1.000000 1.000000
v -3 27 16 1.000000 1.000000 1.000000
v -2 27 16 1.000000 1.000000 1.000000
v -1 27 16 1.000000 1.000000 1.000000
v 0 27 16 1.000000 1.000000 1.000000
v -16 27 14 1.000000 1.000000 1.000000
v -16 27 13 1.000000 1.000000 1.000000
v -16 27 12 1.000000 1.000000 1.000000
v -16 27 11 1.000000 1.000000 1.000000
v -16 27 10 1.000000 1.000000 1.000000
v -16 27 9 1.000000 1.000000 1.000000
v -16 27 8 1.000000 1.000000 1.000000
v -16 27 7 1.000000 1.000000 1.000000
v -16 27 6 1.000000 1.000000 1.000000
v -16 27 5 1.000000 1.000000 1.000000
v -16 27 4 1.000000 1.000000 1.000000
v -16 27 3 1.000000 1.000000 1.000000
v -16 27 2 1.000000 1.000000 1.000000
v -16 27 1 1.000000 1.000000 1.000000
v -16 27 0 1.000000 1.000000 1.000000
v -15 28 16 1.000000 1.000000 1.000000
v -16 28 16 1.000000 1.000000 1.000000
v -16 28 15 1.000000 1.000000 1.000000
v -14 28 16 1.000000 1.000000 1.000000
v -13 28 16 1.000000 1.000000 1.000000
v -12 28 16 1.000000 1.000000 1.000000
v -11 28 16 1.000000 1.000000 1.000000
v -10 28 16 1.000000 1.000000 1.000000
v -9 28 16 1.000000 1.000000 1.000000
v -8 28 16 1.000000 1.000000 1.000000
v -7 28 16 1.000000 1.000000 1.000000
v -6 28 16 1.000000 1.000000 1.000000
v -5 28 16 1.000000 1.000000 1.000000
v -4 28 16 1.000000 1.000000 1.000000
v -3 28 16 1.000000 1.000000 1.000000
v -2 28 16 1.000000 1.000000 1.000000
v -1 28 16 1.000000 1.000000 1.000000
v 0 28 16 1.000000 1.000000 1.000000
v -16 28 14 1.000000 1.000000 1.000000
v -16 28 13 1.000000 1.000000 1.000000
v -16 28 12 1.000000 1.000000 1.000000
v -16 28 11 1.000000 1.000000 1.000000
v -16 28 10 1.000000 1.000000 1.000000
v -16 28 9 1.000000 1.000000 1.000000
v -16 28 8 1.000000 1.000000 1.000000
v -16 28 7 1.000000 1.000000 1.000000
v -16 28 6 1.000000 1.000000 1.000000
v -16 28 5 1.000000 1.000000 1.000000
v -16 28 4 1.000000 1.000000 1.000000
v -16 28 3 1.000000 1.000000 1.000000
v -16 28 2 1.000000 1.000000 1.000000
v -16 28 1 1.000000 1.000000 1.000000
v -16 28 0 1.000000 1.000000 1.000000
v -15 29 16 1.000000 1.000000 1.000000
v -16 29 16 1.000000 1.000000 1.000000
v -16 29 15 1.000000 1.000000 1.000000
v -14 29 16 1.000000 1.000000 1.000000
v -13 29 16 1.000000 1.000000 1.000000
v -12 29 16 1.000000 1.000000 1.000000
v -11 29 16 1.000000 1.000000 1.000000
v -10 29 16 1.000000 1.000000 1.000000
v -9 29 16 1.000000 1.000000 1.000000
v -8 29 16 1.000000 1.000000 1.000000
v -7 29 16 1.000000 1.000000 1.000000
v -6 29 16 1.000000 1.000000 1.000000
v -5 29 16 1.000000 1.000000 1.000000
v -4 29 16 1.000000 1.000000 1.000000
v -3 29 16 1.000000 1.000000 1.000000
v -2 29 16 1.000000 1.000000 1.000000
v -1 29 16 1.000000 1.000000 1.000000
v 0 29 16 1.000000 1.000000 1.000000
v -16 29 14 1.000000 1.000000 1.000000
v -16 29 13 1.000000 1.000000 1.000000
v -16 29 12 1.000000 1.000000 1.000000
v -16 29 11 1.000000 1.000000 1.000000
v -16 29 10 1.000000 1.000000 1.000000
v -16 29 9 1.000000 1.000000 1.000000
v -16 29 8 1.000000 1.000000 1.000000
v -16 29 7 1.000000 1.000000 1.000000
v -16 29 6 1.000000 1.000000 1.000000
v -16 29 5 1.000000 1.000000 1.000000
v -16 29 4 1.000000 1.000000 1.000000
v -16 29 3 1.000000 1.000000 1.000000
v -16 29 2 1.000000 1.000000 1.000000
v -16 29 1 1.000000 1.000000 1.000000
v -16 29 0 1.000000 1.000000 1.000000
v -15 30 16 1.000000 1.000000 1.000000
v -16 30 16 1.000000 1.000000 1.000000
v -16 30 15 1.000000 1.000000 1.000000
v -14 30 16 1.000000 1.000000 1.000000
v -13 30 16 1.000000 1.000000 1.000000
v -12 30 16 1.000000 1.000000 1.000000
v -11 30 16 1.000000 1.000000 1.000000
v -10 30 16 1.000000 1.000000 1.000000
v -9 30 16 1.000000 1.000000 1.000000
v -8 30 16 1.000000 1.000000 1.000000
v -7 30 16 1.000000 1.000000 1.000000
v -6 30 16 1.000000 1.000000 1.000000
v -5 30 16 1.000000 1.000000 1.000000
v -4 30 16 1.000000 1.000000 1.000000
v -3 30 16 1.000000 1.000000 1.000000
v -2 30 16 1.000000 1.000000 1.000000
v -1 30 16 1.000000 1.000000 1.000000
v 0 30 16 1.000000 1.000000 1.000000
v -16 30 14 1.000000 1.000000 1.000000
v -16 30 13 1.000000 1.000000 1.000000
v -16 30 12 1.000000 1.000000 1.000000
v -16 30 11 1.000000 1.000000 1.000000
v -16 30 10 1.000000 1.000000 1.000000
v -16 30 9 1.000000 1.000000 1.000000
v -16 30 8 1.000000 1.000000 1.000000
v -16 30 7 1.000000 1.000000 1.000000
v -16 30 6 1.000000 1.000000 1.000000
v -16 30 5 1.000000 1.000000 1.000000
v -16 30 4 1.000000 1.000000 1.000000
v -16 30 3 1.000000 1.000000 1.000000
v -16 30 2 1.000000 1.000000 1.000000
v -16 30 1 1.000000 1.000000 1.000000
v -16 30 0 1.000000 1.000000 1.000000
v -15 31 16 1.000000 1.000000 1.000000
v -16 31 16 1.000000 1.000000 1.000000
v -16 31 15 1.000000 1.000000 1.000000
v -14 31 16 1.000000 1.000000 1.000000
v -13 31 16 1.000000 1.000000 1.000000
v -12 31 16 1.000000 1.000000 1.000000
v -11 31 16 1.000000 1.000000 1.000000
v -10 31 16 1.000000 1.000000 1.000000
v -9 31 16 1.000000 1.000000 1.000000
v -8 31 16 1.000000 1.000000 1.000000
v -7 31 16 1.000000 1.000000 1.000000
v -6 31 16 1.000000 1.000000 1.000000
v -5 31 16 1.000000 1.000000 1.000000
v -4 31 16 1.000000 1.000000 1.000000
v -3 31 16 1.000000 1.000000 1.000000
v -2 31 16 1.000000 1.000000 1.000000
v -1 31 16 1.000000 1.000000 1.000000
v 0 31 16 1.000000 1.000000 1.000000
v -16 31 14 1.000000 1.000000 1.000000
v -16 31 13 1.000000 1.000000 1.000000
v -16 31 12 1.000000 1.000000 1.000000
v -16 31 11 1.000000 1.000000 1.000000
v -16 31 10 1.000000 1.000000 1.000000
v -16 31 9 1.000000 1.000000 1.000000
v -16 31 8 1.000000 1.000000 1.000000
v -16 31 7 1.000000 1.000000 1.000000
v -16 31 6 1.000000 1.000000 1.000000
v -16 31 5 1.000000 1.000000 1.000000
v -16 31 4 1.000000 1.000000 1.000000
v -16 31 3 1.000000 1.000000 1.000000
v -16 31 2 1.000000 1.000000 1.000000
v -16 31 1 1.000000 1.000000 1.000000
v -16 31 0 1.000000 1.000000 1.000000
v -15 32 16 1.000000 1.000000 1.000000
v -16 32 16 1.000000 1.000000 1.000000
v -15 32 15 1.000000 1.000000 1.000000
v -16 32 15 1.000000 1.000000 1.000000
v -14 32 16 1.000000 1.000000 1.000000
v -14 32 15 1.000000 1.000000 1.000000
v -13 32 16 1.000000 1.000000 1.000000
v -13 32 15 1.000000 1.000000 1.000000
v -12 32 16 1.000000 1.000000 1.000000
v -12 32 15 1.000000 1.000000 1.000000
v -11 32 16 1.000000 1.000000 1.000000
v -11 32 15 1.000000 1.000000 1.000000
v -10 32 16 1.000000 1.000000 1.000000
v -10 32 15 1.000000 1.000000 1.000000
v -9 32 16 1.000000 1.000000 1.000000
v -9 32 15 1.000000 1.000000 1.000000
v -8 32 16 1.000000 1.000000 1.000000
v -8 32 15 1.000000 1.000000 1.000000
v -7 32 16 1.000000 1.000000 1.000000
v -7 32 15 1.000000 1.000000 1.000000
v -6 32 16 1.000000 1.000000 1.000000
v -6 32 15 1.000000 1.000000 1.000000
v -5 32 16 1.000000 1.000000 1.000000
v -5 32 15 1.000000 1.000000 1.000000
v -4 32 16 1.000000 1.000000 1.000000
v -4 32 15 1.000000 1.000000 1.000000
v -3 32 16 1.000000 1.000000 1.000000
v -3 32 15 1.000000 1.000000 1.000000
v -2 32 16 1.000000 1.000000 1.000000
v -2 32 15 1.000000 1.000000 1.000000
v -1 32 16 1.000000 1.000000 1.000000
v -1 32 15 1.000000 1.000000 1.000000
v 0 32 16 1.000000 1.000000 1.000000
v 0 32 15 1.000000 1.000000 1.000000
v -15 32 14 1.000000 1.000000 1.000000
v -16 32 14 1.000000 1.000000 1.000000
v -14 32 14 1.000000 1.000000 1.000000
v -13 32 14 1.000000 1.000000 1.000000
v -12 32 14 1.000000 1.000000 1.000000
v -11 32 14 1.000000 1.000000 1.000000
v -10 32 14 1.000000 1.000000 1.000000
v -9 32 14 1.000000 1.000000 1.000000
v -8 32 14 1.000000 1.000000 1.000000
v -7 32 14 1.000000 1.000000 1.000000
v -6 32 14 1.000000 1.000000 1.000000
v -5 32 14 1.000000 1.000000 1.000000
v -4 32 14 1.000000 1.000000 1.000000
v -3 32 14 1.000000 1.000000 1.000000
v -2 32 14 1.000000 1.000000 1.000000
v -1 32 14 1.000000 1.000000 1.000000
v 0 32 14 1.000000 1.000000 1.000000
v -15 32 13 1.000000 1.000000 1.000000
v -16 32 13 1.000000 1.000000 1.000000
v -14 32 13 1.000000 1.000000 1.000000
v -13 32 13 1.000000 1.000000 1.000000
v -12 32 13 1.000000 1.000000 1.000000
v -11 32 13 1.000000 1.000000 1.000000
v -10 32 13 1.000000 1.000000 1.000000
v -9 32 13 1.000000 1.000000 1.000000
v -8 32 13 1.000000 1.000000 1.000000
v -7 32 13 1.000000 1.000000 1.000000
v -6 32 13 1.000000 1.000000 1.000000
v -5 32 13 1.000000 1.000000 1.000000
v -4 32 13 1.000000 1.000000 1.000000
v -3 32 13 1.000000 1.000000 1.000000
v -2 32 13 1.000000 1.000000 1.000000
v -1 32 13 1.000000 1.000000 1.000000
v 0 32 13 1.000000 1.000000 1.000000
v -15 32 12 1.000000 1.000000 1.000000
v -16 32 12 1.000000 1.000000 1.000000
v -14 32 12 1.000000 1.000000 1.000000
v -13 32 12 1.000000 1.000000 1.000000
v -12 32 12 1.000000 1.000000 1.000000
v -11 32 12 1.000000 1.000000 1.000000
v -10 32 12 1.000000 1.000000 1.000000
v -9 32 12 1.000000 1.000000 1.000000
v -8 32 12 1.000000 1.000000 1.000000
v -7 32 12 1.000000 1.000000 1.000000
v -6 32 12 1.000000 1.000000 1.000000
v -5 32 12 1.000000 1.000000 1.000000
v -4 32 12 1.000000 1.000000 1.000000
v -3 32 12 1.000000 1.000000 1.000000
v -2 32 12 1.000000 1.000000 1.000000
v -1 32 12 1.000000 1.000000 1.000000
v 0 32 12 1.000000 1.000000 1.000000
v -15 32 11 1.000000 1.000000 1.000000
v -16 32 11 1.000000 1.000000 1.000000
v -14 32 11 1.000000 1.000000 1.000000
v -13 32 11 1.000000 1.000000 1.000000
v -12 32 11 1.000000 1.000000 1.000000
v -11 32 11 1.000000 1.000000 1.000000
v -10 32 11 1.000000 1.000000 1.000000
v -9 32 11 1.000000 1.000000 1.000000
v -8 32 11 1.000000 1.000000 1.000000
v -7 32 11 1.000000 1.000000 1.000000
v -6 32 11 1.000000 1.000000 1.000000
v -5 32 11 1.000000 1.000000 1.000000
v -4 32 11 1.000000 1.000000 1.000000
v -3 32 11 1.000000 1.000000 1.000000
v -2 32 11 1.000000 1.000000 1.000000
v -1 32 11 1.000000 1.000000 1.000000
v 0 32 11 1.000000 1.000000 1.000000
v -15 32 10 1.000000 1.000000 1.000000
v -16 32 10 1.000000 1.000000 1.000000
v -14 32 10 1.000000 1.000000 1.000000
v -13 32 10 1.000000 1.000000 1.000000
v -12 32 10 1.000000 1.000000 1.000000
v -11 32 10 1.000000 1.000000 1.000000
v -10 32 10 1.000000 1.000000 1.000000
v -9 32 10 1.000000 1.000000 1.000000
v -8 32 10 1.000000 1.000000 1.000000
v -7 32 10 1.000000 1.000000 1.000000
v -6 32 10 1.000000 1.000000 1.000000
v -5 32 10 1.000000 1.000000 1.000000
v -4 32 10 1.000000 1.000000 1.000000
v -3 32 10 1.000000 1.000000 1.000000
v -2 32 10 1.000000 1.000000 1.000000
v -1 32 10 1.000000 1.000000 1.000000
v 0 32 10 1.000000 1.000000 1.000000
v -15 32 9 1.000000 1.000000 1.000000
v -16 32 9 1.000000 1.000000 1.000000
v -14 32 9 1.000000 1.000000 1.000000
v -13 32 9 1.000000 1.000000 1.000000
v -12 32 9 1.000000 1.000000 1.000000
v -11 32 9 1.000000 1.000000 1.000000
v -10 32 9 1.000000 1.000000 1.000000
v -9 32 9 1.000000 1.000000 1.000000
v -8 32 9 1.000000 1.000000 1.000000
v -7 32 9 1.000000 1.000000 1.000000
v -6 32 9 1.000000 1.000000 1.000000
v -5 32 9 1.000000 1.000000 1.000000
v -4 32 9 1.000000 1.000000 1.000000
v -3 32 9 1.000000 1.000000 1.000000
v -2 32 9 1.000000 1.000000 1.000000
v -1 32 9 1.000000 1.000000 1.000000
v 0 32 9 1.000000 1.000000 1.000000
v -15 32 8 1.000000 1.000000 1.000000
v -16 32 8 1.000000 1.000000 1.000000
v -14 32 8 1.000000 1.000000 1.000000
v -13 32 8 1.000000 1.000000 1.000000
v -12 32 8 1.000000 1.000000 1.000000
v -11 32 8 1.000000 1.000000 1.000000
v -10 32 8 1.000000 1.000000 1.000000
v -9 32 8 1.000000 1.000000 1.000000
v -8 32 8 1.000000 1.000000 1.000000
v -7 32 8 1.000000 1.000000 1.000000
v -6 32 8 1.000000 1.000000 1.000000
v -5 32 8 1.000000 1.000000 1.000000
v -4 32 8 1.000000 1.000000 1.000000
v -3 32 8 1.000000 1.000000 1.000000
v -2 32 8 1.000000 1.000000 1.000000
v -1 32 8 1.000000 1.000000 1.000000
v 0 32 8 1.000000 1.000000 1.000000
v -15 32 7 1.000000 1.000000 1.000000
v -16 32 7 1.000000 1.000000 1.000000
v -14 32 7 1.000000 1.000000 1.000000
v -13 32 7 1.000000 1.000000 1.000000
v -12 32 7 1.000000 1.000000 1.000000
v -11 32 7 1.000000 1.000000 1.000000
v -10 32 7 1.000000 1.000000 1.000000
v -9 32 7 1.000000 1.000000 1.000000
v -8 32 7 1.000000 1.000000 1.000000
v -7 32 7 1.000000 1.000000 1.000000
v -6 32 7 1.000000 1.000000 1.000000
v -5 32 7 1.000000 1.000000 1.000000
v -4 32 7 1.000000 1.000000 1.000000
v -3 32 7 1.000000 1.000000 1.000000
v -2 32 7 1.000000 1.000000 1.000000
v -1 32 7 1.000000 1.000000 1.000000
v 0 32 7 1.000000 1.000000 1.000000
v -15 32 6 1.000000 1.000000 1.000000
v -16 32 6 1.000000 1.000000 1.000000
v -14 32 6 1.000000 1.000000 1.000000
v -13 32 6 1.000000 1.000000 1.000000
v -12 32 6 1.000000 1.000000 1.000000
v -11 32 6 1.000000 1.000000 1.000000
v -10 32 6 1.000000 1.000000 1.000000
v -9 32 6 1.000000 1.000000 1.000000
v -8 32 6 1.000000 1.000000 1.000000
v -7 32 6 1.000000 1.000000 1.000000
v -6 32 6 1.000000 1.000000 1.000000
v -5 32 6 1.000000 1.000000 1.000000
v -4 32 6 1.000000 1.000000 1.000000
v -3 32 6 1.000000 1.000000 1.000000
v -2 32 6 1.000000 1.000000 1.000000
v -1 32 6 1.000000 1.000000 1.000000
v 0 32 6 1.000000 1.000000 1.000000
v -15 32 5 1.000000 1.000000 1.000000
v -16 32 5 1.000000 1.000000 1.000000
v -14 32 5 1.000000 1.000000 1.000000
v -13 32 5 1.000000 1.000000 1.000000
v -12 32 5 1.000000 1.000000 1.000000
v -11 32 5 1.000000 1.000000 1.000000
v -10 32 5 1.000000 1.000000 1.000000
v -9 32 5 1.000000 1.000000 1.000000
v -8 32 5 1.000000 1.000000 1.000000
v -7 32 5 1.000000 1.000000 1.000000
v -6 32 5 1.000000 1.000000 1.000000
v -5 32 5 1.000000 1.000000 1.000000
v -4 32 5 1.000000 1.000000 1.000000
v -3 32 5 1.000000 1.000000 1.000000
v -2 32 5 1.000000 1.000000 1.000000
v -1 32 5 1.000000 1.000000 1.000000
v 0 32 5 1.000000 1.000000 1.000000
v -15 32 4 1.000000 1.000000 1.000000
v -16 32 4 1.000000 1.000000 1.000000
v -14 32 4 1.000000 1.000000 1.000000
v -13 32 4 1.000000 1.000000 1.000000
v -12 32 4 1.000000 1.000000 1.000000
v -11 32 4 1.000000 1.000000 1.000000
v -10 32 4 1.000000 1.000000 1.000000
v -9 32 4 1.000000 1.000000 1.000000
v -8 32 4 1.000000 1.000000 1.000000
v -7 32 4 1.000000 1.000000 1.000000
v -6 32 4 1.000000 1.000000 1.000000
v -5 32 4 1.000000 1.000000 1.000000
v -4 32 4 1.000000 1.000000 1.000000
v -3 32 4 1.000000 1.000000 1.000000
v -2 32 4 1.000000 1.000000 1.000000
v -1 32 4 1.000000 1.000000 1.000000
v 0 32 4 1.000000 1.000000 1.000000
v -15 32 3 1.000000 1.000000 1.000000
v -16 32 3 1.000000 1.000000 1.000000
v -14 32 3 1.000000 1.000000 1.000000
v -13 32 3 1.000000 1.000000 1.000000
v -12 32 3 1.000000 1.000000 1.000000
v -11 32 3 1.000000 1.000000 1.000000
v -10 32 3 1.000000 1.000000 1.000000
v -9 32 3 1.000000 1.000000 1.000000
v -8 32 3 1.000000 1.000000 1.000000
v -7 32 3 1.000000 1.000000 1.000000
v -6 32 3 1.000000 1.000000 1.000000
v -5 32 3 1.000000 1.000000 1.000000
v -4 32 3 1.000000 1.000000 1.000000
v -3 32 3 1.000000 1.000000 1.000000
v -2 32 3 1.000000 1.000000 1.000000
v -1 32 3 1.000000 1.000000 1.000000
v 0 32 3 1.000000 1.000000 1.000000
v -15 32 2 1.000000 1.000000 1.000000
v -16 32 2 1.000000 1.000000 1.000000
v -14 32 2 1.000000 1.000000 1.000000
v -13 32 2 1.000000 1.000000 1.000000
v -12 32 2 1.000000 1.000000 1.000000
v -11 32 2 1.000000 1.000000 1.000000
v -10 32 2 1.000000 1.000000 1.000000
v -9 32 2 1.000000 1.000000 1.000000
v -8 32 2 1.000000 1.000000 1.000000
v -7 32 2 1.000000 1.000000 1.000000
v -6 32 2 1.000000 1.000000 1.000000
v -5 32 2 1.000000 1.000000 1.000000
v -4 32 2 1.000000 1.000000 1.000000
v -3 32 2 1.000000 1.000000 1.000000
v -2 32 2 1.000000 1.000000 1.000000
v -1 32 2 1.000000 1.000000 1.000000
v 0 32 2 1.000000 1.000000 1.000000
v -15 32 1 1.000000 1.000000 1.000000
v -16 32 1 1.000000 1.000000 1.000000
v -14 32 1 1.000000 1.000000 1.000000
v -13 32 1 1.000000 1.000000 1.000000
v -12 32 1 1.000000 1.000000 1.000000
v -11 32 1 1.000000 1.000000 1.000000
v -10 32 1 1.000000 1.000000 1.000000
v -9 32 1 1.000000 1.000000 1.000000
v -8 32 1 1.000000 1.000000 1.000000
v -7 32 1 1.000000 1.000000 1.000000
v -6 32 1 1.000000 1.000000 1.000000
v -5 32 1 1.000000 1.000000 1.000000
v -4 32 1 1.000000 1.000000 1.000000
v -3 32 1 1.000000 1.000000 1.000000
v -2 32 1 1.000000 1.000000 1.000000
v -1 32 1 1.000000 1.000000 1.000000
v 0 32 1 1.000000 1.000000 1.000000
v -15 32 0 1.000000 1.000000 1.000000
v -16 32 0 1.000000 1.000000 1.000000
v -14 32 0 1.000000 1.000000 1.000000
v -13 32 0 1.000000 1.000000 1.000000
v -12 32 0 1.000000 1.000000 1.000000
v -11 32 0 1.000000 1.000000 1.000000
v -10 32 0 1.000000 1.000000 1.000000
v -9 32 0 1.000000 1.000000 1.000000
v -8 32 0 1.000000 1.000000 1.000000
v -7 32 0 1.000000 1.000000 1.000000
v -6 32 0 1.000000 1.000000 1.000000
v -5 32 0 1.000000 1.000000 1.000000
v -4 32 0 1.000000 1.000000 1.000000
v -3 32 0 1.000000 1.000000 1.000000
v -2 32 0 1.000000 1.000000 1.000000
v -1 32 0 1.000000 1.000000 1.000000
v 0 32 0 1.000000 1.000000 1.000000
v 1 16 16 1.000000 1.000000 1.000000
v 1 17 16 1.000000 1.000000 1.000000
v 2 16 16 1.000000 1.000000 1.000000
v 2 17 16 1.000000 1.000000 1.000000
v 3 16 16 1.000000 1.000000 1.000000
v 3 17 16 1.000000 1.000000 1.000000
v 4 16 16 1.000000 1.000000 1.000000
v 4 17 16 1.000000 1.000000 1.000000
v 5 16 16 1.000000 1.000000 1.000000
v 5 17 16 1.000000 1.000000 1.000000
v 6 16 16 1.000000 1.000000 1.000000
v 6 17 16 1.000000 1.000000 1.000000
v 7 16 16 1.000000 1.000000 1.000000
v 7 17 16 1.000000 1.000000 1.000000
v 8 16 16 1.000000 1.000000 1.000000
v 8 17 16 1.000000 1.000000 1.000000
v 9 16 16 1.000000 1.000000 1.000000
v 9 17 16 1.000000 1.000000 1.000000
v 10 16 16 1.000000 1.000000 1.000000
v 10 17 16 1.000000 1.000000 1.000000
v 11 16 16 1.000000 1.000000 1.000000
v 11 17 16 1.000000 1.000000 1.000000
v 12 16 16 1.000000 1.000000 1.000000
v 12 17 16 1.000000 1.000000 1.000000
v 13 16 16 1.000000 1.000000 1.000000
v 13 17 16 1.000000 1.000000 1.000000
v 14 16 16 1.000000 1.000000 1.000000
v 14 17 16 1.000000 1.000000 1.000000
v 15 16 16 1.000000 1.000000 1.000000
v 15 17 16 1.000000 1.000000 1.000000
v 16 16 16 1.000000 1.000000 1.000000
v 16 17 16 1.000000 1.000000 1.000000
v 16 16 15 1.000000 1.000000 1.000000
v 16 17 15 1.000000 1.000000 1.000000
v 16 16 14 1.000000 1.000000 1.000000
v 16 17 14 1.000000 1.000000 1.000000
v 16 16 13 1.000000 1.000000 1.000000
v 16 17 13 1.000000 1.000000 1.000000
v 16 16 12 1.000000 1.000000 1.000000
v 16 17 12 1.000000 1.000000 1.000000
v 16 16 11 1.000000 1.000000 1.000000
v 16 17 11 1.000000 1.000000 1.000000
v 16 16 10 1.000000 1.000000 1.000000
v 16 17 10 1.000000 1.000000 1.000000
v 16 16 9 1.000000 1.000000 1.000000
v 16 17 9 1.000000 1.000000 1.000000
v 16 16 8 1.000000 1.000000 1.000000
v 16 17 8 1.000000 1.000000 1.000000
v 16 16 7 1.000000 1.000000 1.000000
v 16 17 7 1.000000 1.000000 1.000000
v 16 16 6 1.000000 1.000000 1.000000
v 16 17 6 1.000000 1.000000 1.000000
v 16 16 5 1.000000 1.000000 1.000000
v 16 17 5 1.000000 1.000000 1.000000
v 16 16 4 1.000000 1.000000 1.000000
v 16 17 4 1.000000 1.000000 1.000000
v 16 16 3 1.000000 1.000000 1.000000
v 16 17 3 1.000000 1.000000 1.000000
v 16 16 2 1.000000 1.000000 1.000000
v 16 17 2 1.000000 1.000000 1.000000
v 16 16 1 1.000000 1.000000 1.000000
v 16 17 1 1.000000 1.000000 1.000000
v 16 17 0 1.000000 1.000000 1.000000
v 1 18 16 1.000000 1.000000 1.000000
v 2 18 16 1.000000 1.000000 1.000000
v 3 18 16 1.000000 1.000000 1.000000
v 4 18 16 1.000000 1.000000 1.000000
v 5 18 16 1.000000 1.000000 1.000000
v 6 18 16 1.000000 1.000000 1.000000
v 7 18 16 1.000000 1.000000 1.000000
v 8 18 16 1.000000 1.000000 1.000000
v 9 18 16 1.000000 1.000000 1.000000
v 10 18 16 1.000000 1.000000 1.000000
v 11 18 16 1.000000 1.000000 1.000000
v 12 18 16 1.000000 1.000000 1.000000
v 13 18 16 1.000000 1.000000 1.000000
v 14 18 16 1.000000 1.000000 1.000000
v 15 18 16 1.000000 1.000000 1.000000
v 16 18 16 1.000000 1.000000 1.000000
v 16 18 15 1.000000 1.000000 1.000000
v 16 18 14 1.000000 1.000000 1.000000
v 16 18 13 1.000000 1.000000 1.000000
v 16 18 12 1.000000 1.000000 1.000000
v 16 18 11 1.000000 1.000000 1.000000
v 16 18 10 1.000000 1.000000 1.000000
v 16 18 9 1.000000 1.000000 1.000000
v 16 18 8 1.000000 1.000000 1.000000
v 16 18 7 1.000000 1.000000 1.000000
v 16 18 6 1.000000 1.000000 1.000000
v 16 18 5 1.000000 1.000000 1.000000
v 16 18 4 1.000000 1.000000 1.000000
v 16 18 3 1.000000 1.000000 1.000000
v 16 18 2 1.000000 1.000000 1.000000
v 16 18 1 1.000000 1.000000 1.000000
v 16 18 0 1.000000 1.000000 1.000000
v 1 19 16 1.000000 1.000000 1.000000
v 2 19 16 1.000000 1.000000 1.000000
v 3 19 16 1.000000 1.000000 1.000000
v 4 19 16 1.000000 1.000000 1.000000
v 5 19 16 1.000000 1.000000 1.000000
v 6 19 16 1.000000 1.000000 1.000000
v 7 19 16 1.000000 1.000000 1.000000
v 8 19 16 1.000000 1.000000 1.000000
v 9 19 16 1.000000 1.000000 1.000000
v 10 19 16 1.000000 1.000000 1.000000
v 11 19 16 1.000000 1.000000 1.000000
v 12 19 16 1.000000 1.000000 1.000000
v 13 19 16 1.000000 1.000000 1.000000
v 14 19 16 1.000000 1.000000 1.000000
v 15 19 16 1.000000 1.000000 1.000000
v 16 19 16 1.000000 1.000000 1.000000
v 16 19 15 1.000000 1.000000 1.000000
v 16 19 14 1.000000 1.000000 1.000000
v 16 19 13 1.000000 1.000000 1.000000
v 16 19 12 1.000000 1.000000 1.000000
v 16 19 11 1.000000 1.000000 1.000000
v 16 19 10 1.000000 1.000000 1.000000
v 16 19 9 1.000000 1.000000 1.000000
v 16 19 8 1.000000 1.000000 1.000000
v 16 19 7 1.000000 1.000000 1.000000
v 16 19 6 1.000000 1.000000 1.000000
v 16 19 5 1.000000 1.000000 1.000000
v 16 19 4 1.000000 1.000000 1.000000
v 16 19 3 1.000000 1.000000 1.000000
v 16 19 2 1.000000 1.000000 1.000000
v 16 19 1 1.000000 1.000000 1.000000
v 16 19 0 1.000000 1.000000 1.000000
v 1 20 16 1.000000 1.000000 1.000000
v 2 20 16 1.000000 1.000000 1.000000
v 3 20 16 1.000000 1.000000 1.000000
v 4 20 16 1.000000 1.000000 1.000000
v 5 20 16 1.000000 1.000000 1.000000
v 6 20 16 1.000000 1.000000 1.000000
v 7 20 16 1.000000 1.000000 1.000000
v 8 20 16 1.000000 1.000000 1.000000
v 9 20 16 1.000000 1.000000 1.000000
v 10 20 16 1.000000 1.000000 1.000000
v 11 20 16 1.000000 1.000000 1.000000
v 12 20 16 1.000000 1.000000 1.000000
v 13 20 16 1.000000 1.000000 1.000000
v 14 20 16 1.000000 1.000000 1.000000
v 15 20 16 1.000000 1.000000 1.000000
v 16 20 16 1.000000 1.000000 1.000000
v 16 20 15 1.000000 1.000000 1.000000
v 16 20 14 1.000000 1.000000 1.000000
v 16 20 13 1.000000 1.000000 1.000000
v 16 20 12 1.000000 1.000000 1.000000
v 16 20 11 1.000000 1.000000 1.000000
v 16 20 10 1.000000 1.000000 1.000000
v 16 20 9 1.000000 1.000000 1.000000
v 16 20 8 1.000000 1.000000 1.000000
v 16 20 7 1.000000 1.000000 1.000000
v 16 20 6 1.000000 1.000000 1.000000
v 16 20 5 1.000000 1.000000 1.000000
v 16 20 4 1.000000 1.000000 1.000000
v 16 20 3 1.000000 1.000000 1.000000
v 16 20 2 1.000000 1.000000 1.000000
v 16 20 1 1.000000 1.000000 1.000000
v 16 20 0 1.000000 1.000000 1.000000
v 1 21 16 1.000000 1.000000 1.000000
v 2 21 16 1.000000 1.000000 1.000000
v 3 21 16 1.000000 1.000000 1.000000
v 4 21 16 1.000000 1.000000 1.000000
v 5 21 16 1.000000 1.000000 1.000000
v 6 21 16 1.000000 1.000000 1.000000
v 7 21 16 1.000000 1.000000 1.000000
v 8 21 16 1.000000 1.000000 1.000000
v 9 21 16 1.000000 1.000000 1.000000
v 10 21 16 1.000000 1.000000 1.000000
v 11 21 16 1.000000 1.000000 1.000000
v 12 21 16 1.000000 1.000000 1.000000
v 13 21 16 1.000000 1.000000 1.000000
v 14 21 16 1.000000 1.000000 1.000000
v 15 21 16 1.000000 1.000000 1.000000
v 16 21 16 1.000000 1.000000 1.000000
v 16 21 15 1.000000 1.000000 1.000000
v 16 21 14 1.000000 1.000000 1.000000
v 16 21 13 1.000000 1.000000 1.000000
v 16 21 12 1.000000 1.000000 1.000000
v 16 21 11 1.000000 1.000000 1.000000
v 16 21 10 1.000000 1.000000 1.000000
v 16 21 9 1.000000 1.000000 1.000000
v 16 21 8 1.000000 1.000000 1.000000
v 16 21 7 1.000000 1.000000 1.000000
v 16 21 6 1.000000 1.000000 1.000000
v 16 21 5 1.000000 1.000000 1.000000
v 16 21 4 1.000000 1.000000 1.000000
v 16 21 3 1.000000 1.000000 1.000000
v 16 21 2 1.000000 1.000000 1.000000
v 16 21 1 1.000000 1.000000 1.000000
v 16 21 0 1.000000 1.000000 1.000000
v 1 22 16 1.000000 1.000000 1.000000
v 2 22 16 1.000000 1.000000 1.000000
v 3 22 16 1.000000 1.000000 1.000000
v 4 22 16 1.000000 1.000000 1.000000
v 5 22 16 1.000000 1.000000 1.000000
v 6 22 16 1.000000 1.000000 1.000000
v 7 22 16 1.000000 1.000000 1.000000
v 8 22 16 1.000000 1.000000 1.000000
v 9 22 16 1.000000 1.000000 1.000000
v 10 22 16 1.000000 1.000000 1.000000
v 11 22 16 1.000000 1.000000 1.000000
v 12 22 16 1.000000 1.000000 1.000000
v 13 22 16 1.000000 1.000000 1.000000
v 14 22 16 1.000000 1.000000 1.000000
v 15 22 16 1.000000 1.000000 1.000000
v 16 22 16 1.000000 1.000000 1.000000
v 16 22 15 1.000000 1.000000 1.000000
v 16 22 14 1.000000 1.000000 1.000000
v 16 22 13 1.000000 1.000000 1.000000
v 16 22 12 1.000000 1.000000 1.000000
v 16 22 11 1.000000 1.000000 1.000000
v 16 22 10 1.000000 1.000000 1.000000
v 16 22 9 1.000000 1.000000 1.000000
v 16 22 8 1.000000 1.000000 1.000000
v 16 22 7 1.000000 1.000000 1.000000
v 16 22 6 1.000000 1.000000 1.000000
v 16 22 5 1.000000 1.000000 1.000000
v 16 22 4 1.000000 1.000000 1.000000
v 16 22 3 1.000000 1.000000 1.000000
v 16 22 2 1.000000 1.000000 1.000000
v 16 22 1 1.000000 1.000000 1.000000
v 16 22 0 1.000000 1.000000 1.000000
v 1 23 16 1.000000 1.000000 1.000000
v 2 23 16 1.000000 1.000000 1.000000
v 3 23 16 1.000000 1.000000 1.000000
v 4 23 16 1.000000 1.000000 1.000000
v 5 23 16 1.000000 1.000000 1.000000
v 6 23 16 1.000000 1.000000 1.000000
v 7 23 16 1.000000 1.000000 1.000000
v 8 23 16 1.000000 1.000000 1.000000
v 9 23 16 1.000000 1.000000 1.000000
v 10 23 16 1.000000 1.000000 1.000000
v 11 23 16 1.000000 1.000000 1.000000
v 12 23 16 1.000000 1.000000 1.000000
v 13 23 16 1.000000 1.000000 1.000000
v 14 23 16 1.000000 1.000000 1.000000
v 15 23 16 1.000000 1.000000 1.000000
v 16 23 16 1.000000 1.000000 1.000000
v 16 23 15 1.000000 1.000000 1.000000
v 16 23 14 1.000000 1.000000 1.000000
v 16 23 13 1.000000 1.000000 1.000000
v 16 23 12 1.000000 1.000000 1.000000
v 16 23 11 1.000000 1.000000 1.000000
v 16 23 10 1.000000 1.000000 1.000000
v 16 23 9 1.000000 1.000000 1.000000
v 16 23 8 1.000000 1.000000 1.000000
v 16 23 7 1.000000 1.000000 1.000000
v 16 23 6 1.000000 1.000000 1.000000
v 16 23 5 1.000000 1.000000 1.000000
v 16 23 4 1.000000 1.000000 1.000000
v 16 23 3 1.000000 1.000000 1.000000
v 16 23 2 1.000000 1.000000 1.000000
v 16 23 1 1.000000 1.000000 1.000000
v 16 23 0 1.000000 1.000000 1.000000
v 1 24 16 1.000000 1.000000 1.000000
v 2 24 16 1.000000 1.000000 1.000000
v 3 24 16 1.000000 1.000000 1.000000
v 4 24 16 1.000000 1.000000 1.000000
v 5 24 16 1.000000 1.000000 1.000000
v 6 24 16 1.000000 1.000000 1.000000
v 7 24 16 1.000000 1.000000 1.000000
v 8 24 16 1.000000 1.000000 1.000000
v 9 24 16 1.000000 1.000000 1.000000
v 10 24 16 1.000000 1.000000 1.000000
v 11 24 16 1.000000 1.000000 1.000000
v 12 24 16 1.000000 1.000000 1.000000
v 13 24 16 1.000000 1.000000 1.000000
v 14 24 16 1.000000 1.000000 1.000000
v 15 24 16 1.000000 1.000000 1.000000
v 16 24 16 1.000000 1.000000 1.000000
v 16 24 15 1.000000 1.000000 1.000000
v 16 24 14 1.000000 1.000000 1.000000
v 16 24 13 1.000000 1.000000 1.000000
v 16 24 12 1.000000 1.000000 1.000000
v 16 24 11 1.000000 1.000000 1.000000
v 16 24 10 1.000000 1.000000 1.000000
v 16 24 9 1.000000 1.000000 1.000000
v 16 24 8 1.000000 1.000000 1.000000
v 16 24 7 1.000000 1.000000 1.000000
v 16 24 6 1.000000 1.000000 1.000000
v 16 24 5 1.000000 1.000000 1.000000
v 16 24 4 1.000000 1.000000 1.000000
v 16 24 3 1.000000 1.000000 1.000000
v 16 24 2 1.000000 1.000000 1.000000
v 16 24 1 1.000000 1.000000 1.000000
v 16 24 0 1.000000 1.000000 1.000000
v 1 25 16 1.000000 1.000000 1.000000
v 2 25 16 1.000000 1.000000 1.000000
v 3 25 16 1.000000 1.000000 1.000000
v 4 25 16 1.000000 1.000000 1.000000
v 5 25 16 1.000000 1.000000 1.000000
v 6 25 16 1.000000 1.000000 1.000000
v 7 25 16 1.000000 1.000000 1.000000
v 8 25 16 1.000000 1.000000 1.000000
v 9 25 16 1.000000 1.000000 1.000000
v 10 25 16 1.000000 1.000000 1.000000
v 11 25 16 1.000000 1.000000 1.000000
v 12 25 16 1.000000 1.000000 1.000000
v 13 25 16 1.000000 1.000000 1.000000
v 14 25 16 1.000000 1.000000 1.000000
v 15 25 16 1.000000 1.000000 1.000000
v 16 25 16 1.000000 1.000000 1.000000
v 16 25 15 1.000000 1.000000 1.000000
v 16 25 14 1.000000 1.000000 1.000000
v 16 25 13 1.000000 1.000000 1.000000
v 16 25 12 1.000000 1.000000 1.000000
v 16 25 11 1.000000 1.000000 1.000000
v 16 25 10 1.000000 1.000000 1.000000
v 16 25 9 1.000000 1.000000 1.000000
v 16 25 8 1.000000 1.000000 1.000000
v 16 25 7 1.000000 1.000000 1.000000
v 16 25 6 1.000000 1.000000 1.000000
v 16 25 5 1.000000 1.000000 1.000000
v 16 25 4 1.000000 1.000000 1.000000
v 16 25 3 1.000000 1.000000 1.000000
v 16 25 2 1.000000 1.000000 1.000000
v 16 25 1 1.000000 1.000000 1.000000
v 16 25 0 1.000000 1.000000 1.000000
v 1 26 16 1.000000 1.000000 1.000000
v 2 26 16 1.000000 1.000000 1.000000
v 3 26 16 1.000000 1.000000 1.000000
v 4 26 16 1.000000 1.000000 1.000000
v 5 26 16 1.000000 1.000000 1.000000
v 6 26 16 1.000000 1.000000 1.000000
v 7 26 16 1.000000 1.000000 1.000000
v 8 26 16 1.000000 1.000000 1.000000
v 9 26 16 1.000000 1.000000 1.000000
v 10 26 16 1.000000 1.000000 1.000000
v 11 26 16 1.000000 1.000000 1.000000
v 12 26 16 1.000000 1.000000 1.000000
v 13 26 16 1.000000 1.000000 1.000000
v 14 26 16 1.000000 1.000000 1.000000
v 15 26 16 1.000000 1.000000 1.000000
v 16 26 16 1.000000 1.000000 1.000000
v 16 26 15 1.000000 1.000000 1.000000
v 16 26 14 1.000000 1.000000 1.000000
v 16 26 13 1.000000 1.000000 1.000000
v 16 26 12 1.000000 1.000000 1.000000
v 16 26 11 1.000000 1.000000 1.000000
v 16 26 10 1.000000 1.000000 1.000000
v 16 26 9 1.000000 1.000000 1.000000
v 16 26 8 1.000000 1.000000 1.000000
v 16 26 7 1.000000 1.000000 1.000000
v 16 26 6 1.000000 1.000000 1.000000
v 16 26 5 1.000000 1.000000 1.000000
v 16 26 4 1.000000 1.000000 1.000000
v 16 26 3 1.000000 1.000000 1.000000
v 16 26 2 1.000000 1.000000 1.000000
v 16 26 1 1.000000 1.000000 1.000000
v 16 26 0 1.000000 1.000000 1.000000
v 1 27 16 1.000000 1.000000 1.000000
v 2 27 16 1.000000 1.000000 1.000000
v 3 27 16 1.000000 1.000000 1.000000
v 4 27 16 1.000000 1.000000 1.000000
v 5 27 16 1.000000 1.000000 1.000000
v 6 27 16 1.000000 1.000000 1.000000
v 7 27 16 1.000000 1.000000 1.000000
v 8 27 16 1.000000 1.000000 1.000000
v 9 27 16 1.000000 1.000000 1.000000
v 10 27 16 1.000000 1.000000 1.000000
v 11 27 16 1.000000 1.000000 1.000000
v 12 27 16 1.000000 1.000000 1.000000
v 13 27 16 1.000000 1.000000 1.000000
v 14 27 16 1.000000 1.000000 1.000000
v 15 27 16 1.000000 1.000000 1.000000
v 16 27 16 1.000000 1.000000 1.000000
v 16 27 15 1.000000 1.000000 1.000000
v 16 27 14 1.000000 1.000000 1.000000
v 16 27 13 1.000000 1.000000 1.000000
v 16 27 12 1.000000 1.000000 1.000000
v 16 27 11 1.000000 1.000000 1.000000
v 16 27 10 1.000000 1.000000 1.000000
v 16 27 9 1.000000 1.000000 1.000000
v 16 27 8 1.000000 1.000000 1.000000
v 16 27 7 1.000000 1.000000 1.000000
v 16 27 6 1.000000 1.000000 1.000000
v 16 27 5 1.000000 1.000000 1.000000
v 16 27 4 1.000000 1.000000 1.000000
v 16 27 3 1.000000 1.000000 1.000000
v 16 27 2 1.000000 1.000000 1.000000
v 16 27 1 1.000000 1.000000 1.000000
v 16 27 0 1.000000 1.000000 1.000000
v 1 28 16 1.000000 1.000000 1.000000
v 2 28 16 1.000000 1.000000 1.000000
v 3 28 16 1.000000 1.000000 1.000000
v 4 28 16 1.000000 1.000000 1.000000
v 5 28 16 1.000000 1.000000 1.000000
v 6 28 16 1.000000 1.000000 1.000000
v 7 28 16 1.000000 1.000000 1.000000
v 8 28 16 1.000000 1.000000 1.000000
v 9 28 16 1.000000 1.000000 1.000000
v 10 28 16 1.000000 1.000000 1.000000
v 11 28 16 1.000000 1.000000 1.000000
v 12 28 16 1.000000 1.000000 1.000000
v 13 28 16 1.000000 1.000000 1.000000
v 14 28 16 1.000000 1.000000 1.000000
v 15 28 16 1.000000 1.000000 1.000000
v 16 28 16 1.000000 1.000000 1.000000
v 16 28 15 1.000000 1.000000 1.000000
v 16 28 14 1.000000 1.000000 1.000000
v 16 28 13 1.000000 1.000000 1.000000
v 16 28 12 1.000000 1.000000 1.000000
v 16 28 11 1.000000 1.000000 1.000000
v 16 28 10 1.000000 1.000000 1.000000
v 16 28 9 1.000000 1.000000 1.000000
v 16 28 8 1.000000 1.000000 1.000000
v 16 28 7 1.000000 1.000000 1.000000
v 16 28 6 1.000000 1.000000 1.000000
v 16 28 5 1.000000 1.000000 1.000000
v 16 28 4 1.000000 1.000000 1.000000
v 16 28 3 1.000000 1.000000 1.000000
v 16 28 2 1.000000 1.000000 1.000000
v 16 28 1 1.000000 1.000000 1.000000
v 16 28 0 1.000000 1.000000 1.000000
v 1 29 16 1.000000 1.000000 1.000000
v 2 29 16 1.000000 1.000000 1.000000
v 3 29 16 1.000000 1.000000 1.000000
v 4 29 16 1.000000 1.000000 1.000000
v 5 29 16 1.000000 1.000000 1.000000
v 6 29 16 1.000000 1.000000 1.000000
v 7 29 16 1.000000 1.000000 1.000000
v 8 29 16 1.000000 1.000000 1.000000
v 9 29 16 1.000000 1.000000 1.000000
v 10 29 16 1.000000 1.000000 1.000000
v 11 29 16 1.000000 1.000000 1.000000
v 12 29 16 1.000000 1.000000 1.000000
v 13 29 16 1.000000 1.000000 1.000000
v 14 29 16 1.000000 1.000000 1.000000
v 15 29 16 1.000000 1.000000 1.000000
v 16 29 16 1.000000 1.000000 1.000000
v 16 29 15 1.000000 1.000000 1.000000
v 16 29 14 1.000000 1.000000 1.000000
v 16 29 13 1.000000 1.000000 1.000000
v 16 29 12 1.000000 1.000000 1.000000
v 16 29 11 1.000000 1.000000 1.000000
v 16 29 10 1.000000 1.000000 1.000000
v 16 29 9 1.000000 1.000000 1.000000
v 16 29 8 1.000000 1.000000 1.000000
v 16 29 7 1.000000 1.000000 1.000000
v 16 29 6 1.000000 1.000000 1.000000
v 16 29 5 1.000000 1.000000 1.000000
v 16 29 4 1.000000 1.000000 1.000000
v 16 29 3 1.000000 1.000000 1.000000
v 16 29 2 1.000000 1.000000 1.000000
v 16 29 1 1.000000 1.000000 1.000000
v 16 29 0 1.000000 1.000000 1.000000
v 1 30 16 1.000000 1.000000 1.000000
v 2 30 16 1.000000 1.000000 1.000000
v 3 30 16 1.000000 1.000000 1.000000
v 4 30 16 1.000000 1.000000 1.000000
v 5 30 16 1.000000 1.000000 1.000000
v 6 30 16 1.000000 1.000000 1.000000
v 7 30 16 1.000000 1.000000 1.000000
v 8 30 16 1.000000 1.000000 1.000000
v 9 30 16 1.000000 1.000000 1.000000
v 10 30 16 1.000000 1.000000 1.000000
v 11 30 16 1.000000 1.000000 1.000000
v 12 30 16 1.000000 1.000000 1.000000
v 13 30 16 1.000000 1.000000 1.000000
v 14 30 16 1.000000 1.000000 1.000000
v 15 30 16 1.000000 1.000000 1.000000
v 16 30 16 1.000000 1.000000 1.000000
v 16 30 15 1.000000 1.000000 1.000000
v 16 30 14 1.000000 1.000000 1.000000
v 16 30 13 1.000000 1.000000 1.000000
v 16 30 12 1.000000 1.000000 1.000000
v 16 30 11 1.000000 1.000000 1.000000
v 16 30 10 1.000000 1.000000 1.000000
v 16 30 9 1.000000 1.000000 1.000000
v 16 30 8 1.000000 1.000000 1.000000
v 16 30 7 1.000000 1.000000 1.000000
v 16 30 6 1.000000 1.000000 1.000000
v 16 30 5 1.000000 1.000000 1.000000
v 16 30 4 1.000000 1.000000 1.000000
v 16 30 3 1.000000 1.000000 1.000000
v 16 30 2 1.000000 1.000000 1.000000
v 16 30 1 1.000000 1.000000 1.000000
v 16 30 0 1.000000 1.000000 1.000000
v 1 31 16 1.000000 1.000000 1.000000
v 2 31 16 1.000000 1.000000 1.000000
v 3 31 16 1.000000 1.000000 1.000000
v 4 31 16 1.000000 1.000000 1.000000
v 5 31 16 1.000000 1.000000 1.000000
v 6 31 16 1.000000 1.000000 1.000000
v 7 31 16 1.000000 1.000000 1.000000
v 8 31 16 1.000000 1.000000 1.000000
v 9 31 16 1.000000 1.000000 1.000000
v 10 31 16 1.000000 1.000000 1.000000
v 11 31 16 1.000000 1.000000 1.000000
v 12 31 16 1.000000 1.000000 1.000000
v 13 31 16 1.000000 1.000000 1.000000
v 14 31 16 1.000000 1.000000 1.000000
v 15 31 16 1.000000 1.000000 1.000000
v 16 31 16 1.000000 1.000000 1.000000
v 16 31 15 1.000000 1.000000 1.000000
v 16 31 14 1.000000 1.000000 1.000000
v 16 31 13 1.000000 1.000000 1.000000
v 16 31 12 1.000000 1.000000 1.000000
v 16 31 11 1.000000 1.000000 1.000000
v 16 31 10 1.000000 1.000000 1.000000
v 16 31 9 1.000000 1.000000 1.000000
v 16 31 8 1.000000 1.000000 1.000000
v 16 31 7 1.000000 1.000000 1.000000
v 16 31 6 1.000000 1.000000 1.000000
v 16 31 5 1.000000 1.000000 1.000000
v 16 31 4 1.000000 1.000000 1.000000
v 16 31 3 1.000000 1.000000 1.000000
v 16 31 2 1.000000 1.000000 1.000000
v 16 31 1 1.000000 1.000000 1.000000
v 16 31 0 1.000000 1.000000 1.000000
v 1 32 16 1.000000 1.000000 1.000000
v 1 32 15 1.000000 1.000000 1.000000
v 2 32 16 1.000000 1.000000 1.000000
v 2 32 15 1.000000 1.000000 1.000000
v 3 32 16 1.000000 1.000000 1.000000
v 3 32 15 1.000000 1.000000 1.000000
v 4 32 16 1.000000 1.000000 1.000000
v 4 32 15 1.000000 1.000000 1.000000
v 5 32 16 1.000000 1.000000 1.000000
v 5 32 15 1.000000 1.000000 1.000000
v 6 32 16 1.000000 1.000000 1.000000
v 6 32 15 1.000000 1.000000 1.000000
v 7 32 16 1.000000 1.000000 1.000000
v 7 32 15 1.000000 1.000000 1.000000
v 8 32 16 1.000000 1.000000 1.000000
v 8 32 15 1.000000 1.000000 1.000000
v 9 32 16 1.000000 1.000000 1.000000
v 9 32 15 1.000000 1.000000 1.000000
v 10 32 16 1.000000 1.000000 1.000000
v 10 32 15 1.000000 1.000000 1.000000
v 11 32 16 1.000000 1.000000 1.000000
v 11 32 15 1.000000 1.000000 1.000000
v 12 32 16 1.000000 1.000000 1.000000
v 12 32 15 1.000000 1.000000 1.000000
v 13 32 16 1.000000 1.000000 1.000000
v 13 32 15 1.000000 1.000000 1.000000
v 14 32 16 1.000000 1.000000 1.000000
v 14 32 15 1.000000 1.000000 1.000000
v 15 32 16 1.000000 1.000000 1.000000
v 15 32 15 1.000000 1.000000 1.000000
v 16 32 16 1.000000 1.000000 1.000000
v 16 32 15 1.000000 1.000000 1.000000
v 1 32 14 1.000000 1.000000 1.000000
v 2 32 14 1.000000 1.000000 1.000000
v 3 32 14 1.000000 1.000000 1.000000
v 4 32 14 1.000000 1.000000 1.000000
v 5 32 14 1.000000 1.000000 1.000000
v 6 32 14 1.000000 1.000000 1.000000
v 7 32 14 1.000000 1.000000 1.000000
v 8 32 14 1.000000 1.000000 1.000000
v 9 32 14 1.000000 1.000000 1.000000
v 10 32 14 1.000000 1.000000 1.000000
v 11 32 14 1.000000 1.000000 1.000000
v 12 32 14 1.000000 1.000000 1.000000
v 13 32 14 1.000000 1.000000 1.000000
v 14 32 14 1.000000 1.000000 1.000000
v 15 32 14 1.000000 1.000000 1.000000
v 16 32 14 1.000000 1.000000 1.000000
v 1 32 13 1.000000 1.000000 1.000000
v 2 32 13 1.000000 1.000000 1.000000
v 3 32 13 1.000000 1.000000 1.000000
v 4 32 13 1.000000 1.000000 1.000000
v 5 32 13 1.000000 1.000000 1.000000
v 6 32 13 1.000000 1.000000 1.000000
v 7 32 13 1.000000 1.000000 1.000000
v 8 32 13 1.000000 1.000000 1.000000
v 9 32 13 1.000000 1.000000 1.000000
v 10 32 13 1.000000 1.000000 1.000000
v 11 32 13 1.000000 1.000000 1.000000
v 12 32 13 1.000000 1.000000 1.000000
v 13 32 13 1.000000 1.000000 1.000000
v 14 32 13 1.000000 1.000000 1.000000
v 15 32 13 1.000000 1.000000 1.000000
v 16 32 13 1.000000 1.000000 1.000000
v 1 32 12 1.000000 1.000000 1.000000
v 2 32 12 1.000000 1.000000 1.000000
v 3 32 12 1.000000 1.000000 1.000000
v 4 32 12 1.000000 1.000000 1.000000
v 5 32 12 1.000000 1.000000 1.000000
v 6 32 12 1.000000 1.000000 1.000000
v 7 32 12 1.000000 1.000000 1.000000
v 8 32 12 1.000000 1.000000 1.000000
v 9 32 12 1.000000 1.000000 1.000000
v 10 32 12 1.000000 1.000000 1.000000
v 11 32 12 1.000000 1.000000 1.000000
v 12 32 12 1.000000 1.000000 1.000000
v 13 32 12 1.000000 1.000000 1.000000
v 14 32 12 1.000000 1.000000 1.000000
v 15 32 12 1.000000 1.000000 1.000000
v 16 32 12 1.000000 1.000000 1.000000
v 1 32 11 1.000000 1.000000 1.000000
v 2 32 11 1.000000 1.000000 1.000000
v 3 32 11 1.000000 1.000000 1.000000
v 4 32 11 1.000000 1.000000 1.000000
v 5 32 11 1.000000 1.000000 1.000000
v 6 32 11 1.000000 1.000000 1.000000
v 7 32 11 1.000000 1.000000 1.000000
v 8 32 11 1.000000 1.000000 1.000000
v 9 32 11 1.000000 1.000000 1.000000
v 10 32 11 1.000000 1.000000 1.000000
v 11 32 11 1.000000 1.000000 1.000000
v 12 32 11 1.000000 1.000000 1.000000
v 13 32 11 1.000000 1.000000 1.000000
v 14 32 11 1.000000 1.000000 1.000000
v 15 32 11 1.000000 1.000000 1.000000
v 16 32 11 1.000000 1.000000 1.000000
v 1 32 10 1.000000 1.000000 1.000000
v 2 32 10 1.000000 1.000000 1.000000
v 3 32 10 1.000000 1.000000 1.000000
v 4 32 10 1.000000 1.000000 1.000000
v 5 32 10 1.000000 1.000000 1.000000
v 6 32 10 1.000000 1.000000 1.000000
v 7 32 10 1.000000 1.000000 1.000000
v 8 32 10 1.000000 1.000000 1.000000
v 9 32 10 1.000000 1.000000 1.000000
v 10 32 10 1.000000 1.000000 1.000000
v 11 32 10 1.000000 1.000000 1.000000
v 12 32 10 1.000000 1.000000 1.000000
v 13 32 10 1.000000 1.000000 1.000000
v 14 32 10 1.000000 1.000000 1.000000
v 15 32 10 1.000000 1.000000 1.000000
v 16 32 10 1.000000 1.000000 1.000000
v 1 32 9 1.000000 1.000000 1.000000
v 2 32 9 1.000000 1.000000 1.000000
v 3 32 9 1.000000 1.000000 1.000000
v 4 32 9 1.000000 1.000000 1.000000
v 5 32 9 1.000000 1.000000 1.000000
v 6 32 9 1.000000 1.000000 1.000000
v 7 32 9 1.000000 1.000000 1.000000
v 8 32 9 1.000000 1.000000 1.000000
v 9 32 9 1.000000 1.000000 1.000000
v 10 32 9 1.000000 1.000000 1.000000
v 11 32 9 1.000000 1.000000 1.000000
v 12 32 9 1.000000 1.000000 1.000000
v 13 32 9 1.000000 1.000000 1.000000
v 14 32 9 1.000000 1.000000 1.000000
v 15 32 9 1.000000 1.000000 1.000000
v 16 32 9 1.000000 1.000000 1.000000
v 1 32 8 1.000000 1.000000 1.000000
v 2 32 8 1.000000 1.000000 1.000000
v 3 32 8 1.000000 1.000000 1.000000
v 4 32 8 1.000000 1.000000 1.000000
v 5 32 8 1.000000 1.000000 1.000000
v 6 32 8 1.000000 1.000000 1.000000
v 7 32 8 1.000000 1.000000 1.000000
v 8 32 8 1.000000 1.000000 1.000000
v 9 32 8 1.000000 1.000000 1.000000
v 10 32 8 1.000000 1.000000 1.000000
v 11 32 8 1.000000 1.000000 1.000000
v 12 32 8 1.000000 1.000000 1.000000
v 13 32 8 1.000000 1.000000 1.000000
v 14 32 8 1.000000 1.000000 1.000000
v 15 32 8 1.000000 1.000000 1.000000
v 16 32 8 1.000000 1.000000 1.000000
v 1 32 7 1.000000 1.000000 1.000000
v 2 32 7 1.000000 1.000000 1.000000
v 3 32 7 1.000000 1.000000 1.000000
v 4 32 7 1.000000 1.000000 1.000000
v 5 32 7 1.000000 1.000000 1.000000
v 6 32 7 1.000000 1.000000 1.000000
v 7 32 7 1.000000 1.000000 1.000000
v 8 32 7 1.000000 1.000000 1.000000
v 9 32 7 1.000000 1.000000 1.000000
v 10 32 7 1.000000 1.000000 1.000000
v 11 32 7 1.000000 1.000000 1.000000
v 12 32 7 1.000000 1.000000 1.000000
v 13 32 7 1.000000 1.000000 1.000000
v 14 32 7 1.000000 1.000000 1.000000
v 15 32 7 1.000000 1.000000 1.000000
v 16 32 7 1.000000 1.000000 1.000000
v 1 32 6 1.000000 1.000000 1.000000
v 2 32 6 1.000000 1.000000 1.000000
v 3 32 6 1.000000 1.000000 1.000000
v 4 32 6 1.000000 1.000000 1.000000
v 5 32 6 1.000000 1.000000 1.000000
v 6 32 6 1.000000 1.000000 1.000000
v 7 32 6 1.000000 1.000000 1.000000
v 8 32 6 1.000000 1.000000 1.000000
v 9 32 6 1.000000 1.000000 1.000000
v 10 32 6 1.000000 1.000000 1.000000
v 11 32 6 1.000000 1.000000 1.000000
v 12 32 6 1.000000 1.000000 1.000000
v 13 32 6 1.000000 1.000000 1.000000
v 14 32 6 1.000000 1.000000 1.000000
v 15 32 6 1.000000 1.000000 1.000000
v 16 32 6 1.000000 1.000000 1.000000
v 1 32 5 1.000000 1.000000 1.000000
v 2 32 5 1.000000 1.000000 1.000000
v 3 32 5 1.000000 1.000000 1.000000
v 4 32 5 1.000000 1.000000 1.000000
v 5 32 5 1.000000 1.000000 1.000000
v 6 32 5 1.000000 1.000000 1.000000
v 7 32 5 1.000000 1.000000 1.000000
v 8 32 5 1.000000 1.000000 1.000000
v 9 32 5 1.000000 1.000000 1.000000
v 10 32 5 1.000000 1.000000 1.000000
v 11 32 5 1.000000 1.000000 1.000000
v 12 32 5 1.000000 1.000000 1.000000
v 13 32 5 1.000000 1.000000 1.000000
v 14 32 5 1.000000 1.000000 1.000000
v 15 32 5 1.000000 1.000000 1.000000
v 16 32 5 1.000000 1.000000 1.000000
v 1 32 4 1.000000 1.000000 1.000000
v 2 32 4 1.000000 1.000000 1.000000
v 3 32 4 1.000000 1.000000 1.000000
v 4 32 4 1.000000 1.000000 1.000000
v 5 32 4 1.000000 1.000000 1.000000
v 6 32 4 1.000000 1.000000 1.000000
v 7 32 4 1.000000 1.000000 1.000000
v 8 32 4 1.000000 1.000000 1.000000
v 9 32 4 1.000000 1.000000 1.000000
v 10 32 4 1.000000 1.000000 1.000000
v 11 32 4 1.000000 1.000000 1.000000
v 12 32 4 1.000000 1.000000 1.000000
v 13 32 4 1.000000 1.000000 1.000000
v 14 32 4 1.000000 1.000000 1.000000
v 15 32 4 1.000000 1.000000 1.000000
v 16 32 4 1.000000 1.000000 1.000000
v 1 32 3 1.000000 1.000000 1.000000
v 2 32 3 1.000000 1.000000 1.000000
v 3 32 3 1.000000 1.000000 1.000000
v 4 32 3 1.000000 1.000000 1.000000
v 5 32 3 1.000000 1.000000 1.000000
v 6 32 3 1.000000 1.000000 1.000000
v 7 32 3 1.000000 1.000000 1.000000
v 8 32 3 1.000000 1.000000 1.000000
v 9 32 3 1.000000 1.000000 1.000000
v 10 32 3 1.000000 1.000000 1.000000
v 11 32 3 1.000000 1.000000 1.000000
v 12 32 3 1.000000 1.000000 1.000000
v 13 32 3 1.000000 1.000000 1.000000
v 14 32 3 1.000000 1.000000 1.000000
v 15 32 3 1.000000 1.000000 1.000000
v 16 32 3 1.000000 1.000000 1.000000
v 1 32 2 1.000000 1.000000 1.000000
v 2 32 2 1.000000 1.000000 1.000000
v 3 32 2 1.000000 1.000000 1.000000
v 4 32 2 1.000000 1.000000 1.000000
v 5 32 2 1.000000 1.000000 1.000000
v 6 32 2 1.000000 1.000000 1.000000
v 7 32 2 1.000000 1.000000 1.000000
v 8 32 2 1.000000 1.000000 1.000000
v 9 32 2 1.000000 1.000000 1.000000
v 10 32 2 1.000000 1.000000 1.000000
v 11 32 2 1.000000 1.000000 1.000000
v 12 32 2 1.000000 1.000000 1.000000
v 13 32 2 1.000000 1.000000 1.000000
v 14 32 2 1.000000 1.000000 1.000000
v 15 32 2 1.000000 1.000000 1.000000
v 16 32 2 1.000000 1.000000 1.000000
v 1 32 1 1.000000 1.000000 1.000000
v 2 32 1 1.000000 1.000000 1.000000
v 3 32 1 1.000000 1.000000 1.000000
v 4 32 1 1.000000 1.000000 1.000000
v 5 32 1 1.000000 1.000000 1.000000
v 6 32 1 1.000000 1.000000 1.000000
v 7 32 1 1.000000 1.000000 1.000000
v 8 32 1 1.000000 1.000000 1.000000
v 9 32 1 1.000000 1.000000 1.000000
v 10 32 1 1.000000 1.000000 1.000000
v 11 32 1 1.000000 1.000000 1.000000
v 12 32 1 1.000000 1.000000 1.000000
v 13 32 1 1.000000 1.000000 1.000000
v 14 32 1 1.000000 1.000000 1.000000
v 15 32 1 1.000000 1.000000 1.000000
v 16 32 1 1.000000 1.000000 1.000000
v 1 32 0 1.000000 1.000000 1.000000
v 2 32 0 1.000000 1.000000 1.000000
v 3 32 0 1.000000 1.000000 1.000000
v 4 32 0 1.000000 1.000000 1.000000
v 5 32 0 1.000000 1.000000 1.000000
v 6 32 0 1.000000 1.000000 1.000000
v 7 32 0 1.000000 1.000000 1.000000
v 8 32 0 1.000000 1.000000 1.000000
v 9 32 0 1.000000 1.000000 1.000000
v 10 32 0 1.000000 1.000000 1.000000
v 11 32 0 1.000000 1.000000 1.000000
v 12 32 0 1.000000 1.000000 1.000000
v 13 32 0 1.000000 1.000000 1.000000
v 14 32 0 1.000000 1.000000 1.000000
v 15 32 0 1.000000 1.000000 1.000000
v 16 32 0 1.000000 1.000000 1.000000
v -16 16 0 1.000000 1.000000 1.000000
v -16 17 0 1.000000 1.000000 1.000000
v -16 17 -1 1.000000 1.000000 1.000000
v -16 16 -1 1.000000 1.000000 1.000000
v -16 17 -2 1.000000 1.000000 1.000000
v -16 16 -2 1.000000 1.000000 1.000000
v -16 17 -3 1.000000 1.000000 1.000000
v -16 16 -3 1.000000 1.000000 1.000000
v -16 17 -4 1.000000 1.000000 1.000000
v -16 16 -4 1.000000 1.000000 1.000000
v -16 17 -5 1.000000 1.000000 1.000000
v -16 16 -5 1.000000 1.000000 1.000000
v -16 17 -6 1.000000 1.000000 1.000000
v -16 16 -6 1.000000 1.000000 1.000000
v -16 17 -7 1.000000 1.000000 1.000000
v -16 16 -7 1.000000 1.000000 1.000000
v -16 17 -8 1.000000 1.000000 1.000000
v -16 16 -8 1.000000 1.000000 1.000000
v -16 17 -9 1.000000 1.000000 1.000000
v -16 16 -9 1.000000 1.000000 1.000000
v -16 17 -10 1.000000 1.000000 1.000000
v -16 16 -10 1.000000 1.000000 1.000000
v -16 17 -11 1.000000 1.000000 1.000000
v -16 16 -11 1.000000 1.000000 1.000000
v -16 17 -12 1.000000 1.000000 1.000000
v -16 16 -12 1.000000 1.000000 1.000000
v -16 17 -13 1.000000 1.000000 1.000000
v -16 16 -13 1.000000 1.000000 1.000000
v -16 17 -14 1.000000 1.000000 1.000000
v -16 16 -14 1.000000 1.000000 1.000000
v -16 17 -15 1.000000 1.000000 1.000000
v -16 16 -15 1.000000 1.000000 1.000000
v -15 16 -16 1.000000 1.000000 1.000000
v -16 16 -16 1.000000 1.000000 1.000000
v -16 17 -16 1.000000 1.000000 1.000000
v -15 17 -16 1.000000 1.000000 1.000000
v -14 16 -16 1.000000 1.000000 1.000000
v -14 17 -16 1.000000 1.000000 1.000000
v -13 16 -16 1.000000 1.000000 1.000000
v -13 17 -16 1.000000 1.000000 1.000000
v -12 16 -16 1.000000 1.000000 1.000000
v -12 17 -16 1.000000 1.000000 1.000000
v -11 16 -16 1.000000 1.000000 1.000000
v -11 17 -16 1.000000 1.000000 1.000000
v -10 16 -16 1.000000 1.000000 1.000000
v -10 17 -16 1.000000 1.000000 1.000000
v -9 16 -16 1.000000 1.000000 1.000000
v -9 17 -16 1.000000 1.000000 1.000000
v -8 16 -16 1.000000 1.000000 1.000000
v -8 17 -16 1.000000 1.000000 1.000000
v -7 16 -16 1.000000 1.000000 1.000000
v -7 17 -16 1.000000 1.000000 1.000000
v -6 16 -16 1.000000 1.000000 1.000000
v -6 17 -16 1.000000 1.000000 1.000000
v -5 16 -16 1.000000 1.000000 1.000000
v -5 17 -16 1.000000 1.000000 1.000000
v -4 16 -16 1.000000 1.000000 1.000000
v -4 17 -16 1.000000 1.000000 1.000000
v -3 16 -16 1.000000 1.000000 1.000000
v -3 17 -16 1.000000 1.000000 1.000000
v -2 16 -16 1.000000 1.000000 1.000000
v -2 17 -16 1.000000 1.000000 1.000000
v -1 16 -16 1.000000 1.000000 1.000000
v -1 17 -16 1.000000 1.000000 1.000000
v 0 16 -16 1.000000 1.000000 1.000000
v 0 17 -16 1.000000 1.000000 1.000000
v -16 18 0 1.000000 1.000000 1.000000
v -16 18 -1 1.000000 1.000000 1.000000
v -16 18 -2 1.000000 1.000000 1.000000
v -16 18 -3 1.000000 1.000000 1.000000
v -16 18 -4 1.000000 1.000000 1.000000
v -16 18 -5 1.000000 1.000000 1.000000
v -16 18 -6 1.000000 1.000000 1.000000
v -16 18 -7 1.000000 1.000000 1.000000
v -16 18 -8 1.000000 1.000000 1.000000
v -16 18 -9 1.000000 1.000000 1.000000
v -16 18 -10 1.000000 1.000000 1.000000
v -16 18 -11 1.000000 1.000000 1.000000
v -16 18 -12 1.000000 1.000000 1.000000
v -16 18 -13 1.000000 1.000000 1.000000
v -16 18 -14 1.000000 1.000000 1.000000
v -16 18 -15 1.000000 1.000000 1.000000
v -16 18 -16 1.000000 1.000000 1.000000
v -15 18 -16 1.000000 1.000000 1.000000
v -14 18 -16 1.000000 1.000000 1.000000
v -13 18 -16 1.000000 1.000000 1.000000
v -12 18 -16 1.000000 1.000000 1.000000
v -11 18 -16 1.000000 1.000000 1.000000
v -10 18 -16 1.000000 1.000000 1.000000
v -9 18 -16 1.000000 1.000000 1.000000
v -8 18 -16 1.000000 1.000000 1.000000
v -7 18 -16 1.000000 1.000000 1.000000
v -6 18 -16 1.000000 1.000000 1.000000
v -5 18 -16 1.000000 1.000000 1.000000
v -4 18 -16 1.000000 1.000000 1.000000
v -3 18 -16 1.000000 1.000000 1.000000
v -2 18 -16 1.000000 1.000000 1.000000
v -1 18 -16 1.000000 1.000000 1.000000
v 0 18 -16 1.000000 1.000000 1.000000
v -16 19 0 1.000000 1.000000 1.000000
v -16 19 -1 1.000000 1.000000 1.000000
v -16 19 -2 1.000000 1.000000 1.000000
v -16 19 -3 1.000000 1.000000 1.000000
v -16 19 -4 1.000000 1.000000 1.000000
v -16 19 -5 1.000000 1.000000 1.000000
v -16 19 -6 1.000000 1.000000 1.000000
v -16 19 -7 1.000000 1.000000 1.000000
v -16 19 -8 1.000000 1.000000 1.000000
v -16 19 -9 1.000000 1.000000 1.000000
v -16 19 -10 1.000000 1.000000 1.000000
v -16 19 -11 1.000000 1.000000 1.000000
v -16 19 -12 1.000000 1.000000 1.000000
v -16 19 -13 1.000000 1.000000 1.000000
v -16 19 -14 1.000000 1.000000 1.000000
v -16 19 -15 1.000000 1.000000 1.000000
v -16 19 -16 1.000000 1.000000 1.000000
v -15 19 -16 1.000000 1.000000 1.000000
v -14 19 -16 1.000000 1.000000 1.000000
v -13 19 -16 1.000000 1.000000 1.000000
v -12 19 -16 1.000000 1.000000 1.000000
v -11 19 -16 1.000000 1.000000 1.000000
v -10 19 -16 1.000000 1.000000 1.000000
v -9 19 -16 1.000000 1.000000 1.000000
v -8 19 -16 1.000000 1.000000 1.000000
v -7 19 -16 1.000000 1.000000 1.000000
v -6 19 -16 1.000000 1.000000 1.000000
v -5 19 -16 1.000000 1.000000 1.000000
v -4 19 -16 1.000000 1.000000 1.000000
v -3 19 -16 1.000000 1.000000 1.000000
v -2 19 -16 1.000000 1.000000 1.000000
v -1 19 -16 1.000000 1.000000 1.000000
v 0 19 -16 1.000000 1.000000 1.000000
v -16 20 0 1.000000 1.000000 1.000000
v -16 20 -1 1.000000 1.000000 1.000000
v -16 20 -2 1.000000 1.000000 1.000000
v -16 20 -3 1.000000 1.000000 1.000000
v -16 20 -4 1.000000 1.000000 1.000000
v -16 20 -5 1.000000 1.000000 1.000000
v -16 20 -6 1.000000 1.000000 1.000000
v -16 20 -7 1.000000 1.000000 1.000000
v -16 20 -8 1.000000 1.000000 1.000000
v -16 20 -9 1.000000 1.000000 1.000000
v -16 20 -10 1.000000 1.000000 1.000000
v -16 20 -11 1.000000 1.000000 1.000000
v -16 20 -12 1.000000 1.000000 1.000000
v -16 20 -13 1.000000 1.000000 1.000000
v -16 20 -14 1.000000 1.000000 1.000000
v -16 20 -15 1.000000 1.000000 1.000000
v -16 20 -16 1.000000 1.000000 1.000000
v -15 20 -16 1.000000 1.000000 1.000000
v -14 20 -16 1.000000 1.000000 1.000000
v -13 20 -16 1.000000 1.000000 1.000000
v -12 20 -16 1.000000 1.000000 1.000000
v -11 20 -16 1.000000 1.000000 1.000000
v -10 20 -16 1.000000 1.000000 1.000000
v -9 20 -16 1.000000 1.000000 1.000000
v -8 20 -16 1.000000 1.000000 1.000000
v -7 20 -16 1.000000 1.000000 1.000000
v -6 20 -16 1.000000 1.000000 1.000000
v -5 20 -16 1.000000 1.000000 1.000000
v -4 20 -16 1.000000 1.000000 1.000000
v -3 20 -16 1.000000 1.000000 1.000000
v -2 20 -16 1.000000 1.000000 1.000000
v -1 20 -16 1.000000 1.000000 1.000000
v 0 20 -16 1.000000 1.000000 1.000000
v -16 21 0 1.000000 1.000000 1.000000
v -16 21 -1 1.000000 1.000000 1.000000
v -16 21 -2 1.000000 1.000000 1.000000
v -16 21 -3 1.000000 1.000000 1.000000
v -16 21 -4 1.000000 1.000000 1.000000
v -16 21 -5 1.000000 1.000000 1.000000
v -16 21 -6 1.000000 1.000000 1.000000
v -16 21 -7 1.000000 1.000000 1.000000
v -16 21 -8 1.000000 1.000000 1.000000
v -16 21 -9 1.000000 1.000000 1.000000
v -16 21 -10 1.000000 1.000000 1.000000
v -16 21 -11 1.000000 1.000000 1.000000
v -16 21 -12 1.000000 1.000000 1.000000
v -16 21 -13 1.000000 1.000000 1.000000
v -16 21 -14 1.000000 1.000000 1.000000
v -16 21 -15 1.000000 1.000000 1.000000
v -16 21 -16 1.000000 1.000000 1.000000
v -15 21 -16 1.000000 1.000000 1.000000
v -14 21 -16 1.000000 1.000000 1.000000
v -13 21 -16 1.000000 1.000000 1.000000
v -12 21 -16 1.000000 1.000000 1.000000
v -11 21 -16 1.000000 1.000000 1.000000
v -10 21 -16 1.000000 1.000000 1.000000
v -9 21 -16 1.000000 1.000000 1.000000
v -8 21 -16 1.000000 1.000000 1.000000
v -7 21 -16 1.000000 1.000000 1.000000
v -6 21 -16 1.000000 1.000000 1.000000
v -5 21 -16 1.000000 1.000000 1.000000
v -4 21 -16 1.000000 1.000000 1.000000
v -3 21 -16 1.000000 1.000000 1.000000
v -2 21 -16 1.000000 1.000000 1.000000
v -1 21 -16 1.000000 1.000000 1.000000
v 0 21 -16 1.000000 1.000000 1.000000
v -16 22 0 1.000000 1.000000 1.000000
v -16 22 -1 1.000000 1.000000 1.000000
v -16 22 -2 1.000000 1.000000 1.000000
v -16 22 -3 1.000000 1.000000 1.000000
v -16 22 -4 1.000000 1.000000 1.000000
v -16 22 -5 1.000000 1.000000 1.000000
v -16 22 -6 1.000000 1.000000 1.000000
v -16 22 -7 1.000000 1.000000 1.000000
v -16 22 -8 1.000000 1.000000 1.000000
v -16 22 -9 1.000000 1.000000 1.000000
v -16 22 -10 1.000000 1.000000 1.000000
v -16 22 -11 1.000000 1.000000 1.000000
v -16 22 -12 1.000000 1.000000 1.000000
v -16 22 -13 1.000000 1.000000 1.000000
v -16 22 -14 1.000000 1.000000 1.000000
v -16 22 -15 1.000000 1.000000 1.000000
v -16 22 -16 1.000000 1.000000 1.000000
v -15 22 -16 1.000000 1.000000 1.000000
v -14 22 -16 1.000000 1.000000 1.000000
v -13 22 -16 1.000000 1.000000 1.000000
v -12 22 -16 1.000000 1.000000 1.000000
v -11 22 -16 1.000000 1.000000 1.000000
v -10 22 -16 1.000000 1.000000 1.000000
v -9 22 -16 1.000000 1.000000 1.000000
v -8 22 -16 1.000000 1.000000 1.000000
v -7 22 -16 1.000000 1.000000 1.000000
v -6 22 -16 1.000000 1.000000 1.000000
v -5 22 -16 1.000000 1.000000 1.000000
v -4 22 -16 1.000000 1.000000 1.000000
v -3 22 -16 1.000000 1.000000 1.000000
v -2 22 -16 1.000000 1.000000 1.000000
v -1 22 -16 1.000000 1.000000 1.000000
v 0 22 -16 1.000000 1.000000 1.000000
v -16 23 0 1.000000 1.000000 1.000000
v -16 23 -1 1.000000 1.000000 1.000000
v -16 23 -2 1.000000 1.000000 1.000000
v -16 23 -3 1.000000 1.000000 1.000000
v -16 23 -4 1.000000 1.000000 1.000000
v -16 23 -5 1.000000 1.000000 1.000000
v -16 23 -6 1.000000 1.000000 1.000000
v -16 23 -7 1.000000 1.000000 1.000000
v -16 23 -8 1.000000 1.000000 1.000000
v -16 23 -9 1.000000 1.000000 1.000000
v -16 23 -10 1.000000 1.000000 1.000000
v -16 23 -11 1.000000 1.000000 1.000000
v -16 23 -12 1.000000 1.000000 1.000000
v -16 23 -13 1.000000 1.000000 1.000000
v -16 23 -14 1.000000 1.000000 1.000000
v -16 23 -15 1.000000 1.000000 1.000000
v -16 23 -16 1.000000 1.000000 1.000000
v -15 23 -16 1.000000 1.000000 1.000000
v -14 23 -16 1.000000 1.000000 1.000000
v -13 23 -16 1.000000 1.000000 1.000000
v -12 23 -16 1.000000 1.000000 1.000000
v -11 23 -16 1.000000 1.000000 1.000000
v -10 23 -16 1.000000 1.000000 1.000000
v -9 23 -16 1.000000 1.000000 1.000000
v -8 23 -16 1.000000 1.000000 1.000000
v -7 23 -16 1.000000 1.000000 1.000000
v -6 23 -16 1.000000 1.000000 1.000000
v -5 23 -16 1.000000 1.000000 1.000000
v -4 23 -16 1.000000 1.000000 1.000000
v -3 23 -16 1.000000 1.000000 1.000000
v -2 23 -16 1.000000 1.000000 1.000000
v -1 23 -16 1.000000 1.000000 1.000000
v 0 23 -16 1.000000 1.000000 1.000000
v -16 24 0 1.000000 1.000000 1.000000
v -16 24 -1 1.000000 1.000000 1.000000
v -16 24 -2 1.000000 1.000000 1.000000
v -16 24 -3 1.000000 1.000000 1.000000
v -16 24 -4 1.000000 1.000000 1.000000
v -16 24 -5 1.000000 1.000000 1.000000
v -16 24 -6 1.000000 1.000000 1.000000
v -16 24 -7 1.000000 1.000000 1.000000
v -16 24 -8 1.000000 1.000000 1.000000
v -16 24 -9 1.000000 1.000000 1.000000
v -16 24 -10 1.000000 1.000000 1.000000
v -16 24 -11 1.000000 1.000000 1.000000
v -16 24 -12 1.000000 1.000000 1.000000
v -16 24 -13 1.000000 1.000000 1.000000
v -16 24 -14 1.000000 1.000000 1.000000
v -16 24 -15 1.000000 1.000000 1.000000
v -16 24 -16 1.000000 1.000000 1.000000
v -15 24 -16 1.000000 1.000000 1.000000
v -14 24 -16 1.000000 1.000000 1.000000
v -13 24 -16 1.000000 1.000000 1.000000
v -12 24 -16 1.000000 1.000000 1.000000
v -11 24 -16 1.000000 1.000000 1.000000
v -10 24 -16 1.000000 1.000000 1.000000
v -9 24 -16 1.000000 1.000000 1.000000
v -8 24 -16 1.000000 1.000000 1.000000
v -7 24 -16 1.000000 1.000000 1.000000
v -6 24 -16 1.000000 1.000000 1.000000
v -5 24 -16 1.000000 1.000000 1.000000
v -4 24 -16 1.000000 1.000000 1.000000
v -3 24 -16 1.000000 1.000000 1.000000
v -2 24 -16 1.000000 1.000000 1.000000
v -1 24 -16 1.000000 1.000000 1.000000
v 0 24 -16 1.000000 1.000000 1.000000
v -16 25 0 1.000000 1.000000 1.000000
v -16 25 -1 1.000000 1.000000 1.000000
v -16 25 -2 1.000000 1.000000 1.000000
v -16 25 -3 1.000000 1.000000 1.000000
v -16 25 -4 1.000000 1.000000 1.000000
v -16 25 -5 1.000000 1.000000 1.000000
v -16 25 -6 1.000000 1.000000 1.000000
v -16 25 -7 1.000000 1.000000 1.000000
v -16 25 -8 1.000000 1.000000 1.000000
v -16 25 -9 1.000000 1.000000 1.000000
v -16 25 -10 1.000000 1.000000 1.000000
v -16 25 -11 1.000000 1.000000 1.000000
v -16 25 -12 1.000000 1.000000 1.000000
v -16 25 -13 1.000000 1.000000 1.000000
v -16 25 -14 1.000000 1.000000 1.000000
v -16 25 -15 1.000000 1.000000 1.000000
v -16 25 -16 1.000000 1.000000 1.000000
v -15 25 -16 1.000000 1.000000 1.000000
v -14 25 -16 1.000000 1.000000 1.000000
v -13 25 -16 1.000000 1.000000 1.000000
v -12 25 -16 1.000000 1.000000 1.000000
v -11 25 -16 1.000000 1.000000 1.000000
v -10 25 -16 1.000000 1.000000 1.000000
v -9 25 -16 1.000000 1.000000 1.000000
v -8 25 -16 1.000000 1.000000 1.000000
v -7 25 -16 1.000000 1.000000 1.000000
v -6 25 -16 1.000000 1.000000 1.000000
v -5 25 -16 1.000000 1.000000 1.000000
v -4 25 -16 1.000000 1.000000 1.000000
v -3 25 -16 1.000000 1.000000 1.000000
v -2 25 -16 1.000000 1.000000 1.000000
v -1 25 -16 1.000000 1.000000 1.000000
v 0 25 -16 1.000000 1.000000 1.000000
v -16 26 0 1.000000 1.000000 1.000000
v -16 26 -1 1.000000 1.000000 1.000000
v -16 26 -2 1.000000 1.000000 1.000000
v -16 26 -3 1.000000 1.000000 1.000000
v -16 26 -4 1.000000 1.000000 1.000000
v -16 26 -5 1.000000 1.000000 1.000000
v -16 26 -6 1.000000 1.000000 1.000000
v -16 26 -7 1.000000 1.000000 1.000000
v -16 26 -8 1.000000 1.000000 1.000000
v -16 26 -9 1.000000 1.000000 1.000000
v -16 26 -10 1.000000 1.000000 1.000000
v -16 26 -11 1.000000 1.000000 1.000000
v -16 26 -12 1.000000 1.000000 1.000000
v -16 26 -13 1.000000 1.000000 1.000000
v -16 26 -14 1.000000 1.000000 1.000000
v -16 26 -15 1.000000 1.000000 1.000000
v -16 26 -16 1.000000 1.000000 1.000000
v -15 26 -16 1.000000 1.000000 1.000000
v -14 26 -16 1.000000 1.000000 1.000000
v -13 26 -16 1.000000 1.000000 1.000000
v -12 26 -16 1.000000 1.000000 1.000000
v -11 26 -16 1.000000 1.000000 1.000000
v -10 26 -16 1.000000 1.000000 1.000000
v -9 26 -16 1.000000 1.000000 1.000000
v -8 26 -16 1.000000 1.000000 1.000000
v -7 26 -16 1.000000 1.000000 1.000000
v -6 26 -16 1.000000 1.000000 1.000000
v -5 26 -16 1.000000 1.000000 1.000000
v -4 26 -16 1.000000 1.000000 1.000000
v -3 26 -16 1.000000 1.000000 1.000000
v -2 26 -16 1.000000 1.000000 1.000000
v -1 26 -16 1.000000 1.000000 1.000000
v 0 26 -16 1.000000 1.000000 1.000000
v -16 27 0 1.000000 1.000000 1.000000
v -16 27 -1 1.000000 1.000000 1.000000
v -16 27 -2 1.000000 1.000000 1.000000
v -16 27 -3 1.000000 1.000000 1.000000
v -16 27 -4 1.000000 1.000000 1.000000
v -16 27 -5 1.000000 1.000000 1.000000
v -16 27 -6 1.000000 1.000000 1.000000
v -16 27 -7 1.000000 1.000000 1.000000
v -16 27 -8 1.000000 1.000000 1.000000
v -16 27 -9 1.000000 1.000000 1.000000
v -16 27 -10 1.000000 1.000000 1.000000
v -16 27 -11 1.000000 1.000000 1.000000
v -16 27 -12 1.000000 1.000000 1.000000
v -16 27 -13 1.000000 1.000000 1.000000
v -16 27 -14 1.000000 1.000000 1.000000
v -16 27 -15 1.000000 1.000000 1.000000
v -16 27 -16 1.000000 1.000000 1.000000
v -15 27 -16 1.000000 1.000000 1.000000
v -14 27 -16 1.000000 1.000000 1.000000
v -13 27 -16 1.000000 1.000000 1.000000
v -12 27 -16 1.000000 1.000000 1.000000
v -11 27 -16 1.000000 1.000000 1.000000
v -10 27 -16 1.000000 1.000000 1.000000
v -9 27 -16 1.000000 1.000000 1.000000
v -8 27 -16 1.000000 1.000000 1.000000
v -7 27 -16 1.000000 1.000000 1.000000
v -6 27 -16 1.000000 1.000000 1.000000
v -5 27 -16 1.000000 1.000000 1.000000
v -4 27 -16 1.000000 1.000000 1.000000
v -3 27 -16 1.000000 1.000000 1.000000
v -2 27 -16 1.000000 1.000000 1.000000
v -1 27 -16 1.000000 1.000000 1.000000
v 0 27 -16 1.000000 1.000000 1.000000
v -16 28 0 1.000000 1.000000 1.000000
v -16 28 -1 1.000000 1.000000 1.000000
v -16 28 -2 1.000000 1.000000 1.000000
v -16 28 -3 1.000000 1.000000 1.000000
v -16 28 -4 1.000000 1.000000 1.000000
v -16 28 -5 1.000000 1.000000 1.000000
v -16 28 -6 1.000000 1.000000 1.000000
v -16 28 -7 1.000000 1.000000 1.000000
v -16 28 -8 1.000000 1.000000 1.000000
v -16 28 -9 1.000000 1.000000 1.000000
v -16 28 -10 1.000000 1.000000 1.000000
v -16 28 -11 1.000000 1.000000 1.000000
v -16 28 -12 1.000000 1.000000 1.000000
v -16 28 -13 1.000000 1.000000 1.000000
v -16 28 -14 1.000000 1.000000 1.000000
v -16 28 -15 1.000000 1.000000 1.000000
v -16 28 -16 1.000000 1.000000 1.000000
v -15 28 -16 1.000000 1.000000 1.000000
v -14 28 -16 1.000000 1.000000 1.000000
v -13 28 -16 1.000000 1.000000 1.000000
v -12 28 -16 1.000000 1.000000 1.000000
v -11 28 -16 1.000000 1.000000 1.000000
v -10 28 -16 1.000000 1.000000 1.000000
v -9 28 -16 1.000000 1.000000 1.000000
v -8 28 -16 1.000000 1.000000 1.000000
v -7 28 -16 1.000000 1.000000 1.000000
v -6 28 -16 1.000000 1.000000 1.000000
v -5 28 -16 1.000000 1.000000 1.000000
v -4 28 -16 1.000000 1.000000 1.000000
v -3 28 -16 1.000000 1.000000 1.000000
v -2 28 -16 1.000000 1.000000 1.000000
v -1 28 -16 1.000000 1.000000 1.000000
v 0 28 -16 1.000000 1.000000 1.000000
v -16 29 0 1.000000 1.000000 1.000000
v -16 29 -1 1.000000 1.000000 1.000000
v -16 29 -2 1.000000 1.000000 1.000000
v -16 29 -3 1.000000 1.000000 1.000000
v -16 29 -4 1.000000 1.000000 1.000000
v -16 29 -5 1.000000 1.000000 1.000000
v -16 29 -6 1.000000 1.000000 1.000000
v -16 29 -7 1.000000 1.000000 1.000000
v -16 29 -8 1.000000 1.000000 1.000000
v -16 29 -9 1.000000 1.000000 1.000000
v -16 29 -10 1.000000 1.000000 1.000000
v -16 29 -11 1.000000 1.000000 1.000000
v -16 29 -12 1.000000 1.000000 1.000000
v -16 29 -13 1.000000 1.000000 1.000000
v -16 29 -14 1.000000 1.000000 1.000000
v -16 29 -15 1.000000 1.000000 1.000000
v -16 29 -16 1.000000 1.000000 1.000000
v -15 29 -16 1.000000 1.000000 1.000000
v -14 29 -16 1.000000 1.000000 1.000000
v -13 29 -16 1.000000 1.000000 1.000000
v -12 29 -16 1.000000 1.000000 1.000000
v -11 29 -16 1.000000 1.000000 1.000000
v -10 29 -16 1.000000 1.000000 1.000000
v -9 29 -16 1.000000 1.000000 1.000000
v -8 29 -16 1.000000 1.000000 1.000000
v -7 29 -16 1.000000 1.000000 1.000000
v -6 29 -16 1.000000 1.000000 1.000000
v -5 29 -16 1.000000 1.000000 1.000000
v -4 29 -16 1.000000 1.000000 1.000000
v -3 29 -16 1.000000 1.000000 1.000000
v -2 29 -16 1.000000 1.000000 1.000000
v -1 29 -16 1.000000 1.000000 1.000000
v 0 29 -16 1.000000 1.000000 1.000000
v -16 30 0 1.000000 1.000000 1.000000
v -16 30 -1 1.000000 1.000000 1.000000
v -16 30 -2 1.000000 1.000000 1.000000
v -16 30 -3 1.000000 1.000000 1.000000
v -16 30 -4 1.000000 1.000000 1.000000
v -16 30 -5 1.000000 1.000000 1.000000
v -16 30 -6 1.000000 1.000000 1.000000
v -16 30 -7 1.000000 1.000000 1.000000
v -16 30 -8 1.000000 1.000000 1.000000
v -16 30 -9 1.000000 1.000000 1.000000
v -16 30 -10 1.000000 1.000000 1.000000
v -16 30 -11 1.000000 1.000000 1.000000
v -16 30 -12 1.000000 1.000000 1.000000
v -16 30 -13 1.000000 1.000000 1.000000
v -16 30 -14 1.000000 1.000000 1.000000
v -16 30 -15 1.000000 1.000000 1.000000
v -16 30 -16 1.000000 1.000000 1.000000
v -15 30 -16 1.000000 1.000000 1.000000
v -14 30 -16 1.000000 1.000000 1.000000
v -13 30 -16 1.000000 1.000000 1.000000
v -12 30 -16 1.000000 1.000000 1.000000
v -11 30 -16 1.000000 1.000000 1.000000
v -10 30 -16 1.000000 1.000000 1.000000
v -9 30 -16 1.000000 1.000000 1.000000
v -8 30 -16 1.000000 1.000000 1.000000
v -7 30 -16 1.000000 1.000000 1.000000
v -6 30 -16 1.000000 1.000000 1.000000
v -5 30 -16 1.000000 1.000000 1.000000
v -4 30 -16 1.000000 1.000000 1.000000
v -3 30 -16 1.000000 1.000000 1.000000
v -2 30 -16 1.000000 1.000000 1.000000
v -1 30 -16 1.000000 1.000000 1.000000
v 0 30 -16 1.000000 1.000000 1.000000
v -16 31 0 1.000000 1.000000 1.000000
v -16 31 -1 1.000000 1.000000 1.000000
v -16 31 -2 1.000000 1.000000 1.000000
v -16 31 -3 1.000000 1.000000 1.000000
v -16 31 -4 1.000000 1.000000 1.000000
v -16 31 -5 1.000000 1.000000 1.000000
v -16 31 -6 1.000000 1.000000 1.000000
v -16 31 -7 1.000000 1.000000 1.000000
v -16 31 -8 1.000000 1.000000 1.000000
v -16 31 -9 1.000000 1.000000 1.000000
v -16 31 -10 1.000000 1.000000 1.000000
v -16 31 -11 1.000000 1.000000 1.000000
v -16 31 -12 1.000000 1.000000 1.000000
v -16 31 -13 1.000000 1.000000 1.000000
v -16 31 -14 1.000000 1.000000 1.000000
v -16 31 -15 1.000000 1.000000 1.000000
v -16 31 -16 1.000000 1.000000 1.000000
v -15 31 -16 1.000000 1.000000 1.000000
v -14 31 -16 1.000000 1.000000 1.000000
v -13 31 -16 1.000000 1.000000 1.000000
v -12 31 -16 1.000000 1.000000 1.000000
v -11 31 -16 1.000000 1.000000 1.000000
v -10 31 -16 1.000000 1.000000 1.000000
v -9 31 -16 1.000000 1.000000 1.000000
v -8 31 -16 1.000000 1.000000 1.000000
v -7 31 -16 1.000000 1.000000 1.000000
v -6 31 -16 1.000000 1.000000 1.000000
v -5 31 -16 1.000000 1.000000 1.000000
v -4 31 -16 1.000000 1.000000 1.000000
v -3 31 -16 1.000000 1.000000 1.000000
v -2 31 -16 1.000000 1.000000 1.000000
v -1 31 -16 1.000000 1.000000 1.000000
v 0 31 -16 1.000000 1.000000 1.000000
v -15 32 0 1.000000 1.000000 1.000000
v -15 32 -1 1.000000 1.000000 1.000000
v -16 32 -1 1.000000 1.000000 1.000000
v -16 32 0 1.000000 1.000000 1.000000
v -14 32 0 1.000000 1.000000 1.000000
v -14 32 -1 1.000000 1.000000 1.000000
v -13 32 0 1.000000 1.000000 1.000000
v -13 32 -1 1.000000 1.000000 1.000000
v -12 32 0 1.000000 1.000000 1.000000
v -12 32 -1 1.000000 1.000000 1.000000
v -11 32 0 1.000000 1.000000 1.000000
v -11 32 -1 1.000000 1.000000 1.000000
v -10 32 0 1.000000 1.000000 1.000000
v -10 32 -1 1.000000 1.000000 1.000000
v -9 32 0 1.000000 1.000000 1.000000
v -9 32 -1 1.000000 1.000000 1.000000
v -8 32 0 1.000000 1.000000 1.000000
v -8 32 -1 1.000000 1.000000 1.000000
v -7 32 0 1.000000 1.000000 1.000000
v -7 32 -1 1.000000 1.000000 1.000000
v -6 32 0 1.000000 1.000000 1.000000
v -6 32 -1 1.000000 1.000000 1.000000
v -5 32 0 1.000000 1.000000 1.000000
v -5 32 -1 1.000000 1.000000 1.000000
v -4 32 0 1.000000 1.000000 1.000000
v -4 32 -1 1.000000 1.000000 1.000000
v -3 32 0 1.000000 1.000000 1.000000
v -3 32 -1 1.000000 1.000000 1.000000
v -2 32 0 1.000000 1.000000 1.000000
v -2 32 -1 1.000000 1.000000 1.000000
v -1 32 0 1.000000 1.000000 1.000000
v -1 32 -1 1.000000 1.000000 1.000000
v 0 32 0 1.000000 1.000000 1.000000
v 0 32 -1 1.000000 1.000000 1.000000
v -15 32 -2 1.000000 1.000000 1.000000
v -16 32 -2 1.000000 1.000000 1.000000
v -14 32 -2 1.000000 1.000000 1.000000
v -13 32 -2 1.000000 1.000000 1.000000
v -12 32 -2 1.000000 1.000000 1.000000
v -11 32 -2 1.000000 1.000000 1.000000
v -10 32 -2 1.000000 1.000000 1.000000
v -9 32 -2 1.000000 1.000000 1.000000
v -8 32 -2 1.000000 1.000000 1.000000
v -7 32 -2 1.000000 1.000000 1.000000
v -6 32 -2 1.000000 1.000000 1.000000
v -5 32 -2 1.000000 1.000000 1.000000
v -4 32 -2 1.000000 1.000000 1.000000
v -3 32 -2 1.000000 1.000000 1.000000
v -2 32 -2 1.000000 1.000000 1.000000
v -1 32 -2 1.000000 1.000000 1.000000
v 0 32 -2 1.000000 1.000000 1.000000
v -15 32 -3 1.000000 1.000000 1.000000
v -16 32 -3 1.000000 1.000000 1.000000
v -14 32 -3 1.000000 1.000000 1.000000
v -13 32 -3 1.000000 1.000000 1.000000
v -12 32 -3 1.000000 1.000000 1.000000
v -11 32 -3 1.000000 1.000000 1.000000
v -10 32 -3 1.000000 1.000000 1.000000
v -9 32 -3 1.000000 1.000000 1.000000
v -8 32 -3 1.000000 1.000000 1.000000
v -7 32 -3 1.000000 1.000000 1.000000
v -6 32 -3 1.000000 1.000000 1.000000
v -5 32 -3 1.000000 1.000000 1.000000
v -4 32 -3 1.000000 1.000000 1.000000
v -3 32 -3 1.000000 1.000000 1.000000
v -2 32 -3 1.000000 1.000000 1.000000
v -1 32 -3 1.000000 1.000000 1.000000
v 0 32 -3 1.000000 1.000000 1.000000
v -15 32 -4 1.000000 1.000000 1.000000
v -16 32 -4 1.000000 1.000000 1.000000
v -14 32 -4 1.000000 1.000000 1.000000
v -13 32 -4 1.000000 1.000000 1.000000
v -12 32 -4 1.000000 1.000000 1.000000
v -11 32 -4 1.000000 1.000000 1.000000
v -10 32 -4 1.000000 1.000000 1.000000
v -9 32 -4 1.000000 1.000000 1.000000
v -8 32 -4 1.000000 1.000000 1.000000
v -7 32 -4 1.000000 1.000000 1.000000
v -6 32 -4 1.000000 1.000000 1.000000
v -5 32 -4 1.000000 1.000000 1.000000
v -4 32 -4 1.000000 1.000000 1.000000
v -3 32 -4 1.000000 1.000000 1.000000
v -2 32 -4 1.000000 1.000000 1.000000
v -1 32 -4 1.000000 1.000000 1.000000
v 0 32 -4 1.000000 1.000000 1.000000
v -15 32 -5 1.000000 1.000000 1.000000
v -16 32 -5 1.000000 1.000000 1.000000
v -14 32 -5 1.000000 1.000000 1.000000
v -13 32 -5 1.000000 1.000000 1.000000
v -12 32 -5 1.000000 1.000000 1.000000
v -11 32 -5 1.000000 1.000000 1.000000
v -10 32 -5 1.000000 1.000000 1.000000
v -9 32 -5 1.000000 1.000000 1.000000
v -8 32 -5 1.000000 1.000000 1.000000
v -7 32 -5 1.000000 1.000000 1.000000
v -6 32 -5 1.000000 1.000000 1.000000
v -5 32 -5 1.000000 1.000000 1.000000
v -4 32 -5 1.000000 1.000000 1.000000
v -3 32 -5 1.000000 1.000000 1.000000
v -2 32 -5 1.000000 1.000000 1.000000
v -1 32 -5 1.000000 1.000000 1.000000
v 0 32 -5 1.000000 1.000000 1.000000
v -15 32 -6 1.000000 1.000000 1.000000
v -16 32 -6 1.000000 1.000000 1.000000
v -14 32 -6 1.000000 1.000000 1.000000
v -13 32 -6 1.000000 1.000000 1.000000
v -12 32 -6 1.000000 1.000000 1.000000
v -11 32 -6 1.000000 1.000000 1.000000
v -10 32 -6 1.000000 1.000000 1.000000
v -9 32 -6 1.000000 1.000000 1.000000
v -8 32 -6 1.000000 1.000000 1.000000
v -7 32 -6 1.000000 1.000000 1.000000
v -6 32 -6 1.000000 1.000000 1.000000
v -5 32 -6 1.000000 1.000000 1.000000
v -4 32 -6 1.000000 1.000000 1.000000
v -3 32 -6 1.000000 1.000000 1.000000
v -2 32 -6 1.000000 1.000000 1.000000
v -1 32 -6 1.000000 1.000000 1.000000
v 0 32 -6 1.000000 1.000000 1.000000
v -15 32 -7 1.000000 1.000000 1.000000
v -16 32 -7 1.000000 1.000000 1.000000
v -14 32 -7 1.000000 1.000000 1.000000
v -13 32 -7 1.000000 1.000000 1.000000
v -12 32 -7 1.000000 1.000000 1.000000
v -11 32 -7 1.000000 1.000000 1.000000
v -10 32 -7 1.000000 1.000000 1.000000
v -9 32 -7 1.000000 1.000000 1.000000
v -8 32 -7 1.000000 1.000000 1.000000
v -7 32 -7 1.000000 1.000000 1.000000
v -6 32 -7 1.000000 1.000000 1.000000
v -5 32 -7 1.000000 1.000000 1.000000
v -4 32 -7 1.000000 1.000000 1.000000
v -3 32 -7 1.000000 1.000000 1.000000
v -2 32 -7 1.000000 1.000000 1.000000
v -1 32 -7 1.000000 1.000000 1.000000
v 0 32 -7 1.000000 1.000000 1.000000
v -15 32 -8 1.000000 1.000000 1.000000
v -16 32 -8 1.000000 1.000000 1.000000
v -14 32 -8 1.000000 1.000000 1.000000
v -13 32 -8 1.000000 1.000000 1.000000
v -12 32 -8 1.000000 1.000000 1.000000
v -11 32 -8 1.000000 1.000000 1.000000
v -10 32 -8 1.000000 1.000000 1.000000
v -9 32 -8 1.000000 1.000000 1.000000
v -8 32 -8 1.000000 1.000000 1.000000
v -7 32 -8 1.000000 1.000000 1.000000
v -6 32 -8 1.000000 1.000000 1.000000
v -5 32 -8 1.000000 1.000000 1.000000
v -4 32 -8 1.000000 1.000000 1.000000
v -3 32 -8 1.000000 1.000000 1.000000
v -2 32 -8 1.000000 1.000000 1.000000
v -1 32 -8 1.000000 1.000000 1.000000
v 0 32 -8 1.000000 1.000000 1.000000
v -15 32 -9 1.000000 1.000000 1.000000
v -16 32 -9 1.000000 1.000000 1.000000
v -14 32 -9 1.000000 1.000000 1.000000
v -13 32 -9 1.000000 1.000000 1.000000
v -12 32 -9 1.000000 1.000000 1.000000
v -11 32 -9 1.000000 1.000000 1.000000
v -10 32 -9 1.000000 1.000000 1.000000
v -9 32 -9 1.000000 1.000000 1.000000
v -8 32 -9 1.000000 1.000000 1.000000
v -7 32 -9 1.000000 1.000000 1.000000
v -6 32 -9 1.000000 1.000000 1.000000
v -5 32 -9 1.000000 1.000000 1.000000
v -4 32 -9 1.000000 1.000000 1.000000
v -3 32 -9 1.000000 1.000000 1.000000
v -2 32 -9 1.000000 1.000000 1.000000
v -1 32 -9 1.000000 1.000000 1.000000
v 0 32 -9 1.000000 1.000000 1.000000
v -15 32 -10 1.000000 1.000000 1.000000
v -16 32 -10 1.000000 1.000000 1.000000
v -14 32 -10 1.000000 1.000000 1.000000
v -13 32 -10 1.000000 1.000000 1.000000
v -12 32 -10 1.000000 1.000000 1.000000
v -11 32 -10 1.000000 1.000000 1.000000
v -10 32 -10 1.000000 1.000000 1.000000
v -9 32 -10 1.000000 1.000000 1.000000
v -8 32 -10 1.000000 1.000000 1.000000
v -7 32 -10 1.000000 1.000000 1.000000
v -6 32 -10 1.000000 1.000000 1.000000
v -5 32 -10 1.000000 1.000000 1.000000
v -4 32 -10 1.000000 1.000000 1.000000
v -3 32 -10 1.000000 1.000000 1.000000
v -2 32 -10 1.000000 1.000000 1.000000
v -1 32 -10 1.000000 1.000000 1.000000
v 0 32 -10 1.000000 1.000000 1.000000
v -15 32 -11 1.000000 1.000000 1.000000
v -16 32 -11 1.000000 1.000000 1.000000
v -14 32 -11 1.000000 1.000000 1.000000
v -13 32 -11 1.000000 1.000000 1.000000
v -12 32 -11 1.000000 1.000000 1.000000
v -11 32 -11 1.000000 1.000000 1.000000
v -10 32 -11 1.000000 1.000000 1.000000
v -9 32 -11 1.000000 1.000000 1.000000
v -8 32 -11 1.000000 1.000000 1.000000
v -7 32 -11 1.000000 1.000000 1.000000
v -6 32 -11 1.000000 1.000000 1.000000
v -5 32 -11 1.000000 1.000000 1.000000
v -4 32 -11 1.000000 1.000000 1.000000
v -3 32 -11 1.000000 1.000000 1.000000
v -2 32 -11 1.000000 1.000000 1.000000
v -1 32 -11 1.000000 1.000000 1.000000
v 0 32 -11 1.000000 1.000000 1.000000
v -15 32 -12 1.000000 1.000000 1.000000
v -16 32 -12 1.000000 1.000000 1.000000
v -14 32 -12 1.000000 1.000000 1.000000
v -13 32 -12 1.000000 1.000000 1.000000
v -12 32 -12 1.000000 1.000000 1.000000
v -11 32 -12 1.000000 1.000000 1.000000
v -10 32 -12 1.000000 1.000000 1.000000
v -9 32 -12 1.000000 1.000000 1.000000
v -8 32 -12 1.000000 1.000000 1.000000
v -7 32 -12 1.000000 1.000000 1.000000
v -6 32 -12 1.000000 1.000000 1.000000
v -5 32 -12 1.000000 1.000000 1.000000
v -4 32 -12 1.000000 1.000000 1.000000
v -3 32 -12 1.000000 1.000000 1.000000
v -2 32 -12 1.000000 1.000000 1.000000
v -1 32 -12 1.000000 1.000000 1.000000
v 0 32 -12 1.000000 1.000000 1.000000
v -15 32 -13 1.000000 1.000000 1.000000
v -16 32 -13 1.000000 1.000000 1.000000
v -14 32 -13 1.000000 1.000000 1.000000
v -13 32 -13 1.000000 1.000000 1.000000
v -12 32 -13 1.000000 1.000000 1.000000
v -11 32 -13 1.000000 1.000000 1.000000
v -10 32 -13 1.000000 1.000000 1.000000
v -9 32 -13 1.000000 1.000000 1.000000
v -8 32 -13 1.000000 1.000000 1.000000
v -7 32 -13 1.000000 1.000000 1.000000
v -6 32 -13 1.000000 1.000000 1.000000
v -5 32 -13 1.000000 1.000000 1.000000
v -4 32 -13 1.000000 1.000000 1.000000
v -3 32 -13 1.000000 1.000000 1.000000
v -2 32 -13 1.000000 1.000000 1.000000
v -1 32 -13 1.000000 1.000000 1.000000
v 0 32 -13 1.000000 1.000000 1.000000
v -15 32 -14 1.000000 1.000000 1.000000
v -16 32 -14 1.000000 1.000000 1.000000
v -14 32 -14 1.000000 1.000000 1.000000
v -13 32 -14 1.000000 1.000000 1.000000
v -12 32 -14 1.000000 1.000000 1.000000
v -11 32 -14 1.000000 1.000000 1.000000
v -10 32 -14 1.000000 1.000000 1.000000
v -9 32 -14 1.000000 1.000000 1.000000
v -8 32 -14 1.000000 1.000000 1.000000
v -7 32 -14 1.000000 1.000000 1.000000
v -6 32 -14 1.000000 1.000000 1.000000
v -5 32 -14 1.000000 1.000000 1.000000
v -4 32 -14 1.000000 1.000000 1.000000
v -3 32 -14 1.000000 1.000000 1.000000
v -2 32 -14 1.000000 1.000000 1.000000
v -1 32 -14 1.000000 1.000000 1.000000
v 0 32 -14 1.000000 1.000000 1.000000
v -15 32 -15 1.000000 1.000000 1.000000
v -16 32 -15 1.000000 1.000000 1.000000
v -14 32 -15 1.000000 1.000000 1.000000
v -13 32 -15 1.000000 1.000000 1.000000
v -12 32 -15 1.000000 1.000000 1.000000
v -11 32 -15 1.000000 1.000000 1.000000
v -10 32 -15 1.000000 1.000000 1.000000
v -9 32 -15 1.000000 1.000000 1.000000
v -8 32 -15 1.000000 1.000000 1.000000
v -7 32 -15 1.000000 1.000000 1.000000
v -6 32 -15 1.000000 1.000000 1.000000
v -5 32 -15 1.000000 1.000000 1.000000
v -4 32 -15 1.000000 1.000000 1.000000
v -3 32 -15 1.000000 1.000000 1.000000
v -2 32 -15 1.000000 1.000000 1.000000
v -1 32 -15 1.000000 1.000000 1.000000
v 0 32 -15 1.000000 1.000000 1.000000
v -16 32 -16 1.000000 1.000000 1.000000
v -15 32 -16 1.000000 1.000000 1.000000
v -14 32 -16 1.000000 1.000000 1.000000
v -13 32 -16 1.000000 1.000000 1.000000
v -12 32 -16 1.000000 1.000000 1.000000
v -11 32 -16 1.000000 1.000000 1.000000
v -10 32 -16 1.000000 1.000000 1.000000
v -9 32 -16 1.000000 1.000000 1.000000
v -8 32 -16 1.000000 1.000000 1.000000
v -7 32 -16 1.000000 1.000000 1.000000
v -6 32 -16 1.000000 1.000000 1.000000
v -5 32 -16 1.000000 1.000000 1.000000
v -4 32 -16 1.000000 1.000000 1.000000
v -3 32 -16 1.000000 1.000000 1.000000
v -2 32 -16 1.000000 1.000000 1.000000
v -1 32 -16 1.000000 1.000000 1.000000
v 0 32 -16 1.000000 1.000000 1.000000
v 16 16 0 1.000000 1.000000 1.000000
v 16 16 -1 1.000000 1.000000 1.000000
v 16 17 -1 1.000000 1.000000 1.000000
v 16 17 0 1.000000 1.000000 1.000000
v 16 16 -2 1.000000 1.000000 1.000000
v 16 17 -2 1.000000 1.000000 1.000000
v 16 16 -3 1.000000 1.000000 1.000000
v 16 17 -3 1.000000 1.000000 1.000000
v 16 16 -4 1.000000 1.000000 1.000000
v 16 17 -4 1.000000 1.000000 1.000000
v 16 16 -5 1.000000 1.000000 1.000000
v 16 17 -5 1.000000 1.000000 1.000000
v 16 16 -6 1.000000 1.000000 1.000000
v 16 17 -6 1.000000 1.000000 1.000000
v 16 16 -7 1.000000 1.000000 1.000000
v 16 17 -7 1.000000 1.000000 1.000000
v 16 16 -8 1.000000 1.000000 1.000000
v 16 17 -8 1.000000 1.000000 1.000000
v 16 16 -9 1.000000 1.000000 1.000000
v 16 17 -9 1.000000 1.000000 1.000000
v 16 16 -10 1.000000 1.000000 1.000000
v 16 17 -10 1.000000 1.000000 1.000000
v 16 16 -11 1.000000 1.000000 1.000000
v 16 17 -11 1.000000 1.000000 1.000000
v 16 16 -12 1.000000 1.000000 1.000000
v 16 17 -12 1.000000 1.000000 1.000000
v 16 16 -13 1.000000 1.000000 1.000000
v 16 17 -13 1.000000 1.000000 1.000000
v 16 16 -14 1.000000 1.000000 1.000000
v 16 17 -14 1.000000 1.000000 1.000000
v 16 16 -15 1.000000 1.000000 1.000000
v 16 17 -15 1.000000 1.000000 1.000000
v 1 16 -16 1.000000 1.000000 1.000000
v 1 17 -16 1.000000 1.000000 1.000000
v 2 16 -16 1.000000 1.000000 1.000000
v 2 17 -16 1.000000 1.000000 1.000000
v 3 16 -16 1.000000 1.000000 1.000000
v 3 17 -16 1.000000 1.000000 1.000000
v 4 16 -16 1.000000 1.000000 1.000000
v 4 17 -16 1.000000 1.000000 1.000000
v 5 16 -16 1.000000 1.000000 1.000000
v 5 17 -16 1.000000 1.000000 1.000000
v 6 16 -16 1.000000 1.000000 1.000000
v 6 17 -16 1.000000 1.000000 1.000000
v 7 16 -16 1.000000 1.000000 1.000000
v 7 17 -16 1.000000 1.000000 1.000000
v 8 16 -16 1.000000 1.000000 1.000000
v 8 17 -16 1.000000 1.000000 1.000000
v 9 16 -16 1.000000 1.000000 1.000000
v 9 17 -16 1.000000 1.000000 1.000000
v 10 16 -16 1.000000 1.000000 1.000000
v 10 17 -16 1.000000 1.000000 1.000000
v 11 16 -16 1.000000 1.000000 1.000000
v 11 17 -16 1.000000 1.000000 1.000000
v 12 16 -16 1.000000 1.000000 1.000000
v 12 17 -16 1.000000 1.000000 1.000000
v 13 16 -16 1.000000 1.000000 1.000000
v 13 17 -16 1.000000 1.000000 1.000000
v 14 16 -16 1.000000 1.000000 1.000000
v 14 17 -16 1.000000 1.000000 1.000000
v 15 16 -16 1.000000 1.000000 1.000000
v 15 17 -16 1.000000 1.000000 1.000000
v 16 16 -16 1.000000 1.000000 1.000000
v 16 17 -16 1.000000 1.000000 1.000000
v 16 18 -1 1.000000 1.000000 1.000000
v 16 18 0 1.000000 1.000000 1.000000
v 16 18 -2 1.000000 1.000000 1.000000
v 16 18 -3 1.000000 1.000000 1.000000
v 16 18 -4 1.000000 1.000000 1.000000
v 16 18 -5 1.000000 1.000000 1.000000
v 16 18 -6 1.000000 1.000000 1.000000
v 16 18 -7 1.000000 1.000000 1.000000
v 16 18 -8 1.000000 1.000000 1.000000
v 16 18 -9 1.000000 1.000000 1.000000
v 16 18 -10 1.000000 1.000000 1.000000
v 16 18 -11 1.000000 1.000000 1.000000
v 16 18 -12 1.000000 1.000000 1.000000
v 16 18 -13 1.000000 1.000000 1.000000
v 16 18 -14 1.000000 1.000000 1.000000
v 16 18 -15 1.000000 1.000000 1.000000
v 1 18 -16 1.000000 1.000000 1.000000
v 2 18 -16 1.000000 1.000000 1.000000
v 3 18 -16 1.000000 1.000000 1.000000
v 4 18 -16 1.000000 1.000000 1.000000
v 5 18 -16 1.000000 1.000000 1.000000
v 6 18 -16 1.000000 1.000000 1.000000
v 7 18 -16 1.000000 1.000000 1.000000
v 8 18 -16 1.000000 1.000000 1.000000
v 9 18 -16 1.000000 1.000000 1.000000
v 10 18 -16 1.000000 1.000000 1.000000
v 11 18 -16 1.000000 1.000000 1.000000
v 12 18 -16 1.000000 1.000000 1.000000
v 13 18 -16 1.000000 1.000000 1.000000
v 14 18 -16 1.000000 1.000000 1.000000
v 15 18 -16 1.000000 1.000000 1.000000
v 16 18 -16 1.000000 1.000000 1.000000
v 16 19 -1 1.000000 1.000000 1.000000
v 16 19 0 1.000000 1.000000 1.000000
v 16 19 -2 1.000000 1.000000 1.000000
v 16 19 -3 1.000000 1.000000 1.000000
v 16 19 -4 1.000000 1.000000 1.000000
v 16 19 -5 1.000000 1.000000 1.000000
v 16 19 -6 1.000000 1.000000 1.000000
v 16 19 -7 1.000000 1.000000 1.000000
v 16 19 -8 1.000000 1.000000 1.000000
v 16 19 -9 1.000000 1.000000 1.000000
v 16 19 -10 1.000000 1.000000 1.000000
v 16 19 -11 1.000000 1.000000 1.000000
v 16 19 -12 1.000000 1.000000 1.000000
v 16 19 -13 1.000000 1.000000 1.000000
v 16 19 -14 1.000000 1.000000 1.000000
v 16 19 -15 1.000000 1.000000 1.000000
v 1 19 -16 1.000000 1.000000 1.000000
v 2 19 -16 1.000000 1.000000 1.000000
v 3 19 -16 1.000000 1.000000 1.000000
v 4 19 -16 1.000000 1.000000 1.000000
v 5 19 -16 1.000000 1.000000 1.000000
v 6 19 -16 1.000000 1.000000 1.000000
v 7 19 -16 1.000000 1.000000 1.000000
v 8 19 -16 1.000000 1.000000 1.000000
v 9 19 -16 1.000000 1.000000 1.000000
v 10 19 -16 1.000000 1.000000 1.000000
v 11 19 -16 1.000000 1.000000 1.000000
v 12 19 -16 1.000000 1.000000 1.000000
v 13 19 -16 1.000000 1.000000 1.000000
v 14 19 -16 1.000000 1.000000 1.000000
v 15 19 -16 1.000000 1.000000 1.000000
v 16 19 -16 1.000000 1.000000 1.000000
v 16 20 -1 1.000000 1.000000 1.000000
v 16 20 0 1.000000 1.000000 1.000000
v 16 20 -2 1.000000 1.000000 1.000000
v 16 20 -3 1.000000 1.000000 1.000000
v 16 20 -4 1.000000 1.000000 1.000000
v 16 20 -5 1.000000 1.000000 1.000000
v 16 20 -6 1.000000 1.000000 1.000000
v 16 20 -7 1.000000 1.000000 1.000000
v 16 20 -8 1.000000 1.000000 1.000000
v 16 20 -9 1.000000 1.000000 1.000000
v 16 20 -10 1.000000 1.000000 1.000000
v 16 20 -11 1.000000 1.000000 1.000000
v 16 20 -12 1.000000 1.000000 1.000000
v 16 20 -13 1.000000 1.000000 1.000000
v 16 20 -14 1.000000 1.000000 1.000000
v 16 20 -15 1.000000 1.000000 1.000000
v 1 20 -16 1.000000 1.000000 1.000000
v 2 20 -16 1.000000 1.000000 1.000000
v 3 20 -16 1.000000 1.000000 1.000000
v 4 20 -16 1.000000 1.000000 1.000000
v 5 20 -16 1.000000 1.000000 1.000000
v 6 20 -16 1.000000 1.000000 1.000000
v 7 20 -16 1.000000 1.000000 1.000000
v 8 20 -16 1.000000 1.000000 1.000000
v 9 20 -16 1.000000 1.000000 1.000000
v 10 20 -16 1.000000 1.000000 1.000000
v 11 20 -16 1.000000 1.000000 1.000000
v 12 20 -16 1.000000 1.000000 1.000000
v 13 20 -16 1.000000 1.000000 1.000000
v 14 20 -16 1.000000 1.000000 1.000000
v 15 20 -16 1.000000 1.000000 1.000000
v 16 20 -16 1.000000 1.000000 1.000000
v 16 21 -1 1.000000 1.000000 1.000000
v 16 21 0 1.000000 1.000000 1.000000
v 16 21 -2 1.000000 1.000000 1.000000
v 16 21 -3 1.000000 1.000000 1.000000
v 16 21 -4 1.000000 1.000000 1.000000
v 16 21 -5 1.000000 1.000000 1.000000
v 16 21 -6 1.000000 1.000000 1.000000
v 16 21 -7 1.000000 1.000000 1.000000
v 16 21 -8 1.000000 1.000000 1.000000
v 16 21 -9 1.000000 1.000000 1.000000
v 16 21 -10 1.000000 1.000000 1.000000
v 16 21 -11 1.000000 1.000000 1.000000
v 16 21 -12 1.000000 1.000000 1.000000
v 16 21 -13 1.000000 1.000000 1.000000
v 16 21 -14 1.000000 1.000000 1.000000
v 16 21 -15 1.000000 1.000000 1.000000
v 1 21 -16 1.000000 1.000000 1.000000
v 2 21 -16 1.000000 1.000000 1.000000
v 3 21 -16 1.000000 1.000000 1.000000
v 4 21 -16 1.000000 1.000000 1.000000
v 5 21 -16 1.000000 1.000000 1.000000
v 6 21 -16 1.000000 1.000000 1.000000
v 7 21 -16 1.000000 1.000000 1.000000
v 8 21 -16 1.000000 1.000000 1.000000
v 9 21 -16 1.000000 1.000000 1.000000
v 10 21 -16 1.000000 1.000000 1.000000
v 11 21 -16 1.000000 1.000000 1.000000
v 12 21 -16 1.000000 1.000000 1.000000
v 13 21 -16 1.000000 1.000000 1.000000
v 14 21 -16 1.000000 1.000000 1.000000
v 15 21 -16 1.000000 1.000000 1.000000
v 16 21 -16 1.000000 1.000000 1.000000
v 16 22 -1 1.000000 1.000000 1.000000
v 16 22 0 1.000000 1.000000 1.000000
v 16 22 -2 1.000000 1.000000 1.000000
v 16 22 -3 1.000000 1.000000 1.000000
v 16 22 -4 1.000000 1.000000 1.000000
v 16 22 -5 1.000000 1.000000 1.000000
v 16 22 -6 1.000000 1.000000 1.000000
v 16 22 -7 1.000000 1.000000 1.000000
v 16 22 -8 1.000000 1.000000 1.000000
v 16 22 -9 1.000000 1.000000 1.000000
v 16 22 -10 1.000000 1.000000 1.000000
v 16 22 -11 1.000000 1.000000 1.000000
v 16 22 -12 1.000000 1.000000 1.000000
v 16 22 -13 1.000000 1.000000 1.000000
v 16 22 -14 1.000000 1.000000 1.000000
v 16 22 -15 1.000000 1.000000 1.000000
v 1 22 -16 1.000000 1.000000 1.000000
v 2 22 -16 1.000000 1.000000 1.000000
v 3 22 -16 1.000000 1.000000 1.000000
v 4 22 -16 1.000000 1.000000 1.000000
v 5 22 -16 1.000000 1.000000 1.000000
v 6 22 -16 1.000000 1.000000 1.000000
v 7 22 -16 1.000000 1.000000 1.000000
v 8 22 -16 1.000000 1.000000 1.000000
v 9 22 -16 1.000000 1.000000 1.000000
v 10 22 -16 1.000000 1.000000 1.000000
v 11 22 -16 1.000000 1.000000 1.000000
v 12 22 -16 1.000000 1.000000 1.000000
v 13 22 -16 1.000000 1.000000 1.000000
v 14 22 -16 1.000000 1.000000 1.000000
v 15 22 -16 1.000000 1.000000 1.000000
v 16 22 -16 1.000000 1.000000 1.000000
v 16 23 -1 1.000000 1.000000 1.000000
v 16 23 0 1.000000 1.000000 1.000000
v 16 23 -2 1.000000 1.000000 1.000000
v 16 23 -3 1.000000 1.000000 1.000000
v 16 23 -4 1.000000 1.000000 1.000000
v 16 23 -5 1.000000 1.000000 1.000000
v 16 23 -6 1.000000 1.000000 1.000000
v 16 23 -7 1.000000 1.000000 1.000000
v 16 23 -8 1.000000 1.000000 1.000000
v 16 23 -9 1.000000 1.000000 1.000000
v 16 23 -10 1.000000 1.000000 1.000000
v 16 23 -11 1.000000 1.000000 1.000000
v 16 23 -12 1.000000 1.000000 1.000000
v 16 23 -13 1.000000 1.000000 1.000000
v 16 23 -14 1.000000 1.000000 1.000000
v 16 23 -15 1.000000 1.000000 1.000000
v 1 23 -16 1.000000 1.000000 1.000000
v 2 23 -16 1.000000 1.000000 1.000000
v 3 23 -16 1.000000 1.000000 1.000000
v 4 23 -16 1.000000 1.000000 1.000000
v 5 23 -16 1.000000 1.000000 1.000000
v 6 23 -16 1.000000 1.000000 1.000000
v 7 23 -16 1.000000 1.000000 1.000000
v 8 23 -16 1.000000 1.000000 1.000000
v 9 23 -16 1.000000 1.000000 1.000000
v 10 23 -16 1.000000 1.000000 1.000000
v 11 23 -16 1.000000 1.000000 1.000000
v 12 23 -16 1.000000 1.000000 1.000000
v 13 23 -16 1.000000 1.000000 1.000000
v 14 23 -16 1.000000 1.000000 1.000000
v 15 23 -16 1.000000 1.000000 1.000000
v 16 23 -16 1.000000 1.000000 1.000000
v 16 24 -1 1.000000 1.000000 1.000000
v 16 24 0 1.000000 1.000000 1.000000
v 16 24 -2 1.000000 1.000000 1.000000
v 16 24 -3 1.000000 1.000000 1.000000
v 16 24 -4 1.000000 1.000000 1.000000
v 16 24 -5 1.000000 1.000000 1.000000
v 16 24 -6 1.000000 1.000000 1.000000
v 16 24 -7 1.000000 1.000000 1.000000
v 16 24 -8 1.000000 1.000000 1.000000
v 16 24 -9 1.000000 1.000000 1.000000
v 16 24 -10 1.000000 1.000000 1.000000
v 16 24 -11 1.000000 1.000000 1.000000
v 16 24 -12 1.000000 1.000000 1.000000
v 16 24 -13 1.000000 1.000000 1.000000
v 16 24 -14 1.000000 1.000000 1.000000
v 16 24 -15 1.000000 1.000000 1.000000
v 1 24 -16 1.000000 1.000000 1.000000
v 2 24 -16 1.000000 1.000000 1.000000
v 3 24 -16 1.000000 1.000000 1.000000
v 4 24 -16 1.000000 1.000000 1.000000
v 5 24 -16 1.000000 1.000000 1.000000
v 6 24 -16 1.000000 1.000000 1.000000
v 7 24 -16 1.000000 1.000000 1.000000
v 8 24 -16 1.000000 1.000000 1.000000
v 9 24 -16 1.000000 1.000000 1.000000
v 10 24 -16 1.000000 1.000000 1.000000
v 11 24 -16 1.000000 1.000000 1.000000
v 12 24 -16 1.000000 1.000000 1.000000
v 13 24 -16 1.000000 1.000000 1.000000
v 14 24 -16 1.000000 1.000000 1.000000
v 15 24 -16 1.000000 1.000000 1.000000
v 16 24 -16 1.000000 1.000000 1.000000
v 16 25 -1 1.000000 1.000000 1.000000
v 16 25 0 1.000000 1.000000 1.000000
v 16 25 -2 1.000000 1.000000 1.000000
v 16 25 -3 1.000000 1.000000 1.000000
v 16 25 -4 1.000000 1.000000 1.000000
v 16 25 -5 1.000000 1.000000 1.000000
v 16 25 -6 1.000000 1.000000 1.000000
v 16 25 -7 1.000000 1.000000 1.000000
v 16 25 -8 1.000000 1.000000 1.000000
v 16 25 -9 1.000000 1.000000 1.000000
v 16 25 -10 1.000000 1.000000 1.000000
v 16 25 -11 1.000000 1.000000 1.000000
v 16 25 -12 1.000000 1.000000 1.000000
v 16 25 -13 1.000000 1.000000 1.000000
v 16 25 -14 1.000000 1.000000 1.000000
v 16 25 -15 1.000000 1.000000 1.000000
v 1 25 -16 1.000000 1.000000 1.000000
v 2 25 -16 1.000000 1.000000 1.000000
v 3 25 -16 1.000000 1.000000 1.000000
v 4 25 -16 1.000000 1.000000 1.000000
v 5 25 -16 1.000000 1.000000 1.000000
v 6 25 -16 1.000000 1.000000 1.000000
v 7 25 -16 1.000000 1.000000 1.000000
v 8 25 -16 1.000000 1.000000 1.000000
v 9 25 -16 1.000000 1.000000 1.000000
v 10 25 -16 1.000000 1.000000 1.000000
v 11 25 -16 1.000000 1.000000 1.000000
v 12 25 -16 1.000000 1.000000 1.000000
v 13 25 -16 1.000000 1.000000 1.000000
v 14 25 -16 1.000000 1.000000 1.000000
v 15 25 -16 1.000000 1.000000 1.000000
v 16 25 -16 1.000000 1.000000 1.000000
v 16 26 -1 1.000000 1.000000 1.000000
v 16 26 0 1.000000 1.000000 1.000000
v 16 26 -2 1.000000 1.000000 1.000000
v 16 26 -3 1.000000 1.000000 1.000000
v 16 26 -4 1.000000 1.000000 1.000000
v 16 26 -5 1.000000 1.000000 1.000000
v 16 26 -6 1.000000 1.000000 1.000000
v 16 26 -7 1.000000 1.000000 1.000000
v 16 26 -8 1.000000 1.000000 1.000000
v 16 26 -9 1.000000 1.000000 1.000000
v 16 26 -10 1.000000 1.000000 1.000000
v 16 26 -11 1.000000 1.000000 1.000000
v 16 26 -12 1.000000 1.000000 1.000000
v 16 26 -13 1.000000 1.000000 1.000000
v 16 26 -14 1.000000 1.000000 1.000000
v 16 26 -15 1.000000 1.000000 1.000000
v 1 26 -16 1.000000 1.000000 1.000000
v 2 26 -16 1.000000 1.000000 1.000000
v 3 26 -16 1.000000 1.000000 1.000000
v 4 26 -16 1.000000 1.000000 1.000000
v 5 26 -16 1.000000 1.000000 1.000000
v 6 26 -16 1.000000 1.000000 1.000000
v 7 26 -16 1.000000 1.000000 1.000000
v 8 26 -16 1.000000 1.000000 1.000000
v 9 26 -16 1.000000 1.000000 1.000000
v 10 26 -16 1.000000 1.000000 1.000000
v 11 26 -16 1.000000 1.000000 1.000000
v 12 26 -16 1.000000 1.000000 1.000000
v 13 26 -16 1.000000 1.000000 1.000000
v 14 26 -16 1.000000 1.000000 1.000000
v 15 26 -16 1.000000 1.000000 1.000000
v 16 26 -16 1.000000 1.000000 1.000000
v 16 27 -1 1.000000 1.000000 1.000000
v 16 27 0 1.000000 1.000000 1.000000
v 16 27 -2 1.000000 1.000000 1.000000
v 16 27 -3 1.000000 1.000000 1.000000
v 16 27 -4 1.000000 1.000000 1.000000
v 16 27 -5 1.000000 1.000000 1.000000
v 16 27 -6 1.000000 1.000000 1.000000
v 16 27 -7 1.000000 1.000000 1.000000
v 16 27 -8 1.000000 1.000000 1.000000
v 16 27 -9 1.000000 1.000000 1.000000
v 16 27 -10 1.000000 1.000000 1.000000
v 16 27 -11 1.000000 1.000000 1.000000
v 16 27 -12 1.000000 1.000000 1.000000
v 16 27 -13 1.000000 1.000000 1.000000
v 16 27 -14 1.000000 1.000000 1.000000
v 16 27 -15 1.000000 1.000000 1.000000
v 1 27 -16 1.000000 1.000000 1.000000
v 2 27 -16 1.000000 1.000000 1.000000
v 3 27 -16 1.000000 1.000000 1.000000
v 4 27 -16 1.000000 1.000000 1.000000
v 5 27 -16 1.000000 1.000000 1.000000
v 6 27 -16 1.000000 1.000000 1.000000
v 7 27 -16 1.000000 1.000000 1.000000
v 8 27 -16 1.000000 1.000000 1.000000
v 9 27 -16 1.000000 1.000000 1.000000
v 10 27 -16 1.000000 1.000000 1.000000
v 11 27 -16 1.000000 1.000000 1.000000
v 12 27 -16 1.000000 1.000000 1.000000
v 13 27 -16 1.000000 1.000000 1.000000
v 14 27 -16 1.000000 1.000000 1.000000
v 15 27 -16 1.000000 1.000000 1.000000
v 16 27 -16 1.000000 1.000000 1.000000
v 16 28 -1 1.000000 1.000000 1.000000
v 16 28 0 1.000000 1.000000 1.000000
v 16 28 -2 1.000000 1.000000 1.000000
v 16 28 -3 1.000000 1.000000 1.000000
v 16 28 -4 1.000000 1.000000 1.000000
v 16 28 -5 1.000000 1.000000 1.000000
v 16 28 -6 1.000000 1.000000 1.000000
v 16 28 -7 1.000000 1.000000 1.000000
v 16 28 -8 1.000000 1.000000 1.000000
v 16 28 -9 1.000000 1.000000 1.000000
v 16 28 -10 1.000000 1.000000 1.000000
v 16 28 -11 1.000000 1.000000 1.000000
v 16 28 -12 1.000000 1.000000 1.000000
v 16 28 -13 1.000000 1.000000 1.000000
v 16 28 -14 1.000000 1.000000 1.000000
v 16 28 -15 1.000000 1.000000 1.000000
v 1 28 -16 1.000000 1.000000 1.000000
v 2 28 -16 1.000000 1.000000 1.000000
v 3 28 -16 1.000000 1.000000 1.000000
v 4 28 -16 1.000000 1.000000 1.000000
v 5 28 -16 1.000000 1.000000 1.000000
v 6 28 -16 1.000000 1.000000 1.000000
v 7 28 -16 1.000000 1.000000 1.000000
v 8 28 -16 1.000000 1.000000 1.000000
v 9 28 -16 1.000000 1.000000 1.000000
v 10 28 -16 1.000000 1.000000 1.000000
v 11 28 -16 1.000000 1.000000 1.000000
v 12 28 -16 1.000000 1.000000 1.000000
v 13 28 -16 1.000000 1.000000 1.000000
v 14 28 -16 1.000000 1.000000 1.000000
v 15 28 -16 1.000000 1.000000 1.000000
v 16 28 -16 1.000000 1.000000 1.000000
v 16 29 -1 1.000000 1.000000 1.000000
v 16 29 0 1.000000 1.000000 1.000000
v 16 29 -2 1.000000 1.000000 1.000000
v 16 29 -3 1.000000 1.000000 1.000000
v 16 29 -4 1.000000 1.000000 1.000000
v 16 29 -5 1.000000 1.000000 1.000000
v 16 29 -6 1.000000 1.000000 1.000000
v 16 29 -7 1.000000 1.000000 1.000000
v 16 29 -8 1.000000 1.000000 1.000000
v 16 29 -9 1.000000 1.000000 1.000000
v 16 29 -10 1.000000 1.000000 1.000000
v 16 29 -11 1.000000 1.000000 1.000000
v 16 29 -12 1.000000 1.000000 1.000000
v 16 29 -13 1.000000 1.000000 1.000000
v 16 29 -14 1.000000 1.000000 1.000000
v 16 29 -15 1.000000 1.000000 1.000000
v 1 29 -16 1.000000 1.000000 1.000000
v 2 29 -16 1.000000 1.000000 1.000000
v 3 29 -16 1.000000 1.000000 1.000000
v 4 29 -16 1.000000 1.000000 1.000000
v 5 29 -16 1.000000 1.000000 1.000000
v 6 29 -16 1.000000 1.000000 1.000000
v 7 29 -16 1.000000 1.000000 1.000000
v 8 29 -16 1.000000 1.000000 1.000000
v 9 29 -16 1.000000 1.000000 1.000000
v 10 29 -16 1.000000 1.000000 1.000000
v 11 29 -16 1.000000 1.000000 1.000000
v 12 29 -16 1.000000 1.000000 1.000000
v 13 29 -16 1.000000 1.000000 1.000000
v 14 29 -16 1.000000 1.000000 1.000000
v 15 29 -16 1.000000 1.000000 1.000000
v 16 29 -16 1.000000 1.000000 1.000000
v 16 30 -1 1.000000 1.000000 1.000000
v 16 30 0 1.000000 1.000000 1.000000
v 16 30 -2 1.000000 1.000000 1.000000
v 16 30 -3 1.000000 1.000000 1.000000
v 16 30 -4 1.000000 1.000000 1.000000
v 16 30 -5 1.000000 1.000000 1.000000
v 16 30 -6 1.000000 1.000000 1.000000
v 16 30 -7 1.000000 1.000000 1.000000
v 16 30 -8 1.000000 1.000000 1.000000
v 16 30 -9 1.000000 1.000000 1.000000
v 16 30 -10 1.000000 1.000000 1.000000
v 16 30 -11 1.000000 1.000000 1.000000
v 16 30 -12 1.000000 1.000000 1.000000
v 16 30 -13 1.000000 1.000000 1.000000
v 16 30 -14 1.000000 1.000000 1.000000
v 16 30 -15 1.000000 1.000000 1.000000
v 1 30 -16 1.000000 1.000000 1.000000
v 2 30 -16 1.000000 1.000000 1.000000
v 3 30 -16 1.000000 1.000000 1.000000
v 4 30 -16 1.000000 1.000000 1.000000
v 5 30 -16 1.000000 1.000000 1.000000
v 6 30 -16 1.000000 1.000000 1.000000
v 7 30 -16 1.000000 1.000000 1.000000
v 8 30 -16 1.000000 1.000000 1.000000
v 9 30 -16 1.000000 1.000000 1.000000
v 10 30 -16 1.000000 1.000000 1.000000
v 11 30 -16 1.000000 1.000000 1.000000
v 12 30 -16 1.000000 1.000000 1.000000
v 13 30 -16 1.000000 1.000000 1.000000
v 14 30 -16 1.000000 1.000000 1.000000
v 15 30 -16 1.000000 1.000000 1.000000
v 16 30 -16 1.000000 1.000000 1.000000
v 16 31 -1 1.000000 1.000000 1.000000
v 16 31 0 1.000000 1.000000 1.000000
v 16 31 -2 1.000000 1.000000 1.000000
v 16 31 -3 1.000000 1.000000 1.000000
v 16 31 -4 1.000000 1.000000 1.000000
v 16 31 -5 1.000000 1.000000 1.000000
v 16 31 -6 1.000000 1.000000 1.000000
v 16 31 -7 1.000000 1.000000 1.000000
v 16 31 -8 1.000000 1.000000 1.000000
v 16 31 -9 1.000000 1.000000 1.000000
v 16 31 -10 1.000000 1.000000 1.000000
v 16 31 -11 1.000000 1.000000 1.000000
v 16 31 -12 1.000000 1.000000 1.000000
v 16 31 -13 1.000000 1.000000 1.000000
v 16 31 -14 1.000000 1.000000 1.000000
v 16 31 -15 1.000000 1.000000 1.000000
v 1 31 -16 1.000000 1.000000 1.000000
v 2 31 -16 1.000000 1.000000 1.000000
v 3 31 -16 1.000000 1.000000 1.000000
v 4 31 -16 1.000000 1.000000 1.000000
v 5 31 -16 1.000000 1.000000 1.000000
v 6 31 -16 1.000000 1.000000 1.000000
v 7 31 -16 1.000000 1.000000 1.000000
v 8 31 -16 1.000000 1.000000 1.000000
v 9 31 -16 1.000000 1.000000 1.000000
v 10 31 -16 1.000000 1.000000 1.000000
v 11 31 -16 1.000000 1.000000 1.000000
v 12 31 -16 1.000000 1.000000 1.000000
v 13 31 -16 1.000000 1.000000 1.000000
v 14 31 -16 1.000000 1.000000 1.000000
v 15 31 -16 1.000000 1.000000 1.000000
v 16 31 -16 1.000000 1.000000 1.000000
v 1 32 0 1.000000 1.000000 1.000000
v 1 32 -1 1.000000 1.000000 1.000000
v 2 32 0 1.000000 1.000000 1.000000
v 2 32 -1 1.000000 1.000000 1.000000
v 3 32 0 1.000000 1.000000 1.000000
v 3 32 -1 1.000000 1.000000 1.000000
v 4 32 0 1.000000 1.000000 1.000000
v 4 32 -1 1.000000 1.000000 1.000000
v 5 32 0 1.000000 1.000000 1.000000
v 5 32 -1 1.000000 1.000000 1.000000
v 6 32 0 1.000000 1.000000 1.000000
v 6 32 -1 1.000000 1.000000 1.000000
v 7 32 0 1.000000 1.000000 1.000000
v 7 32 -1 1.000000 1.000000 1.000000
v 8 32 0 1.000000 1.000000 1.000000
v 8 32 -1 1.000000 1.000000 1.000000
v 9 32 0 1.000000 1.000000 1.000000
v 9 32 -1 1.000000 1.000000 1.000000
v 10 32 0 1.000000 1.000000 1.000000
v 10 32 -1 1.000000 1.000000 1.000000
v 11 32 0 1.000000 1.000000 1.000000
v 11 32 -1 1.000000 1.000000 1.000000
v 12 32 0 1.000000 1.000000 1.000000
v 12 32 -1 1.000000 1.000000 1.000000
v 13 32 0 1.000000 1.000000 1.000000
v 13 32 -1 1.000000 1.000000 1.000000
v 14 32 0 1.000000 1.000000 1.000000
v 14 32 -1 1.000000 1.000000 1.000000
v 15 32 0 1.000000 1.000000 1.000000
v 15 32 -1 1.000000 1.000000 1.000000
v 16 32 0 1.000000 1.000000 1.000000
v 16 32 -1 1.000000 1.000000 1.000000
v 1 32 -2 1.000000 1.000000 1.000000
v 2 32 -2 1.000000 1.000000 1.000000
v 3 32 -2 1.000000 1.000000 1.000000
v 4 32 -2 1.000000 1.000000 1.000000
v 5 32 -2 1.000000 1.000000 1.000000
v 6 32 -2 1.000000 1.000000 1.000000
v 7 32 -2 1.000000 1.000000 1.000000
v 8 32 -2 1.000000 1.000000 1.000000
v 9 32 -2 1.000000 1.000000 1.000000
v 10 32 -2 1.000000 1.000000 1.000000
v 11 32 -2 1.000000 1.000000 1.000000
v 12 32 -2 1.000000 1.000000 1.000000
v 13 32 -2 1.000000 1.000000 1.000000
v 14 32 -2 1.000000 1.000000 1.000000
v 15 32 -2 1.000000 1.000000 1.000000
v 16 32 -2 1.000000 1.000000 1.000000
v 1 32 -3 1.000000 1.000000 1.000000
v 2 32 -3 1.000000 1.000000 1.000000
v 3 32 -3 1.000000 1.000000 1.000000
v 4 32 -3 1.000000 1.000000 1.000000
v 5 32 -3 1.000000 1.000000 1.000000
v 6 32 -3 1.000000 1.000000 1.000000
v 7 32 -3 1.000000 1.000000 1.000000
v 8 32 -3 1.000000 1.000000 1.000000
v 9 32 -3 1.000000 1.000000 1.000000
v 10 32 -3 1.000000 1.000000 1.000000
v 11 32 -3 1.000000 1.000000 1.000000
v 12 32 -3 1.000000 1.000000 1.000000
v 13 32 -3 1.000000 1.000000 1.000000
v 14 32 -3 1.000000 1.000000 1.000000
v 15 32 -3 1.000000 1.000000 1.000000
v 16 32 -3 1.000000 1.000000 1.000000
v 1 32 -4 1.000000 1.000000 1.000000
v 2 32 -4 1.000000 1.000000 1.000000
v 3 32 -4 1.000000 1.000000 1.000000
v 4 32 -4 1.000000 1.000000 1.000000
v 5 32 -4 1.000000 1.000000 1.000000
v 6 32 -4 1.000000 1.000000 1.000000
v 7 32 -4 1.000000 1.000000 1.000000
v 8 32 -4 1.000000 1.000000 1.000000
v 9 32 -4 1.000000 1.000000 1.000000
v 10 32 -4 1.000000 1.000000 1.000000
v 11 32 -4 1.000000 1.000000 1.000000
v 12 32 -4 1.000000 1.000000 1.000000
v 13 32 -4 1.000000 1.000000 1.000000
v 14 32 -4 1.000000 1.000000 1.000000
v 15 32 -4 1.000000 1.000000 1.000000
v 16 32 -4 1.000000 1.000000 1.000000
v 1 32 -5 1.000000 1.000000 1.000000
v 2 32 -5 1.000000 1.000000 1.000000
v 3 32 -5 1.000000 1.000000 1.000000
v 4 32 -5 1.000000 1.000000 1.000000
v 5 32 -5 1.000000 1.000000 1.000000
v 6 32 -5 1.000000 1.000000 1.000000
v 7 32 -5 1.000000 1.000000 1.000000
v 8 32 -5 1.000000 1.000000 1.000000
v 9 32 -5 1.000000 1.000000 1.000000
v 10 32 -5 1.000000 1.000000 1.000000
v 11 32 -5 1.000000 1.000000 1.000000
v 12 32 -5 1.000000 1.000000 1.000000
v 13 32 -5 1.000000 1.000000 1.000000
v 14 32 -5 1.000000 1.000000 1.000000
v 15 32 -5 1.000000 1.000000 1.000000
v 16 32 -5 1.000000 1.000000 1.000000
v 1 32 -6 1.000000 1.000000 1.000000
v 2 32 -6 1.000000 1.000000 1.000000
v 3 32 -6 1.000000 1.000000 1.000000
v 4 32 -6 1.000000 1.000000 1.000000
v 5 32 -6 1.000000 1.000000 1.000000
v 6 32 -6 1.000000 1.000000 1.000000
v 7 32 -6 1.000000 1.000000 1.000000
v 8 32 -6 1.000000 1.000000 1.000000
v 9 32 -6 1.000000 1.000000 1.000000
v 10 32 -6 1.000000 1.000000 1.000000
v 11 32 -6 1.000000 1.000000 1.000000
v 12 32 -6 1.000000 1.000000 1.000000
v 13 32 -6 1.000000 1.000000 1.000000
v 14 32 -6 1.000000 1.000000 1.000000
v 15 32 -6 1.000000 1.000000 1.000000
v 16 32 -6 1.000000 1.000000 1.000000
v 1 32 -7 1.000000 1.000000 1.000000
v 2 32 -7 1.000000 1.000000 1.000000
v 3 32 -7 1.000000 1.000000 1.000000
v 4 32 -7 1.000000 1.000000 1.000000
v 5 32 -7 1.000000 1.000000 1.000000
v 6 32 -7 1.000000 1.000000 1.000000
v 7 32 -7 1.000000 1.000000 1.000000
v 8 32 -7 1.000000 1.000000 1.000000
v 9 32 -7 1.000000 1.000000 1.000000
v 10 32 -7 1.000000 1.000000 1.000000
v 11 32 -7 1.000000 1.000000 1.000000
v 12 32 -7 1.000000 1.000000 1.000000
v 13 32 -7 1.000000 1.000000 1.000000
v 14 32 -7 1.000000 1.000000 1.000000
v 15 32 -7 1.000000 1.000000 1.000000
v 16 32 -7 1.000000 1.000000 1.000000
v 1 32 -8 1.000000 1.000000 1.000000
v 2 32 -8 1.000000 1.000000 1.000000
v 3 32 -8 1.000000 1.000000 1.000000
v 4 32 -8 1.000000 1.000000 1.000000
v 5 32 -8 1.000000 1.000000 1.000000
v 6 32 -8 1.000000 1.000000 1.000000
v 7 32 -8 1.000000 1.000000 1.000000
v 8 32 -8 1.000000 1.000000 1.000000
v 9 32 -8 1.000000 1.000000 1.000000
v 10 32 -8 1.000000 1.000000 1.000000
v 11 32 -8 1.000000 1.000000 1.000000
v 12 32 -8 1.000000 1.000000 1.000000
v 13 32 -8 1.000000 1.000000 1.000000
v 14 32 -8 1.000000 1.000000 1.000000
v 15 32 -8 1.000000 1.000000 1.000000
v 16 32 -8 1.000000 1.000000 1.000000
v 1 32 -9 1.000000 1.000000 1.000000
v 2 32 -9 1.000000 1.000000 1.000000
v 3 32 -9 1.000000 1.000000 1.000000
v 4 32 -9 1.000000 1.000000 1.000000
v 5 32 -9 1.000000 1.000000 1.000000
v 6 32 -9 1.000000 1.000000 1.000000
v 7 32 -9 1.000000 1.000000 1.000000
v 8 32 -9 1.000000 1.000000 1.000000
v 9 32 -9 1.000000 1.000000 1.000000
v 10 32 -9 1.000000 1.000000 1.000000
v 11 32 -9 1.000000 1.000000 1.000000
v 12 32 -9 1.000000 1.000000 1.000000
v 13 32 -9 1.000000 1.000000 1.000000
v 14 32 -9 1.000000 1.000000 1.000000
v 15 32 -9 1.000000 1.000000 1.000000
v 16 32 -9 1.000000 1.000000 1.000000
v 1 32 -10 1.000000 1.000000 1.000000
v 2 32 -10 1.000000 1.000000 1.000000
v 3 32 -10 1.000000 1.000000 1.000000
v 4 32 -10 1.000000 1.000000 1.000000
v 5 32 -10 1.000000 1.000000 1.000000
v 6 32 -10 1.000000 1.000000 1.000000
v 7 32 -10 1.000000 1.000000 1.000000
v 8 32 -10 1.000000 1.000000 1.000000
v 9 32 -10 1.000000 1.000000 1.000000
v 10 32 -10 1.000000 1.000000 1.000000
v 11 32 -10 1.000000 1.000000 1.000000
v 12 32 -10 1.000000 1.000000 1.000000
v 13 32 -10 1.000000 1.000000 1.000000
v 14 32 -10 1.000000 1.000000 1.000000
v 15 32 -10 1.000000 1.000000 1.000000
v 16 32 -10 1.000000 1.000000 1.000000
v 1 32 -11 1.000000 1.000000 1.000000
v 2 32 -11 1.000000 1.000000 1.000000
v 3 32 -11 1.000000 1.000000 1.000000
v 4 32 -11 1.000000 1.000000 1.000000
v 5 32 -11 1.000000 1.000000 1.000000
v 6 32 -11 1.000000 1.000000 1.000000
v 7 32 -11 1.000000 1.000000 1.000000
v 8 32 -11 1.000000 1.000000 1.000000
v 9 32 -11 1.000000 1.000000 1.000000
v 10 32 -11 1.000000 1.000000 1.000000
v 11 32 -11 1.000000 1.000000 1.000000
v 12 32 -11 1.000000 1.000000 1.000000
v 13 32 -11 1.000000 1.000000 1.000000
v 14 32 -11 1.000000 1.000000 1.000000
v 15 32 -11 1.000000 1.000000 1.000000
v 16 32 -11 1.000000 1.000000 1.000000
v 1 32 -12 1.000000 1.000000 1.000000
v 2 32 -12 1.000000 1.000000 1.000000
v 3 32 -12 1.000000 1.000000 1.000000
v 4 32 -12 1.000000 1.000000 1.000000
v 5 32 -12 1.000000 1.000000 1.000000
v 6 32 -12 1.000000 1.000000 1.000000
v 7 32 -12 1.000000 1.000000 1.000000
v 8 32 -12 1.000000 1.000000 1.000000
v 9 32 -12 1.000000 1.000000 1.000000
v 10 32 -12 1.000000 1.000000 1.000000
v 11 32 -12 1.000000 1.000000 1.000000
v 12 32 -12 1.000000 1.000000 1.000000
v 13 32 -12 1.000000 1.000000 1.000000
v 14 32 -12 1.000000 1.000000 1.000000
v 15 32 -12 1.000000 1.000000 1.000000
v 16 32 -12 1.000000 1.000000 1.000000
v 1 32 -13 1.000000 1.000000 1.000000
v 2 32 -13 1.000000 1.000000 1.000000
v 3 32 -13 1.000000 1.000000 1.000000
v 4 32 -13 1.000000 1.000000 1.000000
v 5 32 -13 1.000000 1.000000 1.000000
v 6 32 -13 1.000000 1.000000 1.000000
v 7 32 -13 1.000000 1.000000 1.000000
v 8 32 -13 1.000000 1.000000 1.000000
v 9 32 -13 1.000000 1.000000 1.000000
v 10 32 -13 1.000000 1.000000 1.000000
v 11 32 -13 1.000000 1.000000 1.000000
v 12 32 -13 1.000000 1.000000 1.000000
v 13 32 -13 1.000000 1.000000 1.000000
v 14 32 -13 1.000000 1.000000 1.000000
v 15 32 -13 1.000000 1.000000 1.000000
v 16 32 -13 1.000000 1.000000 1.000000
v 1 32 -14 1.000000 1.000000 1.000000
v 2 32 -14 1.000000 1.000000 1.000000
v 3 32 -14 1.000000 1.000000 1.000000
v 4 32 -14 1.000000 1.000000 1.000000
v 5 32 -14 1.000000 1.000000 1.000000
v 6 32 -14 1.000000 1.000000 1.000000
v 7 32 -14 1.000000 1.000000 1.000000
v 8 32 -14 1.000000 1.000000 1.000000
v 9 32 -14 1.000000 1.000000 1.000000
v 10 32 -14 1.000000 1.000000 1.000000
v 11 32 -14 1.000000 1.000000 1.000000
v 12 32 -14 1.000000 1.000000 1.000000
v 13 32 -14 1.000000 1.000000 1.000000
v 14 32 -14 1.000000 1.000000 1.000000
v 15 32 -14 1.000000 1.000000 1.000000
v 16 32 -14 1.000000 1.000000 1.000000
v 1 32 -15 1.000000 1.000000 1.000000
v 2 32 -15 1.000000 1.000000 1.000000
v 3 32 -15 1.000000 1.000000 1.000000
v 4 32 -15 1.000000 1.000000 1.000000
v 5 32 -15 1.000000 1.000000 1.000000
v 6 32 -15 1.000000 1.000000 1.000000
v 7 32 -15 1.000000 1.000000 1.000000
v 8 32 -15 1.000000 1.000000 1.000000
v 9 32 -15 1.000000 1.000000 1.000000
v 10 32 -15 1.000000 1.000000 1.000000
v 11 32 -15 1.000000 1.000000 1.000000
v 12 32 -15 1.000000 1.000000 1.000000
v 13 32 -15 1.000000 1.000000 1.000000
v 14 32 -15 1.000000 1.000000 1.000000
v 15 32 -15 1.000000 1.000000 1.000000
v 16 32 -15 1.000000 1.000000 1.000000
v 0 31 -16 1.000000 1.000000 1.000000
v 1 32 -16 1.000000 1.000000 1.000000
v 2 32 -16 1.000000 1.000000 1.000000
v 3 32 -16 1.000000 1.000000 1.000000
v 4 32 -16 1.000000 1.000000 1.000000
v 5 32 -16 1.000000 1.000000 1.000000
v 6 32 -16 1.000000 1.000000 1.000000
v 7 32 -16 1.000000 1.000000 1.000000
v 8 32 -16 1.000000 1.000000 1.000000
v 9 32 -16 1.000000 1.000000 1.000000
v 10 32 -16 1.000000 1.000000 1.000000
v 11 32 -16 1.000000 1.000000 1.000000
v 12 32 -16 1.000000 1.000000 1.000000
v 13 32 -16 1.000000 1.000000 1.000000
v 14 32 -16 1.000000 1.000000 1.000000
v 15 32 -16 1.000000 1.000000 1.000000
v 16 32 -16 1.000000 1.000000 1.000000
vn 0 0 1
vn 0 -1 -0
vn -1 0 0
vn 1 0 0
vn 0 0 -1
vn 0 1 0
f 1//1 2//1 3//1 4//1
f 1//2 5//2 6//2 2//2
f 1//3 4//3 7//3 5//3
f 2//1 8//1 9//1 3//1
f 2//2 6//2 10//2 8//2
f 8//1 11//1 12//1 9//1
f 8//2 10//2 13//2 11//2
f 11//1 14//1 15//1 12//1
f 11//2 13//2 16//2 14//2
f 14//1 17//1 18//1 15//1
f 14//2 16//2 19//2 17//2
f 17//1 20//1 21//1 18//1
f 17//2 19//2 22//2 20//2
f 20//1 23//1 24//1 21//1
f 20//2 22//2 25//2 23//2
f 23//1 26//1 27//1 24//1
f 23//2 25//2 28//2 26//2
f 26//1 29//1 30//1 27//1
f 26//2 28//2 31//2 29//2
f 29//1 32//1 33//1 30//1
f 29//2 31//2 34//2 32//2
f 32//1 35//1 36//1 33//1
f 32//2 34//2 37//2 35//2
f 35//1 38//1 39//1 36//1
f 35//2 37//2 40//2 38//2
f 38//1 41//1 42//1 39//1
f 38//2 40//2 43//2 41//2
f 41//1 44//1 45//1 42//1
f 41//2 43//2 46//2 44//2
f 44//1 47//1 48//1 45//1
f 44//2 46//2 49//2 47//2
f 47//1 50//1 51//1 48//1
f 47//2 49//2 52//2 50//2
f 5//2 53//2 54//2 6//2
f 5//3 7//3 55//3 53//3
f 6//2 54//2 56//2 10//2
f 10//2 56//2 57//2 13//2
f 13//2 57//2 58//2 16//2
f 16//2 58//2 59//2 19//2
f 19//2 59//2 60//2 22//2
f 22//2 60//2 61//2 25//2
f 25//2 61//2 62//2 28//2
f 28//2 62//2 63//2 31//2
f 31//2 63//2 64//2 34//2
f 34//2 64//2 65//2 37//2
f 37//2 65//2 66//2 40//2
f 40//2 66//2 67//2 43//2
f 43//2 67//2 68//2 46//2
f 46//2 68//2 69//2 49//2
f 49//2 69//2 70//2 52//2
f 53//2 71//2 72//2 54//2
f 53//3 55//3 73//3 71//3
f 54//2 72//2 74//2 56//2
f 56//2 74//2 75//2 57//2
f 57//2 75//2 76//2 58//2
f 58//2 76//2 77//2 59//2
f 59//2 77//2 78//2 60//2
f 60//2 78//2 79//2 61//2
f 61//2 79//2 80//2 62//2
f 62//2 80//2 81//2 63//2
f 63//2 81//2 82//2 64//2
f 64//2 82//2 83//2 65//2
f 65//2 83//2 84//2 66//2
f 66//2 84//2 85//2 67//2
f 67//2 85//2 86//2 68//2
f 68//2 86//2 87//2 69//2
f 69//2 87//2 88//2 70//2
f 71//2 89//2 90//2 72//2
f 71//3 73//3 91//3 89//3
f 72//2 90//2 92//2 74//2
f 74//2 92//2 93//2 75//2
f 75//2 93//2 94//2 76//2
f 76//2 94//2 95//2 77//2
f 77//2 95//2 96//2 78//2
f 78//2 96//2 97//2 79//2
f 79//2 97//2 98//2 80//2
f 80//2 98//2 99//2 81//2
f 81//2 99//2 100//2 82//2
f 82//2 100//2 101//2 83//2
f 83//2 101//2 102//2 84//2
f 84//2 102//2 103//2 85//2
f 85//2 103//2 104//2 86//2
f 86//2 104//2 105//2 87//2
f 87//2 105//2 106//2 88//2
f 89//2 107//2 108//2 90//2
f 89//3 91//3 109//3 107//3
f 90//2 108//2 110//2 92//2
f 92//2 110//2 111//2 93//2
f 93//2 111//2 112//2 94//2
f 94//2 112//2 113//2 95//2
f 95//2 113//2 114//2 96//2
f 96//2 114//2 115//2 97//2
f 97//2 115//2 116//2 98//2
f 98//2 116//2 117//2 99//2
f 99//2 117//2 118//2 100//2
f 100//2 118//2 119//2 101//2
f 101//2 119//2 120//2 102//2
f 102//2 120//2 121//2 103//2
f 103//2 121//2 122//2 104//2
f 104//2 122//2 123//2 105//2
f 105//2 123//2 124//2 106//2
f 107//2 125//2 126//2 108//2
f 107//3 109//3 127//3 125//3
f 108//2 126//2 128//2 110//2
f 110//2 128//2 129//2 111//2
f 111//2 129//2 130//2 112//2
f 112//2 130//2 131//2 113//2
f 113//2 131//2 132//2 114//2
f 114//2 132//2 133//2 115//2
f 115//2 133//2 134//2 116//2
f 116//2 134//2 135//2 117//2
f 117//2 135//2 136//2 118//2
f 118//2 136//2 137//2 119//2
f 119//2 137//2 138//2 120//2
f 120//2 138//2 139//2 121//2
f 121//2 139//2 140//2 122//2
f 122//2 140//2 141//2 123//2
f 123//2 141//2 142//2 124//2
f 125//2 143//2 144//2 126//2
f 125//3 127//3 145//3 143//3
f 126//2 144//2 146//2 128//2
f 128//2 146//2 147//2 129//2
f 129//2 147//2 148//2 130//2
f 130//2 148//2 149//2 131//2
f 131//2 149//2 150//2 132//2
f 132//2 150//2 151//2 133//2
f 133//2 151//2 152//2 134//2
f 134//2 152//2 153//2 135//2
f 135//2 153//2 154//2 136//2
f 136//2 154//2 155//2 137//2
f 137//2 155//2 156//2 138//2
f 138//2 156//2 157//2 139//2
f 139//2 157//2 158//2 140//2
f 140//2 158//2 159//2 141//2
f 141//2 159//2 160//2 142//2
f 143//2 161//2 162//2 144//2
f 143//3 145//3 163//3 161//3
f 144//2 162//2 164//2 146//2
f 146//2 164//2 165//2 147//2
f 147//2 165//2 166//2 148//2
f 148//2 166//2 167//2 149//2
f 149//2 167//2 168//2 150//2
f 150//2 168//2 169//2 151//2
f 151//2 169//2 170//2 152//2
f 152//2 170//2 171//2 153//2
f 153//2 171//2 172//2 154//2
f 154//2 172//2 173//2 155//2
f 155//2 173//2 174//2 156//2
f 156//2 174//2 175//2 157//2
f 157//2 175//2 176//2 158//2
f 158//2 176//2 177//2 159//2
f 159//2 177//2 178//2 160//2
f 161//2 179//2 180//2 162//2
f 161//3 163//3 181//3 179//3
f 162//2 180//2 182//2 164//2
f 164//2 182//2 183//2 165//2
f 165//2 183//2 184//2 166//2
f 166//2 184//2 185//2 167//2
f 167//2 185//2 186//2 168//2
f 168//2 186//2 187//2 169//2
f 169//2 187//2 188//2 170//2
f 170//2 188//2 189//2 171//2
f 171//2 189//2 190//2 172//2
f 172//2 190//2 191//2 173//2
f 173//2 191//2 192//2 174//2
f 174//2 192//2 193//2 175//2
f 175//2 193//2 194//2 176//2
f 176//2 194//2 195//2 177//2
f 177//2 195//2 196//2 178//2
f 179//2 197//2 198//2 180//2
f 179//3 181//3 199//3 197//3
f 180//2 198//2 200//2 182//2
f 182//2 200//2 201//2 183//2
f 183//2 201//2 202//2 184//2
f 184//2 202//2 203//2 185//2
f 185//2 203//2 204//2 186//2
f 186//2 204//2 205//2 187//2
f 187//2 205//2 206//2 188//2
f 188//2 206//2 207//2 189//2
f 189//2 207//2 208//2 190//2
f 190//2 208//2 209//2 191//2
f 191//2 209//2 210//2 192//2
f 192//2 210//2 211//2 193//2
f 193//2 211//2 212//2 194//2
f 194//2 212//2 213//2 195//2
f 195//2 213//2 214//2 196//2
f 197//2 215//2 216//2 198//2
f 197//3 199//3 217//3 215//3
f 198//2 216//2 218//2 200//2
f 200//2 218//2 219//2 201//2
f 201//2 219//2 220//2 202//2
f 202//2 220//2 221//2 203//2
f 203//2 221//2 222//2 204//2
f 204//2 222//2 223//2 205//2
f 205//2 223//2 224//2 206//2
f 206//2 224//2 225//2 207//2
f 207//2 225//2 226//2 208//2
f 208//2 226//2 227//2 209//2
f 209//2 227//2 228//2 210//2
f 210//2 228//2 229//2 211//2
f 211//2 229//2 230//2 212//2
f 212//2 230//2 231//2 213//2
f 213//2 231//2 232//2 214//2
f 215//2 233//2 234//2 216//2
f 215//3 217//3 235//3 233//3
f 216//2 234//2 236//2 218//2
f 218//2 236//2 237//2 219//2
f 219//2 237//2 238//2 220//2
f 220//2 238//2 239//2 221//2
f 221//2 239//2 240//2 222//2
f 222//2 240//2 241//2 223//2
f 223//2 241//2 242//2 224//2
f 224//2 242//2 243//2 225//2
f 225//2 243//2 244//2 226//2
f 226//2 244//2 245//2 227//2
f 227//2 245//2 246//2 228//2
f 228//2 246//2 247//2 229//2
f 229//2 247//2 248//2 230//2
f 230//2 248//2 249//2 231//2
f 231//2 249//2 250//2 232//2
f 233//2 251//2 252//2 234//2
f 233//3 235//3 253//3 251//3
f 234//2 252//2 254//2 236//2
f 236//2 254//2 255//2 237//2
f 237//2 255//2 256//2 238//2
f 238//2 256//2 257//2 239//2
f 239//2 257//2 258//2 240//2
f 240//2 258//2 259//2 241//2
f 241//2 259//2 260//2 242//2
f 242//2 260//2 261//2 243//2
f 243//2 261//2 262//2 244//2
f 244//2 262//2 263//2 245//2
f 245//2 263//2 264//2 246//2
f 246//2 264//2 265//2 247//2
f 247//2 265//2 266//2 248//2
f 248//2 266//2 267//2 249//2
f 249//2 267//2 268//2 250//2
f 251//2 269//2 270//2 252//2
f 251//3 253//3 271//3 269//3
f 252//2 270//2 272//2 254//2
f 254//2 272//2 273//2 255//2
f 255//2 273//2 274//2 256//2
f 256//2 274//2 275//2 257//2
f 257//2 275//2 276//2 258//2
f 258//2 276//2 277//2 259//2
f 259//2 277//2 278//2 260//2
f 260//2 278//2 279//2 261//2
f 261//2 279//2 280//2 262//2
f 262//2 280//2 281//2 263//2
f 263//2 281//2 282//2 264//2
f 264//2 282//2 283//2 265//2
f 265//2 283//2 284//2 266//2
f 266//2 284//2 285//2 267//2
f 267//2 285//2 286//2 268//2
f 269//2 287//2 288//2 270//2
f 269//3 271//3 289//3 287//3
f 270//2 288//2 290//2 272//2
f 272//2 290//2 291//2 273//2
f 273//2 291//2 292//2 274//2
f 274//2 292//2 293//2 275//2
f 275//2 293//2 294//2 276//2
f 276//2 294//2 295//2 277//2
f 277//2 295//2 296//2 278//2
f 278//2 296//2 297//2 279//2
f 279//2 297//2 298//2 280//2
f 280//2 298//2 299//2 281//2
f 281//2 299//2 300//2 282//2
f 282//2 300//2 301//2 283//2
f 283//2 301//2 302//2 284//2
f 284//2 302//2 303//2 285//2
f 285//2 303//2 304//2 286//2
f 287//2 305//2 306//2 288//2
f 287//3 289//3 307//3 305//3
f 288//2 306//2 308//2 290//2
f 290//2 308//2 309//2 291//2
f 291//2 309//2 310//2 292//2
f 292//2 310//2 311//2 293//2
f 293//2 311//2 312//2 294//2
f 294//2 312//2 313//2 295//2
f 295//2 313//2 314//2 296//2
f 296//2 314//2 315//2 297//2
f 297//2 315//2 316//2 298//2
f 298//2 316//2 317//2 299//2
f 299//2 317//2 318//2 300//2
f 300//2 318//2 319//2 301//2
f 301//2 319//2 320//2 302//2
f 302//2 320//2 321//2 303//2
f 303//2 321//2 322//2 304//2
f 4//1 3//1 323//1 324//1
f 4//3 324//3 325//3 7//3
f 3//1 9//1 326//1 323//1
f 9//1 12//1 327//1 326//1
f 12//1 15//1 328//1 327//1
f 15//1 18//1 329//1 328//1
f 18//1 21//1 330//1 329//1
f 21//1 24//1 331//1 330//1
f 24//1 27//1 332//1 331//1
f 27//1 30//1 333//1 332//1
f 30//1 33//1 334//1 333//1
f 33//1 36//1 335//1 334//1
f 36//1 39//1 336//1 335//1
f 39//1 42//1 337//1 336//1
f 42//1 45//1 338//1 337//1
f 45//1 48//1 339//1 338//1
f 48//1 51//1 340//1 339//1
f 7//3 325//3 341//3 55//3
f 55//3 341//3 342//3 73//3
f 73//3 342//3 343//3 91//3
f 91//3 343//3 344//3 109//3
f 109//3 344//3 345//3 127//3
f 127//3 345//3 346//3 145//3
f 145//3 346//3 347//3 163//3
f 163//3 347//3 348//3 181//3
f 181//3 348//3 349//3 199//3
f 199//3 349//3 350//3 217//3
f 217//3 350//3 351//3 235//3
f 235//3 351//3 352//3 253//3
f 253//3 352//3 353//3 271//3
f 271//3 353//3 354//3 289//3
f 289//3 354//3 355//3 307//3
f 324//1 323//1 356//1 357//1
f 324//3 357//3 358//3 325//3
f 323//1 326//1 359//1 356//1
f 326//1 327//1 360//1 359//1
f 327//1 328//1 361//1 360//1
f 328//1 329//1 362//1 361//1
f 329//1 330//1 363//1 362//1
f 330//1 331//1 364//1 363//1
f 331//1 332//1 365//1 364//1
f 332//1 333//1 366//1 365//1
f 333//1 334//1 367//1 366//1
f 334//1 335//1 368//1 367//1
f 335//1 336//1 369//1 368//1
f 336//1 337//1 370//1 369//1
f 337//1 338//1 371//1 370//1
f 338//1 339//1 372//1 371//1
f 339//1 340//1 373//1 372//1
f 325//3 358//3 374//3 341//3
f 341//3 374//3 375//3 342//3
f 342//3 375//3 376//3 343//3
f 343//3 376//3 377//3 344//3
f 344//3 377//3 378//3 345//3
f 345//3 378//3 379//3 346//3
f 346//3 379//3 380//3 347//3
f 347//3 380//3 381//3 348//3
f 348//3 381//3 382//3 349//3
f 349//3 382//3 383//3 350//3
f 350//3 383//3 384//3 351//3
f 351//3 384//3 385//3 352//3
f 352//3 385//3 386//3 353//3
f 353//3 386//3 387//3 354//3
f 354//3 387//3 388//3 355//3
f 357//1 356//1 389//1 390//1
f 357//3 390//3 391//3 358//3
f 356//1 359//1 392//1 389//1
f 359//1 360//1 393//1 392//1
f 360//1 361//1 394//1 393//1
f 361//1 362//1 395//1 394//1
f 362//1 363//1 396//1 395//1
f 363//1 364//1 397//1 396//1
f 364//1 365//1 398//1 397//1
f 365//1 366//1 399//1 398//1
f 366//1 367//1 400//1 399//1
f 367//1 368//1 401//1 400//1
f 368//1 369//1 402//1 401//1
f 369//1 370//1 403//1 402//1
f 370//1 371//1 404//1 403//1
f 371//1 372//1 405//1 404//1
f 372//1 373//1 406//1 405//1
f 358//3 391//3 407//3 374//3
f 374//3 407//3 408//3 375//3
f 375//3 408//3 409//3 376//3
f 376//3 409//3 410//3 377//3
f 377//3 410//3 411//3 378//3
f 378//3 411//3 412//3 379//3
f 379//3 412//3 413//3 380//3
f 380//3 413//3 414//3 381//3
f 381//3 414//3 415//3 382//3
f 382//3 415//3 416//3 383//3
f 383//3 416//3 417//3 384//3
f 384//3 417//3 418//3 385//3
f 385//3 418//3 419//3 386//3
f 386//3 419//3 420//3 387//3
f 387//3 420//3 421//3 388//3
f 390//1 389//1 422//1 423//1
f 390//3 423//3 424//3 391//3
f 389//1 392//1 425//1 422//1
f 392//1 393//1 426//1 425//1
f 393//1 394//1 427//1 426//1
f 394//1 395//1 428//1 427//1
f 395//1 396//1 429//1 428//1
f 396//1 397//1 430//1 429//1
f 397//1 398//1 431//1 430//1
f 398//1 399//1 432//1 431//1
f 399//1 400//1 433//1 432//1
f 400//1 401//1 434//1 433//1
f 401//1 402//1 435//1 434//1
f 402//1 403//1 436//1 435//1
f 403//1 404//1 437//1 436//1
f 404//1 405//1 438//1 437//1
f 405//1 406//1 439//1 438//1
f 391//3 424//3 440//3 407//3
f 407//3 440//3 441//3 408//3
f 408//3 441//3 442//3 409//3
f 409//3 442//3 443//3 410//3
f 410//3 443//3 444//3 411//3
f 411//3 444//3 445//3 412//3
f 412//3 445//3 446//3 413//3
f 413//3 446//3 447//3 414//3
f 414//3 447//3 448//3 415//3
f 415//3 448//3 449//3 416//3
f 416//3 449//3 450//3 417//3
f 417//3 450//3 451//3 418//3
f 418//3 451//3 452//3 419//3
f 419//3 452//3 453//3 420//3
f 420//3 453//3 454//3 421//3
f 423//1 422//1 455//1 456//1
f 423//3 456//3 457//3 424//3
f 422//1 425//1 458//1 455//1
f 425//1 426//1 459//1 458//1
f 426//1 427//1 460//1 459//1
f 427//1 428//1 461//1 460//1
f 428//1 429//1 462//1 461//1
f 429//1 430//1 463//1 462//1
f 430//1 431//1 464//1 463//1
f 431//1 432//1 465//1 464//1
f 432//1 433//1 466//1 465//1
f 433//1 434//1 467//1 466//1
f 434//1 435//1 468//1 467//1
f 435//1 436//1 469//1 468//1
f 436//1 437//1 470//1 469//1
f 437//1 438//1 471//1 470//1
f 438//1 439//1 472//1 471//1
f 424//3 457//3 473//3 440//3
f 440//3 473//3 474//3 441//3
f 441//3 474//3 475//3 442//3
f 442//3 475//3 476//3 443//3
f 443//3 476//3 477//3 444//3
f 444//3 477//3 478//3 445//3
f 445//3 478//3 479//3 446//3
f 446//3 479//3 480//3 447//3
f 447//3 480//3 481//3 448//3
f 448//3 481//3 482//3 449//3
f 449//3 482//3 483//3 450//3
f 450//3 483//3 484//3 451//3
f 451//3 484//3 485//3 452//3
f 452//3 485//3 486//3 453//3
f 453//3 486//3 487//3 454//3
f 456//1 455//1 488//1 489//1
f 456//3 489//3 490//3 457//3
f 455//1 458//1 491//1 488//1
f 458//1 459//1 492//1 491//1
f 459//1 460//1 493//1 492//1
f 460//1 461//1 494//1 493//1
f 461//1 462//1 495//1 494//1
f 462//1 463//1 496//1 495//1
f 463//1 464//1 497//1 496//1
f 464//1 465//1 498//1 497//1
f 465//1 466//1 499//1 498//1
f 466//1 467//1 500//1 499//1
f 467//1 468//1 501//1 500//1
f 468//1 469//1 502//1 501//1
f 469//1 470//1 503//1 502//1
f 470//1 471//1 504//1 503//1
f 471//1 472//1 505//1 504//1
f 457//3 490//3 506//3 473//3
f 473//3 506//3 507//3 474//3
f 474//3 507//3 508//3 475//3
f 475//3 508//3 509//3 476//3
f 476//3 509//3 510//3 477//3
f 477//3 510//3 511//3 478//3
f 478//3 511//3 512//3 479//3
f 479//3 512//3 513//3 480//3
f 480//3 513//3 514//3 481//3
f 481//3 514//3 515//3 482//3
f 482//3 515//3 516//3 483//3
f 483//3 516//3 517//3 484//3
f 484//3 517//3 518//3 485//3
f 485//3 518//3 519//3 486//3
f 486//3 519//3 520//3 487//3
f 489//1 488//1 521//1 522//1
f 489//3 522//3 523//3 490//3
f 488//1 491//1 524//1 521//1
f 491//1 492//1 525//1 524//1
f 492//1 493//1 526//1 525//1
f 493//1 494//1 527//1 526//1
f 494//1 495//1 528//1 527//1
f 495//1 496//1 529//1 528//1
f 496//1 497//1 530//1 529//1
f 497//1 498//1 531//1 530//1
f 498//1 499//1 532//1 531//1
f 499//1 500//1 533//1 532//1
f 500//1 501//1 534//1 533//1
f 501//1 502//1 535//1 534//1
f 502//1 503//1 536//1 535//1
f 503//1 504//1 537//1 536//1
f 504//1 505//1 538//1 537//1
f 490//3 523//3 539//3 506//3
f 506//3 539//3 540//3 507//3
f 507//3 540//3 541//3 508//3
f 508//3 541//3 542//3 509//3
f 509//3 542//3 543//3 510//3
f 510//3 543//3 544//3 511//3
f 511//3 544//3 545//3 512//3
f 512//3 545//3 546//3 513//3
f 513//3 546//3 547//3 514//3
f 514//3 547//3 548//3 515//3
f 515//3 548//3 549//3 516//3
f 516//3 549//3 550//3 517//3
f 517//3 550//3 551//3 518//3
f 518//3 551//3 552//3 519//3
f 519//3 552//3 553//3 520//3
f 522//1 521//1 554//1 555//1
f 522//3 555//3 556//3 523//3
f 521//1 524//1 557//1 554//1
f 524//1 525//1 558//1 557//1
f 525//1 526//1 559//1 558//1
f 526//1 527//1 560//1 559//1
f 527//1 528//1 561//1 560//1
f 528//1 529//1 562//1 561//1
f 529//1 530//1 563//1 562//1
f 530//1 531//1 564//1 563//1
f 531//1 532//1 565//1 564//1
f 532//1 533//1 566//1 565//1
f 533//1 534//1 567//1 566//1
f 534//1 535//1 568//1 567//1
f 535//1 536//1 569//1 568//1
f 536//1 537//1 570//1 569//1
f 537//1 538//1 571//1 570//1
f 523//3 556//3 572//3 539//3
f 539//3 572//3 573//3 540//3
f 540//3 573//3 574//3 541//3
f 541//3 574//3 575//3 542//3
f 542//3 575//3 576//3 543//3
f 543//3 576//3 577//3 544//3
f 544//3 577//3 578//3 545//3
f 545//3 578//3 579//3 546//3
f 546//3 579//3 580//3 547//3
f 547//3 580//3 581//3 548//3
f 548//3 581//3 582//3 549//3
f 549//3 582//3 583//3 550//3
f 550//3 583//3 584//3 551//3
f 551//3 584//3 585//3 552//3
f 552//3 585//3 586//3 553//3
f 555//1 554//1 587//1 588//1
f 555//3 588//3 589//3 556//3
f 554//1 557//1 590//1 587//1
f 557//1 558//1 591//1 590//1
f 558//1 559//1 592//1 591//1
f 559//1 560//1 593//1 592//1
f 560//1 561//1 594//1 593//1
f 561//1 562//1 595//1 594//1
f 562//1 563//1 596//1 595//1
f 563//1 564//1 597//1 596//1
f 564//1 565//1 598//1 597//1
f 565//1 566//1 599//1 598//1
f 566//1 567//1 600//1 599//1
f 567//1 568//1 601//1 600//1
f 568//1 569//1 602//1 601//1
f 569//1 570//1 603//1 602//1
f 570//1 571//1 604//1 603//1
f 556//3 589//3 605//3 572//3
f 572//3 605//3 606//3 573//3
f 573//3 606//3 607//3 574//3
f 574//3 607//3 608//3 575//3
f 575//3 608//3 609//3 576//3
f 576//3 609//3 610//3 577//3
f 577//3 610//3 611//3 578//3
f 578//3 611//3 612//3 579//3
f 579//3 612//3 613//3 580//3
f 580//3 613//3 614//3 581//3
f 581//3 614//3 615//3 582//3
f 582//3 615//3 616//3 583//3
f 583//3 616//3 617//3 584//3
f 584//3 617//3 618//3 585//3
f 585//3 618//3 619//3 586//3
f 588//1 587//1 620//1 621//1
f 588//3 621//3 622//3 589//3
f 587//1 590//1 623//1 620//1
f 590//1 591//1 624//1 623//1
f 591//1 592//1 625//1 624//1
f 592//1 593//1 626//1 625//1
f 593//1 594//1 627//1 626//1
f 594//1 595//1 628//1 627//1
f 595//1 596//1 629//1 628//1
f 596//1 597//1 630//1 629//1
f 597//1 598//1 631//1 630//1
f 598//1 599//1 632//1 631//1
f 599//1 600//1 633//1 632//1
f 600//1 601//1 634//1 633//1
f 601//1 602//1 635//1 634//1
f 602//1 603//1 636//1 635//1
f 603//1 604//1 637//1 636//1
f 589//3 622//3 638//3 605//3
f 605//3 638//3 639//3 606//3
f 606//3 639//3 640//3 607//3
f 607//3 640//3 641//3 608//3
f 608//3 641//3 642//3 609//3
f 609//3 642//3 643//3 610//3
f 610//3 643//3 644//3 611//3
f 611//3 644//3 645//3 612//3
f 612//3 645//3 646//3 613//3
f 613//3 646//3 647//3 614//3
f 614//3 647//3 648//3 615//3
f 615//3 648//3 649//3 616//3
f 616//3 649//3 650//3 617//3
f 617//3 650//3 651//3 618//3
f 618//3 651//3 652//3 619//3
f 621//1 620//1 653//1 654//1
f 621//3 654//3 655//3 622//3
f 620//1 623//1 656//1 653//1
f 623//1 624//1 657//1 656//1
f 624//1 625//1 658//1 657//1
f 625//1 626//1 659//1 658//1
f 626//1 627//1 660//1 659//1
f 627//1 628//1 661//1 660//1
f 628//1 629//1 662//1 661//1
f 629//1 630//1 663//1 662//1
f 630//1 631//1 664//1 663//1
f 631//1 632//1 665//1 664//1
f 632//1 633//1 666//1 665//1
f 633//1 634//1 667//1 666//1
f 634//1 635//1 668//1 667//1
f 635//1 636//1 669//1 668//1
f 636//1 637//1 670//1 669//1
f 622//3 655//3 671//3 638//3
f 638//3 671//3 672//3 639//3
f 639//3 672//3 673//3 640//3
f 640//3 673//3 674//3 641//3
f 641//3 674//3 675//3 642//3
f 642//3 675//3 676//3 643//3
f 643//3 676//3 677//3 644//3
f 644//3 677//3 678//3 645//3
f 645//3 678//3 679//3 646//3
f 646//3 679//3 680//3 647//3
f 647//3 680//3 681//3 648//3
f 648//3 681//3 682//3 649//3
f 649//3 682//3 683//3 650//3
f 650//3 683//3 684//3 651//3
f 651//3 684//3 685//3 652//3
f 654//1 653//1 686//1 687//1
f 654//3 687//3 688//3 655//3
f 653//1 656//1 689//1 686//1
f 656//1 657//1 690//1 689//1
f 657//1 658//1 691//1 690//1
f 658//1 659//1 692//1 691//1
f 659//1 660//1 693//1 692//1
f 660//1 661//1 694//1 693//1
f 661//1 662//1 695//1 694//1
f 662//1 663//1 696//1 695//1
f 663//1 664//1 697//1 696//1
f 664//1 665//1 698//1 697//1
f 665//1 666//1 699//1 698//1
f 666//1 667//1 700//1 699//1
f 667//1 668//1 701//1 700//1
f 668//1 669//1 702//1 701//1
f 669//1 670//1 703//1 702//1
f 655//3 688//3 704//3 671//3
f 671//3 704//3 705//3 672//3
f 672//3 705//3 706//3 673//3
f 673//3 706//3 707//3 674//3
f 674//3 707//3 708//3 675//3
f 675//3 708//3 709//3 676//3
f 676//3 709//3 710//3 677//3
f 677//3 710//3 711//3 678//3
f 678//3 711//3 712//3 679//3
f 679//3 712//3 713//3 680//3
f 680//3 713//3 714//3 681//3
f 681//3 714//3 715//3 682//3
f 682//3 715//3 716//3 683//3
f 683//3 716//3 717//3 684//3
f 684//3 717//3 718//3 685//3
f 687//1 686//1 719//1 720//1
f 687//3 720//3 721//3 688//3
f 686//1 689//1 722//1 719//1
f 689//1 690//1 723//1 722//1
f 690//1 691//1 724//1 723//1
f 691//1 692//1 725//1 724//1
f 692//1 693//1 726//1 725//1
f 693//1 694//1 727//1 726//1
f 694//1 695//1 728//1 727//1
f 695//1 696//1 729//1 728//1
f 696//1 697//1 730//1 729//1
f 697//1 698//1 731//1 730//1
f 698//1 699//1 732//1 731//1
f 699//1 700//1 733//1 732//1
f 700//1 701//1 734//1 733//1
f 701//1 702//1 735//1 734//1
f 702//1 703//1 736//1 735//1
f 688//3 721//3 737//3 704//3
f 704//3 737//3 738//3 705//3
f 705//3 738//3 739//3 706//3
f 706//3 739//3 740//3 707//3
f 707//3 740//3 741//3 708//3
f 708//3 741//3 742//3 709//3
f 709//3 742//3 743//3 710//3
f 710//3 743//3 744//3 711//3
f 711//3 744//3 745//3 712//3
f 712//3 745//3 746//3 713//3
f 713//3 746//3 747//3 714//3
f 714//3 747//3 748//3 715//3
f 715//3 748//3 749//3 716//3
f 716//3 749//3 750//3 717//3
f 717//3 750//3 751//3 718//3
f 720//1 719//1 752//1 753//1
f 720//3 753//3 754//3 721//3
f 719//1 722//1 755//1 752//1
f 722//1 723//1 756//1 755//1
f 723//1 724//1 757//1 756//1
f 724//1 725//1 758//1 757//1
f 725//1 726//1 759//1 758//1
f 726//1 727//1 760//1 759//1
f 727//1 728//1 761//1 760//1
f 728//1 729//1 762//1 761//1
f 729//1 730//1 763//1 762//1
f 730//1 731//1 764//1 763//1
f 731//1 732//1 765//1 764//1
f 732//1 733//1 766//1 765//1
f 733//1 734//1 767//1 766//1
f 734//1 735//1 768//1 767//1
f 735//1 736//1 769//1 768//1
f 721//3 754//3 770//3 737//3
f 737//3 770//3 771//3 738//3
f 738//3 771//3 772//3 739//3
f 739//3 772//3 773//3 740//3
f 740//3 773//3 774//3 741//3
f 741//3 774//3 775//3 742//3
f 742//3 775//3 776//3 743//3
f 743//3 776//3 777//3 744//3
f 744//3 777//3 778//3 745//3
f 745//3 778//3 779//3 746//3
f 746//3 779//3 780//3 747//3
f 747//3 780//3 781//3 748//3
f 748//3 781//3 782//3 749//3
f 749//3 782//3 783//3 750//3
f 750//3 783//3 784//3 751//3
f 753//1 752//1 785//1 786//1
f 753//3 786//3 787//3 754//3
f 752//1 755//1 788//1 785//1
f 755//1 756//1 789//1 788//1
f 756//1 757//1 790//1 789//1
f 757//1 758//1 791//1 790//1
f 758//1 759//1 792//1 791//1
f 759//1 760//1 793//1 792//1
f 760//1 761//1 794//1 793//1
f 761//1 762//1 795//1 794//1
f 762//1 763//1 796//1 795//1
f 763//1 764//1 797//1 796//1
f 764//1 765//1 798//1 797//1
f 765//1 766//1 799//1 798//1
f 766//1 767//1 800//1 799//1
f 767//1 768//1 801//1 800//1
f 768//1 769//1 802//1 801//1
f 754//3 787//3 803//3 770//3
f 770//3 803//3 804//3 771//3
f 771//3 804//3 805//3 772//3
f 772//3 805//3 806//3 773//3
f 773//3 806//3 807//3 774//3
f 774//3 807//3 808//3 775//3
f 775//3 808//3 809//3 776//3
f 776//3 809//3 810//3 777//3
f 777//3 810//3 811//3 778//3
f 778//3 811//3 812//3 779//3
f 779//3 812//3 813//3 780//3
f 780//3 813//3 814//3 781//3
f 781//3 814//3 815//3 782//3
f 782//3 815//3 816//3 783//3
f 783//3 816//3 817//3 784//3
f 50//1 818//1 819//1 51//1
f 50//2 52//2 820//2 818//2
f 818//1 821//1 822//1 819//1
f 818//2 820//2 823//2 821//2
f 821//1 824//1 825//1 822//1
f 821//2 823//2 826//2 824//2
f 824//1 827//1 828//1 825//1
f 824//2 826//2 829//2 827//2
f 827//1 830//1 831//1 828//1
f 827//2 829//2 832//2 830//2
f 830//1 833//1 834//1 831//1
f 830//2 832//2 835//2 833//2
f 833//1 836//1 837//1 834//1
f 833//2 835//2 838//2 836//2
f 836//1 839//1 840//1 837//1
f 836//2 838//2 841//2 839//2
f 839//1 842//1 843//1 840//1
f 839//2 841//2 844//2 842//2
f 842//1 845//1 846//1 843//1
f 842//2 844//2 847//2 845//2
f 845//1 848//1 849//1 846//1
f 845//2 847//2 850//2 848//2
f 848//1 851//1 852//1 849//1
f 848//2 850//2 853//2 851//2
f 851//1 854//1 855//1 852//1
f 851//2 853//2 856//2 854//2
f 854//1 857//1 858//1 855//1
f 854//2 856//2 859//2 857//2
f 857//1 860//1 861//1 858//1
f 857//2 859//2 862//2 860//2
f 860//1 863//1 864//1 861//1
f 860//2 862//2 865//2 863//2
f 863//4 865//4 866//4 864//4
f 52//2 70//2 867//2 820//2
f 820//2 867//2 868//2 823//2
f 823//2 868//2 869//2 826//2
f 826//2 869//2 870//2 829//2
f 829//2 870//2 871//2 832//2
f 832//2 871//2 872//2 835//2
f 835//2 872//2 873//2 838//2
f 838//2 873//2 874//2 841//2
f 841//2 874//2 875//2 844//2
f 844//2 875//2 876//2 847//2
f 847//2 876//2 877//2 850//2
f 850//2 877//2 878//2 853//2
f 853//2 878//2 879//2 856//2
f 856//2 879//2 880//2 859//2
f 859//2 880//2 881//2 862//2
f 862//2 881//2 882//2 865//2
f 865//4 882//4 883//4 866//4
f 70//2 88//2 884//2 867//2
f 867//2 884//2 885//2 868//2
f 868//2 885//2 886//2 869//2
f 869//2 886//2 887//2 870//2
f 870//2 887//2 888//2 871//2
f 871//2 888//2 889//2 872//2
f 872//2 889//2 890//2 873//2
f 873//2 890//2 891//2 874//2
f 874//2 891//2 892//2 875//2
f 875//2 892//2 893//2 876//2
f 876//2 893//2 894//2 877//2
f 877//2 894//2 895//2 878//2
f 878//2 895//2 896//2 879//2
f 879//2 896//2 897//2 880//2
f 880//2 897//2 898//2 881//2
f 881//2 898//2 899//2 882//2
f 882//4 899//4 900//4 883//4
f 88//2 106//2 901//2 884//2
f 884//2 901//2 902//2 885//2
f 885//2 902//2 903//2 886//2
f 886//2 903//2 904//2 887//2
f 887//2 904//2 905//2 888//2
f 888//2 905//2 906//2 889//2
f 889//2 906//2 907//2 890//2
f 890//2 907//2 908//2 891//2
f 891//2 908//2 909//2 892//2
f 892//2 909//2 910//2 893//2
f 893//2 910//2 911//2 894//2
f 894//2 911//2 912//2 895//2
f 895//2 912//2 913//2 896//2
f 896//2 913//2 914//2 897//2
f 897//2 914//2 915//2 898//2
f 898//2 915//2 916//2 899//2
f 899//4 916//4 917//4 900//4
f 106//2 124//2 918//2 901//2
f 901//2 918//2 919//2 902//2
f 902//2 919//2 920//2 903//2
f 903//2 920//2 921//2 904//2
f 904//2 921//2 922//2 905//2
f 905//2 922//2 923//2 906//2
f 906//2 923//2 924//2 907//2
f 907//2 924//2 925//2 908//2
f 908//2 925//2 926//2 909//2
f 909//2 926//2 927//2 910//2
f 910//2 927//2 928//2 911//2
f 911//2 928//2 929//2 912//2
f 912//2 929//2 930//2 913//2
f 913//2 930//2 931//2 914//2
f 914//2 931//2 932//2 915//2
f 915//2 932//2 933//2 916//2
f 916//4 933//4 934//4 917//4
f 124//2 142//2 935//2 918//2
f 918//2 935//2 936//2 919//2
f 919//2 936//2 937//2 920//2
f 920//2 937//2 938//2 921//2
f 921//2 938//2 939//2 922//2
f 922//2 939//2 940//2 923//2
f 923//2 940//2 941//2 924//2
f 924//2 941//2 942//2 925//2
f 925//2 942//2 943//2 926//2
f 926//2 943//2 944//2 927//2
f 927//2 944//2 945//2 928//2
f 928//2 945//2 946//2 929//2
f 929//2 946//2 947//2 930//2
f 930//2 947//2 948//2 931//2
f 931//2 948//2 949//2 932//2
f 932//2 949//2 950//2 933//2
f 933//4 950//4 951//4 934//4
f 142//2 160//2 952//2 935//2
f 935//2 952//2 953//2 936//2
f 936//2 953//2 954//2 937//2
f 937//2 954//2 955//2 938//2
f 938//2 955//2 956//2 939//2
f 939//2 956//2 957//2 940//2
f 940//2 957//2 958//2 941//2
f 941//2 958//2 959//2 942//2
f 942//2 959//2 960//2 943//2
f 943//2 960//2 961//2 944//2
f 944//2 961//2 962//2 945//2
f 945//2 962//2 963//2 946//2
f 946//2 963//2 964//2 947//2
f 947//2 964//2 965//2 948//2
f 948//2 965//2 966//2 949//2
f 949//2 966//2 967//2 950//2
f 950//4 967//4 968//4 951//4
f 160//2 178//2 969//2 952//2
f 952//2 969//2 970//2 953//2
f 953//2 970//2 971//2 954//2
f 954//2 971//2 972//2 955//2
f 955//2 972//2 973//2 956//2
f 956//2 973//2 974//2 957//2
f 957//2 974//2 975//2 958//2
f 958//2 975//2 976//2 959//2
f 959//2 976//2 977//2 960//2
f 960//2 977//2 978//2 961//2
f 961//2 978//2 979//2 962//2
f 962//2 979//2 980//2 963//2
f 963//2 980//2 981//2 964//2
f 964//2 981//2 982//2 965//2
f 965//2 982//2 983//2 966//2
f 966//2 983//2 984//2 967//2
f 967//4 984//4 985//4 968//4
f 178//2 196//2 986//2 969//2
f 969//2 986//2 987//2 970//2
f 970//2 987//2 988//2 971//2
f 971//2 988//2 989//2 972//2
f 972//2 989//2 990//2 973//2
f 973//2 990//2 991//2 974//2
f 974//2 991//2 992//2 975//2
f 975//2 992//2 993//2 976//2
f 976//2 993//2 994//2 977//2
f 977//2 994//2 995//2 978//2
f 978//2 995//2 996//2 979//2
f 979//2 996//2 997//2 980//2
f 980//2 997//2 998//2 981//2
f 981//2 998//2 999//2 982//2
f 982//2 999//2 1000//2 983//2
f 983//2 1000//2 1001//2 984//2
f 984//4 1001//4 1002//4 985//4
f 196//2 214//2 1003//2 986//2
f 986//2 1003//2 1004//2 987//2
f 987//2 1004//2 1005//2 988//2
f 988//2 1005//2 1006//2 989//2
f 989//2 1006//2 1007//2 990//2
f 990//2 1007//2 1008//2 991//2
f 991//2 1008//2 1009//2 992//2
f 992//2 1009//2 1010//2 993//2
f 993//2 1010//2 1011//2 994//2
f 994//2 1011//2 1012//2 995//2
f 995//2 1012//2 1013//2 996//2
f 996//2 1013//2 1014//2 997//2
f 997//2 1014//2 1015//2 998//2
f 998//2 1015//2 1016//2 999//2
f 999//2 1016//2 1017//2 1000//2
f 1000//2 1017//2 1018//2 1001//2
f 1001//4 1018//4 1019//4 1002//4
f 214//2 232//2 1020//2 1003//2
f 1003//2 1020//2 1021//2 1004//2
f 1004//2 1021//2 1022//2 1005//2
f 1005//2 1022//2 1023//2 1006//2
f 1006//2 1023//2 1024//2 1007//2
f 1007//2 1024//2 1025//2 1008//2
f 1008//2 1025//2 1026//2 1009//2
f 1009//2 1026//2 1027//2 1010//2
f 1010//2 1027//2 1028//2 1011//2
f 1011//2 1028//2 1029//2 1012//2
f 1012//2 1029//2 1030//2 1013//2
f 1013//2 1030//2 1031//2 1014//2
f 1014//2 1031//2 1032//2 1015//2
f 1015//2 1032//2 1033//2 1016//2
f 1016//2 1033//2 1034//2 1017//2
f 1017//2 1034//2 1035//2 1018//2
f 1018//4 1035//4 1036//4 1019//4
f 232//2 250//2 1037//2 1020//2
f 1020//2 1037//2 1038//2 1021//2
f 1021//2 1038//2 1039//2 1022//2
f 1022//2 1039//2 1040//2 1023//2
f 1023//2 1040//2 1041//2 1024//2
f 1024//2 1041//2 1042//2 1025//2
f 1025//2 1042//2 1043//2 1026//2
f 1026//2 1043//2 1044//2 1027//2
f 1027//2 1044//2 1045//2 1028//2
f 1028//2 1045//2 1046//2 1029//2
f 1029//2 1046//2 1047//2 1030//2
f 1030//2 1047//2 1048//2 1031//2
f 1031//2 1048//2 1049//2 1032//2
f 1032//2 1049//2 1050//2 1033//2
f 1033//2 1050//2 1051//2 1034//2
f 1034//2 1051//2 1052//2 1035//2
f 1035//4 1052//4 1053//4 1036//4
f 250//2 268//2 1054//2 1037//2
f 1037//2 1054//2 1055//2 1038//2
f 1038//2 1055//2 1056//2 1039//2
f 1039//2 1056//2 1057//2 1040//2
f 1040//2 1057//2 1058//2 1041//2
f 1041//2 1058//2 1059//2 1042//2
f 1042//2 1059//2 1060//2 1043//2
f 1043//2 1060//2 1061//2 1044//2
f 1044//2 1061//2 1062//2 1045//2
f 1045//2 1062//2 1063//2 1046//2
f 1046//2 1063//2 1064//2 1047//2
f 1047//2 1064//2 1065//2 1048//2
f 1048//2 1065//2 1066//2 1049//2
f 1049//2 1066//2 1067//2 1050//2
f 1050//2 1067//2 1068//2 1051//2
f 1051//2 1068//2 1069//2 1052//2
f 1052//4 1069//4 1070//4 1053//4
f 268//2 286//2 1071//2 1054//2
f 1054//2 1071//2 1072//2 1055//2
f 1055//2 1072//2 1073//2 1056//2
f 1056//2 1073//2 1074//2 1057//2
f 1057//2 1074//2 1075//2 1058//2
f 1058//2 1075//2 1076//2 1059//2
f 1059//2 1076//2 1077//2 1060//2
f 1060//2 1077//2 1078//2 1061//2
f 1061//2 1078//2 1079//2 1062//2
f 1062//2 1079//2 1080//2 1063//2
f 1063//2 1080//2 1081//2 1064//2
f 1064//2 1081//2 1082//2 1065//2
f 1065//2 1082//2 1083//2 1066//2
f 1066//2 1083//2 1084//2 1067//2
f 1067//2 1084//2 1085//2 1068//2
f 1068//2 1085//2 1086//2 1069//2
f 1069//4 1086//4 1087//4 1070//4
f 286//2 304//2 1088//2 1071//2
f 1071//2 1088//2 1089//2 1072//2
f 1072//2 1089//2 1090//2 1073//2
f 1073//2 1090//2 1091//2 1074//2
f 1074//2 1091//2 1092//2 1075//2
f 1075//2 1092//2 1093//2 1076//2
f 1076//2 1093//2 1094//2 1077//2
f 1077//2 1094//2 1095//2 1078//2
f 1078//2 1095//2 1096//2 1079//2
f 1079//2 1096//2 1097//2 1080//2
f 1080//2 1097//2 1098//2 1081//2
f 1081//2 1098//2 1099//2 1082//2
f 1082//2 1099//2 1100//2 1083//2
f 1083//2 1100//2 1101//2 1084//2
f 1084//2 1101//2 1102//2 1085//2
f 1085//2 1102//2 1103//2 1086//2
f 1086//4 1103//4 1104//4 1087//4
f 304//2 322//2 1105//2 1088//2
f 1088//2 1105//2 1106//2 1089//2
f 1089//2 1106//2 1107//2 1090//2
f 1090//2 1107//2 1108//2 1091//2
f 1091//2 1108//2 1109//2 1092//2
f 1092//2 1109//2 1110//2 1093//2
f 1093//2 1110//2 1111//2 1094//2
f 1094//2 1111//2 1112//2 1095//2
f 1095//2 1112//2 1113//2 1096//2
f 1096//2 1113//2 1114//2 1097//2
f 1097//2 1114//2 1115//2 1098//2
f 1098//2 1115//2 1116//2 1099//2
f 1099//2 1116//2 1117//2 1100//2
f 1100//2 1117//2 1118//2 1101//2
f 1101//2 1118//2 1119//2 1102//2
f 1102//2 1119//2 1120//2 1103//2
f 1103//4 1120//4 1121//4 1104//4
f 1122//1 819//1 1123//1 340//1
f 819//1 822//1 1124//1 1123//1
f 822//1 825//1 1125//1 1124//1
f 825//1 828//1 1126//1 1125//1
f 828//1 831//1 1127//1 1126//1
f 831//1 834//1 1128//1 1127//1
f 834//1 837//1 1129//1 1128//1
f 837//1 840//1 1130//1 1129//1
f 840//1 843//1 1131//1 1130//1
f 843//1 846//1 1132//1 1131//1
f 846//1 849//1 1133//1 1132//1
f 849//1 852//1 1134//1 1133//1
f 852//1 855//1 1135//1 1134//1
f 855//1 858//1 1136//1 1135//1
f 858//1 861//1 1137//1 1136//1
f 861//1 864//1 1138//1 1137//1
f 864//4 866//4 1139//4 1138//4
f 866//4 883//4 1140//4 1139//4
f 883//4 900//4 1141//4 1140//4
f 900//4 917//4 1142//4 1141//4
f 917//4 934//4 1143//4 1142//4
f 934//4 951//4 1144//4 1143//4
f 951//4 968//4 1145//4 1144//4
f 968//4 985//4 1146//4 1145//4
f 985//4 1002//4 1147//4 1146//4
f 1002//4 1019//4 1148//4 1147//4
f 1019//4 1036//4 1149//4 1148//4
f 1036//4 1053//4 1150//4 1149//4
f 1053//4 1070//4 1151//4 1150//4
f 1070//4 1087//4 1152//4 1151//4
f 1087//4 1104//4 1153//4 1152//4
f 1104//4 1121//4 1154//4 1153//4
f 340//1 1123//1 1155//1 373//1
f 1123//1 1124//1 1156//1 1155//1
f 1124//1 1125//1 1157//1 1156//1
f 1125//1 1126//1 1158//1 1157//1
f 1126//1 1127//1 1159//1 1158//1
f 1127//1 1128//1 1160//1 1159//1
f 1128//1 1129//1 1161//1 1160//1
f 1129//1 1130//1 1162//1 1161//1
f 1130//1 1131//1 1163//1 1162//1
f 1131//1 1132//1 1164//1 1163//1
f 1132//1 1133//1 1165//1 1164//1
f 1133//1 1134//1 1166//1 1165//1
f 1134//1 1135//1 1167//1 1166//1
f 1135//1 1136//1 1168//1 1167//1
f 1136//1 1137//1 1169//1 1168//1
f 1137//1 1138//1 1170//1 1169//1
f 1138//4 1139//4 1171//4 1170//4
f 1139//4 1140//4 1172//4 1171//4
f 1140//4 1141//4 1173//4 1172//4
f 1141//4 1142//4 1174//4 1173//4
f 1142//4 1143//4 1175//4 1174//4
f 1143//4 1144//4 1176//4 1175//4
f 1144//4 1145//4 1177//4 1176//4
f 1145//4 1146//4 1178//4 1177//4
f 1146//4 1147//4 1179//4 1178//4
f 1147//4 1148//4 1180//4 1179//4
f 1148//4 1149//4 1181//4 1180//4
f 1149//4 1150//4 1182//4 1181//4
f 1150//4 1151//4 1183//4 1182//4
f 1151//4 1152//4 1184//4 1183//4
f 1152//4 1153//4 1185//4 1184//4
f 1153//4 1154//4 1186//4 1185//4
f 373//1 1155//1 1187//1 406//1
f 1155//1 1156//1 1188//1 1187//1
f 1156//1 1157//1 1189//1 1188//1
f 1157//1 1158//1 1190//1 1189//1
f 1158//1 1159//1 1191//1 1190//1
f 1159//1 1160//1 1192//1 1191//1
f 1160//1 1161//1 1193//1 1192//1
f 1161//1 1162//1 1194//1 1193//1
f 1162//1 1163//1 1195//1 1194//1
f 1163//1 1164//1 1196//1 1195//1
f 1164//1 1165//1 1197//1 1196//1
f 1165//1 1166//1 1198//1 1197//1
f 1166//1 1167//1 1199//1 1198//1
f 1167//1 1168//1 1200//1 1199//1
f 1168//1 1169//1 1201//1 1200//1
f 1169//1 1170//1 1202//1 1201//1
f 1170//4 1171//4 1203//4 1202//4
f 1171//4 1172//4 1204//4 1203//4
f 1172//4 1173//4 1205//4 1204//4
f 1173//4 1174//4 1206//4 1205//4
f 1174//4 1175//4 1207//4 1206//4
f 1175//4 1176//4 1208//4 1207//4
f 1176//4 1177//4 1209//4 1208//4
f 1177//4 1178//4 1210//4 1209//4
f 1178//4 1179//4 1211//4 1210//4
f 1179//4 1180//4 1212//4 1211//4
f 1180//4 1181//4 1213//4 1212//4
f 1181//4 1182//4 1214//4 1213//4
f 1182//4 1183//4 1215//4 1214//4
f 1183//4 1184//4 1216//4 1215//4
f 1184//4 1185//4 1217//4 1216//4
f 1185//4 1186//4 1218//4 1217//4
f 406//1 1187//1 1219//1 439//1
f 1187//1 1188//1 1220//1 1219//1
f 1188//1 1189//1 1221//1 1220//1
f 1189//1 1190//1 1222//1 1221//1
f 1190//1 1191//1 1223//1 1222//1
f 1191//1 1192//1 1224//1 1223//1
f 1192//1 1193//1 1225//1 1224//1
f 1193//1 1194//1 1226//1 1225//1
f 1194//1 1195//1 1227//1 1226//1
f 1195//1 1196//1 1228//1 1227//1
f 1196//1 1197//1 1229//1 1228//1
f 1197//1 1198//1 1230//1 1229//1
f 1198//1 1199//1 1231//1 1230//1
f 1199//1 1200//1 1232//1 1231//1
f 1200//1 1201//1 1233//1 1232//1
f 1201//1 1202//1 1234//1 1233//1
f 1202//4 1203//4 1235//4 1234//4
f 1203//4 1204//4 1236//4 1235//4
f 1204//4 1205//4 1237//4 1236//4
f 1205//4 1206//4 1238//4 1237//4
f 1206//4 1207//4 1239//4 1238//4
f 1207//4 1208//4 1240//4 1239//4
f 1208//4 1209//4 1241//4 1240//4
f 1209//4 1210//4 1242//4 1241//4
f 1210//4 1211//4 1243//4 1242//4
f 1211//4 1212//4 1244//4 1243//4
f 1212//4 1213//4 1245//4 1244//4
f 1213//4 1214//4 1246//4 1245//4
f 1214//4 1215//4 1247//4 1246//4
f 1215//4 1216//4 1248//4 1247//4
f 1216//4 1217//4 1249//4 1248//4
f 1217//4 1218//4 1250//4 1249//4
f 439//1 1219//1 1251//1 472//1
f 1219//1 1220//1 1252//1 1251//1
f 1220//1 1221//1 1253//1 1252//1
f 1221//1 1222//1 1254//1 1253//1
f 1222//1 1223//1 1255//1 1254//1
f 1223//1 1224//1 1256//1 1255//1
f 1224//1 1225//1 1257//1 1256//1
f 1225//1 1226//1 1258//1 1257//1
f 1226//1 1227//1 1259//1 1258//1
f 1227//1 1228//1 1260//1 1259//1
f 1228//1 1229//1 1261//1 1260//1
f 1229//1 1230//1 1262//1 1261//1
f 1230//1 1231//1 1263//1 1262//1
f 1231//1 1232//1 1264//1 1263//1
f 1232//1 1233//1 1265//1 1264//1
f 1233//1 1234//1 1266//1 1265//1
f 1234//4 1235//4 1267//4 1266//4
f 1235//4 1236//4 1268//4 1267//4
f 1236//4 1237//4 1269//4 1268//4
f 1237//4 1238//4 1270//4 1269//4
f 1238//4 1239//4 1271//4 1270//4
f 1239//4 1240//4 1272//4 1271//4
f 1240//4 1241//4 1273//4 1272//4
f 1241//4 1242//4 1274//4 1273//4
f 1242//4 1243//4 1275//4 1274//4
f 1243//4 1244//4 1276//4 1275//4
f 1244//4 1245//4 1277//4 1276//4
f 1245//4 1246//4 1278//4 1277//4
f 1246//4 1247//4 1279//4 1278//4
f 1247//4 1248//4 1280//4 1279//4
f 1248//4 1249//4 1281//4 1280//4
f 1249//4 1250//4 1282//4 1281//4
f 472//1 1251//1 1283//1 505//1
f 1251//1 1252//1 1284//1 1283//1
f 1252//1 1253//1 1285//1 1284//1
f 1253//1 1254//1 1286//1 1285//1
f 1254//1 1255//1 1287//1 1286//1
f 1255//1 1256//1 1288//1 1287//1
f 1256//1 1257//1 1289//1 1288//1
f 1257//1 1258//1 1290//1 1289//1
f 1258//1 1259//1 1291//1 1290//1
f 1259//1 1260//1 1292//1 1291//1
f 1260//1 1261//1 1293//1 1292//1
f 1261//1 1262//1 1294//1 1293//1
f 1262//1 1263//1 1295//1 1294//1
f 1263//1 1264//1 1296//1 1295//1
f 1264//1 1265//1 1297//1 1296//1
f 1265//1 1266//1 1298//1 1297//1
f 1266//4 1267//4 1299//4 1298//4
f 1267//4 1268//4 1300//4 1299//4
f 1268//4 1269//4 1301//4 1300//4
f 1269//4 1270//4 1302//4 1301//4
f 1270//4 1271//4 1303//4 1302//4
f 1271//4 1272//4 1304//4 1303//4
f 1272//4 1273//4 1305//4 1304//4
f 1273//4 1274//4 1306//4 1305//4
f 1274//4 1275//4 1307//4 1306//4
f 1275//4 1276//4 1308//4 1307//4
f 1276//4 1277//4 1309//4 1308//4
f 1277//4 1278//4 1310//4 1309//4
f 1278//4 1279//4 1311//4 1310//4
f 1279//4 1280//4 1312//4 1311//4
f 1280//4 1281//4 1313//4 1312//4
f 1281//4 1282//4 1314//4 1313//4
f 505//1 1283//1 1315//1 538//1
f 1283//1 1284//1 1316//1 1315//1
f 1284//1 1285//1 1317//1 1316//1
f 1285//1 1286//1 1318//1 1317//1
f 1286//1 1287//1 1319//1 1318//1
f 1287//1 1288//1 1320//1 1319//1
f 1288//1 1289//1 1321//1 1320//1
f 1289//1 1290//1 1322//1 1321//1
f 1290//1 1291//1 1323//1 1322//1
f 1291//1 1292//1 1324//1 1323//1
f 1292//1 1293//1 1325//1 1324//1
f 1293//1 1294//1 1326//1 1325//1
f 1294//1 1295//1 1327//1 1326//1
f 1295//1 1296//1 1328//1 1327//1
f 1296//1 1297//1 1329//1 1328//1
f 1297//1 1298//1 1330//1 1329//1
f 1298//4 1299//4 1331//4 1330//4
f 1299//4 1300//4 1332//4 1331//4
f 1300//4 1301//4 1333//4 1332//4
f 1301//4 1302//4 1334//4 1333//4
f 1302//4 1303//4 1335//4 1334//4
f 1303//4 1304//4 1336//4 1335//4
f 1304//4 1305//4 1337//4 1336//4
f 1305//4 1306//4 1338//4 1337//4
f 1306//4 1307//4 1339//4 1338//4
f 1307//4 1308//4 1340//4 1339//4
f 1308//4 1309//4 1341//4 1340//4
f 1309//4 1310//4 1342//4 1341//4
f 1310//4 1311//4 1343//4 1342//4
f 1311//4 1312//4 1344//4 1343//4
f 1312//4 1313//4 1345//4 1344//4
f 1313//4 1314//4 1346//4 1345//4
f 538//1 1315//1 1347//1 571//1
f 1315//1 1316//1 1348//1 1347//1
f 1316//1 1317//1 1349//1 1348//1
f 1317//1 1318//1 1350//1 1349//1
f 1318//1 1319//1 1351//1 1350//1
f 1319//1 1320//1 1352//1 1351//1
f 1320//1 1321//1 1353//1 1352//1
f 1321//1 1322//1 1354//1 1353//1
f 1322//1 1323//1 1355//1 1354//1
f 1323//1 1324//1 1356//1 1355//1
f 1324//1 1325//1 1357//1 1356//1
f 1325//1 1326//1 1358//1 1357//1
f 1326//1 1327//1 1359//1 1358//1
f 1327//1 1328//1 1360//1 1359//1
f 1328//1 1329//1 1361//1 1360//1
f 1329//1 1330//1 1362//1 1361//1
f 1330//4 1331//4 1363//4 1362//4
f 1331//4 1332//4 1364//4 1363//4
f 1332//4 1333//4 1365//4 1364//4
f 1333//4 1334//4 1366//4 1365//4
f 1334//4 1335//4 1367//4 1366//4
f 1335//4 1336//4 1368//4 1367//4
f 1336//4 1337//4 1369//4 1368//4
f 1337//4 1338//4 1370//4 1369//4
f 1338//4 1339//4 1371//4 1370//4
f 1339//4 1340//4 1372//4 1371//4
f 1340//4 1341//4 1373//4 1372//4
f 1341//4 1342//4 1374//4 1373//4
f 1342//4 1343//4 1375//4 1374//4
f 1343//4 1344//4 1376//4 1375//4
f 1344//4 1345//4 1377//4 1376//4
f 1345//4 1346//4 1378//4 1377//4
f 571//1 1347//1 1379//1 604//1
f 1347//1 1348//1 1380//1 1379//1
f 1348//1 1349//1 1381//1 1380//1
f 1349//1 1350//1 1382//1 1381//1
f 1350//1 1351//1 1383//1 1382//1
f 1351//1 1352//1 1384//1 1383//1
f 1352//1 1353//1 1385//1 1384//1
f 1353//1 1354//1 1386//1 1385//1
f 1354//1 1355//1 1387//1 1386//1
f 1355//1 1356//1 1388//1 1387//1
f 1356//1 1357//1 1389//1 1388//1
f 1357//1 1358//1 1390//1 1389//1
f 1358//1 1359//1 1391//1 1390//1
f 1359//1 1360//1 1392//1 1391//1
f 1360//1 1361//1 1393//1 1392//1
f 1361//1 1362//1 1394//1 1393//1
f 1362//4 1363//4 1395//4 1394//4
f 1363//4 1364//4 1396//4 1395//4
f 1364//4 1365//4 1397//4 1396//4
f 1365//4 1366//4 1398//4 1397//4
f 1366//4 1367//4 1399//4 1398//4
f 1367//4 1368//4 1400//4 1399//4
f 1368//4 1369//4 1401//4 1400//4
f 1369//4 1370//4 1402//4 1401//4
f 1370//4 1371//4 1403//4 1402//4
f 1371//4 1372//4 1404//4 1403//4
f 1372//4 1373//4 1405//4 1404//4
f 1373//4 1374//4 1406//4 1405//4
f 1374//4 1375//4 1407//4 1406//4
f 1375//4 1376//4 1408//4 1407//4
f 1376//4 1377//4 1409//4 1408//4
f 1377//4 1378//4 1410//4 1409//4
f 604//1 1379//1 1411//1 637//1
f 1379//1 1380//1 1412//1 1411//1
f 1380//1 1381//1 1413//1 1412//1
f 1381//1 1382//1 1414//1 1413//1
f 1382//1 1383//1 1415//1 1414//1
f 1383//1 1384//1 1416//1 1415//1
f 1384//1 1385//1 1417//1 1416//1
f 1385//1 1386//1 1418//1 1417//1
f 1386//1 1387//1 1419//1 1418//1
f 1387//1 1388//1 1420//1 1419//1
f 1388//1 1389//1 1421//1 1420//1
f 1389//1 1390//1 1422//1 1421//1
f 1390//1 1391//1 1423//1 1422//1
f 1391//1 1392//1 1424//1 1423//1
f 1392//1 1393//1 1425//1 1424//1
f 1393//1 1394//1 1426//1 1425//1
f 1394//4 1395//4 1427//4 1426//4
f 1395//4 1396//4 1428//4 1427//4
f 1396//4 1397//4 1429//4 1428//4
f 1397//4 1398//4 1430//4 1429//4
f 1398//4 1399//4 1431//4 1430//4
f 1399//4 1400//4 1432//4 1431//4
f 1400//4 1401//4 1433//4 1432//4
f 1401//4 1402//4 1434//4 1433//4
f 1402//4 1403//4 1435//4 1434//4
f 1403//4 1404//4 1436//4 1435//4
f 1404//4 1405//4 1437//4 1436//4
f 1405//4 1406//4 1438//4 1437//4
f 1406//4 1407//4 1439//4 1438//4
f 1407//4 1408//4 1440//4 1439//4
f 1408//4 1409//4 1441//4 1440//4
f 1409//4 1410//4 1442//4 1441//4
f 637//1 1411//1 1443//1 670//1
f 1411//1 1412//1 1444//1 1443//1
f 1412//1 1413//1 1445//1 1444//1
f 1413//1 1414//1 1446//1 1445//1
f 1414//1 1415//1 1447//1 1446//1
f 1415//1 1416//1 1448//1 1447//1
f 1416//1 1417//1 1449//1 1448//1
f 1417//1 1418//1 1450//1 1449//1
f 1418//1 1419//1 1451//1 1450//1
f 1419//1 1420//1 1452//1 1451//1
f 1420//1 1421//1 1453//1 1452//1
f 1421//1 1422//1 1454//1 1453//1
f 1422//1 1423//1 1455//1 1454//1
f 1423//1 1424//1 1456//1 1455//1
f 1424//1 1425//1 1457//1 1456//1
f 1425//1 1426//1 1458//1 1457//1
f 1426//4 1427//4 1459//4 1458//4
f 1427//4 1428//4 1460//4 1459//4
f 1428//4 1429//4 1461//4 1460//4
f 1429//4 1430//4 1462//4 1461//4
f 1430//4 1431//4 1463//4 1462//4
f 1431//4 1432//4 1464//4 1463//4
f 1432//4 1433//4 1465//4 1464//4
f 1433//4 1434//4 1466//4 1465//4
f 1434//4 1435//4 1467//4 1466//4
f 1435//4 1436//4 1468//4 1467//4
f 1436//4 1437//4 1469//4 1468//4
f 1437//4 1438//4 1470//4 1469//4
f 1438//4 1439//4 1471//4 1470//4
f 1439//4 1440//4 1472//4 1471//4
f 1440//4 1441//4 1473//4 1472//4
f 1441//4 1442//4 1474//4 1473//4
f 670//1 1443//1 1475//1 703//1
f 1443//1 1444//1 1476//1 1475//1
f 1444//1 1445//1 1477//1 1476//1
f 1445//1 1446//1 1478//1 1477//1
f 1446//1 1447//1 1479//1 1478//1
f 1447//1 1448//1 1480//1 1479//1
f 1448//1 1449//1 1481//1 1480//1
f 1449//1 1450//1 1482//1 1481//1
f 1450//1 1451//1 1483//1 1482//1
f 1451//1 1452//1 1484//1 1483//1
f 1452//1 1453//1 1485//1 1484//1
f 1453//1 1454//1 1486//1 1485//1
f 1454//1 1455//1 1487//1 1486//1
f 1455//1 1456//1 1488//1 1487//1
f 1456//1 1457//1 1489//1 1488//1
f 1457//1 1458//1 1490//1 1489//1
f 1458//4 1459//4 1491//4 1490//4
f 1459//4 1460//4 1492//4 1491//4
f 1460//4 1461//4 1493//4 1492//4
f 1461//4 1462//4 1494//4 1493//4
f 1462//4 1463//4 1495//4 1494//4
f 1463//4 1464//4 1496//4 1495//4
f 1464//4 1465//4 1497//4 1496//4
f 1465//4 1466//4 1498//4 1497//4
f 1466//4 1467//4 1499//4 1498//4
f 1467//4 1468//4 1500//4 1499//4
f 1468//4 1469//4 1501//4 1500//4
f 1469//4 1470//4 1502//4 1501//4
f 1470//4 1471//4 1503//4 1502//4
f 1471//4 1472//4 1504//4 1503//4
f 1472//4 1473//4 1505//4 1504//4
f 1473//4 1474//4 1506//4 1505//4
f 703//1 1475//1 1507//1 736//1
f 1475//1 1476//1 1508//1 1507//1
f 1476//1 1477//1 1509//1 1508//1
f 1477//1 1478//1 1510//1 1509//1
f 1478//1 1479//1 1511//1 1510//1
f 1479//1 1480//1 1512//1 1511//1
f 1480//1 1481//1 1513//1 1512//1
f 1481//1 1482//1 1514//1 1513//1
f 1482//1 1483//1 1515//1 1514//1
f 1483//1 1484//1 1516//1 1515//1
f 1484//1 1485//1 1517//1 1516//1
f 1485//1 1486//1 1518//1 1517//1
f 1486//1 1487//1 1519//1 1518//1
f 1487//1 1488//1 1520//1 1519//1
f 1488//1 1489//1 1521//1 1520//1
f 1489//1 1490//1 1522//1 1521//1
f 1490//4 1491//4 1523//4 1522//4
f 1491//4 1492//4 1524//4 1523//4
f 1492//4 1493//4 1525//4 1524//4
f 1493//4 1494//4 1526//4 1525//4
f 1494//4 1495//4 1527//4 1526//4
f 1495//4 1496//4 1528//4 1527//4
f 1496//4 1497//4 1529//4 1528//4
f 1497//4 1498//4 1530//4 1529//4
f 1498//4 1499//4 1531//4 1530//4
f 1499//4 1500//4 1532//4 1531//4
f 1500//4 1501//4 1533//4 1532//4
f 1501//4 1502//4 1534//4 1533//4
f 1502//4 1503//4 1535//4 1534//4
f 1503//4 1504//4 1536//4 1535//4
f 1504//4 1505//4 1537//4 1536//4
f 1505//4 1506//4 1538//4 1537//4
f 736//1 1507//1 1539//1 769//1
f 1507//1 1508//1 1540//1 1539//1
f 1508//1 1509//1 1541//1 1540//1
f 1509//1 1510//1 1542//1 1541//1
f 1510//1 1511//1 1543//1 1542//1
f 1511//1 1512//1 1544//1 1543//1
f 1512//1 1513//1 1545//1 1544//1
f 1513//1 1514//1 1546//1 1545//1
f 1514//1 1515//1 1547//1 1546//1
f 1515//1 1516//1 1548//1 1547//1
f 1516//1 1517//1 1549//1 1548//1
f 1517//1 1518//1 1550//1 1549//1
f 1518//1 1519//1 1551//1 1550//1
f 1519//1 1520//1 1552//1 1551//1
f 1520//1 1521//1 1553//1 1552//1
f 1521//1 1522//1 1554//1 1553//1
f 1522//4 1523//4 1555//4 1554//4
f 1523//4 1524//4 1556//4 1555//4
f 1524//4 1525//4 1557//4 1556//4
f 1525//4 1526//4 1558//4 1557//4
f 1526//4 1527//4 1559//4 1558//4
f 1527//4 1528//4 1560//4 1559//4
f 1528//4 1529//4 1561//4 1560//4
f 1529//4 1530//4 1562//4 1561//4
f 1530//4 1531//4 1563//4 1562//4
f 1531//4 1532//4 1564//4 1563//4
f 1532//4 1533//4 1565//4 1564//4
f 1533//4 1534//4 1566//4 1565//4
f 1534//4 1535//4 1567//4 1566//4
f 1535//4 1536//4 1568//4 1567//4
f 1536//4 1537//4 1569//4 1568//4
f 1537//4 1538//4 1570//4 1569//4
f 769//1 1539//1 1571//1 802//1
f 1539//1 1540//1 1572//1 1571//1
f 1540//1 1541//1 1573//1 1572//1
f 1541//1 1542//1 1574//1 1573//1
f 1542//1 1543//1 1575//1 1574//1
f 1543//1 1544//1 1576//1 1575//1
f 1544//1 1545//1 1577//1 1576//1
f 1545//1 1546//1 1578//1 1577//1
f 1546//1 1547//1 1579//1 1578//1
f 1547//1 1548//1 1580//1 1579//1
f 1548//1 1549//1 1581//1 1580//1
f 1549//1 1550//1 1582//1 1581//1
f 1550//1 1551//1 1583//1 1582//1
f 1551//1 1552//1 1584//1 1583//1
f 1552//1 1553//1 1585//1 1584//1
f 1553//1 1554//1 1586//1 1585//1
f 1554//4 1555//4 1587//4 1586//4
f 1555//4 1556//4 1588//4 1587//4
f 1556//4 1557//4 1589//4 1588//4
f 1557//4 1558//4 1590//4 1589//4
f 1558//4 1559//4 1591//4 1590//4
f 1559//4 1560//4 1592//4 1591//4
f 1560//4 1561//4 1593//4 1592//4
f 1561//4 1562//4 1594//4 1593//4
f 1562//4 1563//4 1595//4 1594//4
f 1563//4 1564//4 1596//4 1595//4
f 1564//4 1565//4 1597//4 1596//4
f 1565//4 1566//4 1598//4 1597//4
f 1566//4 1567//4 1599//4 1598//4
f 1567//4 1568//4 1600//4 1599//4
f 1568//4 1569//4 1601//4 1600//4
f 1569//4 1570//4 1602//4 1601//4
f 1603//2 1604//2 1605//2 1606//2
f 1603//3 1607//3 1608//3 1604//3
f 1606//2 1605//2 1609//2 1610//2
f 1610//2 1609//2 1611//2 1612//2
f 1612//2 1611//2 1613//2 1614//2
f 1614//2 1613//2 1615//2 1616//2
f 1616//2 1615//2 1617//2 1618//2
f 1618//2 1617//2 1619//2 1620//2
f 1620//2 1619//2 1621//2 1622//2
f 1622//2 1621//2 1623//2 1624//2
f 1624//2 1623//2 1625//2 1626//2
f 1626//2 1625//2 1627//2 1628//2
f 1628//2 1627//2 1629//2 1630//2
f 1630//2 1629//2 1631//2 1632//2
f 1632//2 1631//2 1633//2 1634//2
f 1634//2 1633//2 1635//2 1636//2
f 1636//2 1635//2 1637//2 1638//2
f 1604//2 1639//2 1640//2 1605//2
f 1604//3 1608//3 1641//3 1639//3
f 1605//2 1640//2 1642//2 1609//2
f 1609//2 1642//2 1643//2 1611//2
f 1611//2 1643//2 1644//2 1613//2
f 1613//2 1644//2 1645//2 1615//2
f 1615//2 1645//2 1646//2 1617//2
f 1617//2 1646//2 1647//2 1619//2
f 1619//2 1647//2 1648//2 1621//2
f 1621//2 1648//2 1649//2 1623//2
f 1623//2 1649//2 1650//2 1625//2
f 1625//2 1650//2 1651//2 1627//2
f 1627//2 1651//2 1652//2 1629//2
f 1629//2 1652//2 1653//2 1631//2
f 1631//2 1653//2 1654//2 1633//2
f 1633//2 1654//2 1655//2 1635//2
f 1635//2 1655//2 1656//2 1637//2
f 1639//2 1657//2 1658//2 1640//2
f 1639//3 1641//3 1659//3 1657//3
f 1640//2 1658//2 1660//2 1642//2
f 1642//2 1660//2 1661//2 1643//2
f 1643//2 1661//2 1662//2 1644//2
f 1644//2 1662//2 1663//2 1645//2
f 1645//2 1663//2 1664//2 1646//2
f 1646//2 1664//2 1665//2 1647//2
f 1647//2 1665//2 1666//2 1648//2
f 1648//2 1666//2 1667//2 1649//2
f 1649//2 1667//2 1668//2 1650//2
f 1650//2 1668//2 1669//2 1651//2
f 1651//2 1669//2 1670//2 1652//2
f 1652//2 1670//2 1671//2 1653//2
f 1653//2 1671//2 1672//2 1654//2
f 1654//2 1672//2 1673//2 1655//2
f 1655//2 1673//2 1674//2 1656//2
f 1657//2 1675//2 1676//2 1658//2
f 1657//3 1659//3 1677//3 1675//3
f 1658//2 1676//2 1678//2 1660//2
f 1660//2 1678//2 1679//2 1661//2
f 1661//2 1679//2 1680//2 1662//2
f 1662//2 1680//2 1681//2 1663//2
f 1663//2 1681//2 1682//2 1664//2
f 1664//2 1682//2 1683//2 1665//2
f 1665//2 1683//2 1684//2 1666//2
f 1666//2 1684//2 1685//2 1667//2
f 1667//2 1685//2 1686//2 1668//2
f 1668//2 1686//2 1687//2 1669//2
f 1669//2 1687//2 1688//2 1670//2
f 1670//2 1688//2 1689//2 1671//2
f 1671//2 1689//2 1690//2 1672//2
f 1672//2 1690//2 1691//2 1673//2
f 1673//2 1691//2 1692//2 1674//2
f 1675//2 1693//2 1694//2 1676//2
f 1675//3 1677//3 1695//3 1693//3
f 1676//2 1694//2 1696//2 1678//2
f 1678//2 1696//2 1697//2 1679//2
f 1679//2 1697//2 1698//2 1680//2
f 1680//2 1698//2 1699//2 1681//2
f 1681//2 1699//2 1700//2 1682//2
f 1682//2 1700//2 1701//2 1683//2
f 1683//2 1701//2 1702//2 1684//2
f 1684//2 1702//2 1703//2 1685//2
f 1685//2 1703//2 1704//2 1686//2
f 1686//2 1704//2 1705//2 1687//2
f 1687//2 1705//2 1706//2 1688//2
f 1688//2 1706//2 1707//2 1689//2
f 1689//2 1707//2 1708//2 1690//2
f 1690//2 1708//2 1709//2 1691//2
f 1691//2 1709//2 1710//2 1692//2
f 1693//2 1711//2 1712//2 1694//2
f 1693//3 1695//3 1713//3 1711//3
f 1694//2 1712//2 1714//2 1696//2
f 1696//2 1714//2 1715//2 1697//2
f 1697//2 1715//2 1716//2 1698//2
f 1698//2 1716//2 1717//2 1699//2
f 1699//2 1717//2 1718//2 1700//2
f 1700//2 1718//2 1719//2 1701//2
f 1701//2 1719//2 1720//2 1702//2
f 1702//2 1720//2 1721//2 1703//2
f 1703//2 1721//2 1722//2 1704//2
f 1704//2 1722//2 1723//2 1705//2
f 1705//2 1723//2 1724//2 1706//2
f 1706//2 1724//2 1725//2 1707//2
f 1707//2 1725//2 1726//2 1708//2
f 1708//2 1726//2 1727//2 1709//2
f 1709//2 1727//2 1728//2 1710//2
f 1711//2 1729//2 1730//2 1712//2
f 1711//3 1713//3 1731//3 1729//3
f 1712//2 1730//2 1732//2 1714//2
f 1714//2 1732//2 1733//2 1715//2
f 1715//2 1733//2 1734//2 1716//2
f 1716//2 1734//2 1735//2 1717//2
f 1717//2 1735//2 1736//2 1718//2
f 1718//2 1736//2 1737//2 1719//2
f 1719//2 1737//2 1738//2 1720//2
f 1720//2 1738//2 1739//2 1721//2
f 1721//2 1739//2 1740//2 1722//2
f 1722//2 1740//2 1741//2 1723//2
f 1723//2 1741//2 1742//2 1724//2
f 1724//2 1742//2 1743//2 1725//2
f 1725//2 1743//2 1744//2 1726//2
f 1726//2 1744//2 1745//2 1727//2
f 1727//2 1745//2 1746//2 1728//2
f 1729//2 1747//2 1748//2 1730//2
f 1729//3 1731//3 1749//3 1747//3
f 1730//2 1748//2 1750//2 1732//2
f 1732//2 1750//2 1751//2 1733//2
f 1733//2 1751//2 1752//2 1734//2
f 1734//2 1752//2 1753//2 1735//2
f 1735//2 1753//2 1754//2 1736//2
f 1736//2 1754//2 1755//2 1737//2
f 1737//2 1755//2 1756//2 1738//2
f 1738//2 1756//2 1757//2 1739//2
f 1739//2 1757//2 1758//2 1740//2
f 1740//2 1758//2 1759//2 1741//2
f 1741//2 1759//2 1760//2 1742//2
f 1742//2 1760//2 1761//2 1743//2
f 1743//2 1761//2 1762//2 1744//2
f 1744//2 1762//2 1763//2 1745//2
f 1745//2 1763//2 1764//2 1746//2
f 1747//2 1765//2 1766//2 1748//2
f 1747//3 1749//3 1767//3 1765//3
f 1748//2 1766//2 1768//2 1750//2
f 1750//2 1768//2 1769//2 1751//2
f 1751//2 1769//2 1770//2 1752//2
f 1752//2 1770//2 1771//2 1753//2
f 1753//2 1771//2 1772//2 1754//2
f 1754//2 1772//2 1773//2 1755//2
f 1755//2 1773//2 1774//2 1756//2
f 1756//2 1774//2 1775//2 1757//2
f 1757//2 1775//2 1776//2 1758//2
f 1758//2 1776//2 1777//2 1759//2
f 1759//2 1777//2 1778//2 1760//2
f 1760//2 1778//2 1779//2 1761//2
f 1761//2 1779//2 1780//2 1762//2
f 1762//2 1780//2 1781//2 1763//2
f 1763//2 1781//2 1782//2 1764//2
f 1765//2 1783//2 1784//2 1766//2
f 1765//3 1767//3 1785//3 1783//3
f 1766//2 1784//2 1786//2 1768//2
f 1768//2 1786//2 1787//2 1769//2
f 1769//2 1787//2 1788//2 1770//2
f 1770//2 1788//2 1789//2 1771//2
f 1771//2 1789//2 1790//2 1772//2
f 1772//2 1790//2 1791//2 1773//2
f 1773//2 1791//2 1792//2 1774//2
f 1774//2 1792//2 1793//2 1775//2
f 1775//2 1793//2 1794//2 1776//2
f 1776//2 1794//2 1795//2 1777//2
f 1777//2 1795//2 1796//2 1778//2
f 1778//2 1796//2 1797//2 1779//2
f 1779//2 1797//2 1798//2 1780//2
f 1780//2 1798//2 1799//2 1781//2
f 1781//2 1799//2 1800//2 1782//2
f 1783//2 1801//2 1802//2 1784//2
f 1783//3 1785//3 1803//3 1801//3
f 1784//2 1802//2 1804//2 1786//2
f 1786//2 1804//2 1805//2 1787//2
f 1787//2 1805//2 1806//2 1788//2
f 1788//2 1806//2 1807//2 1789//2
f 1789//2 1807//2 1808//2 1790//2
f 1790//2 1808//2 1809//2 1791//2
f 1791//2 1809//2 1810//2 1792//2
f 1792//2 1810//2 1811//2 1793//2
f 1793//2 1811//2 1812//2 1794//2
f 1794//2 1812//2 1813//2 1795//2
f 1795//2 1813//2 1814//2 1796//2
f 1796//2 1814//2 1815//2 1797//2
f 1797//2 1815//2 1816//2 1798//2
f 1798//2 1816//2 1817//2 1799//2
f 1799//2 1817//2 1818//2 1800//2
f 1801//2 1819//2 1820//2 1802//2
f 1801//3 1803//3 1821//3 1819//3
f 1802//2 1820//2 1822//2 1804//2
f 1804//2 1822//2 1823//2 1805//2
f 1805//2 1823//2 1824//2 1806//2
f 1806//2 1824//2 1825//2 1807//2
f 1807//2 1825//2 1826//2 1808//2
f 1808//2 1826//2 1827//2 1809//2
f 1809//2 1827//2 1828//2 1810//2
f 1810//2 1828//2 1829//2 1811//2
f 1811//2 1829//2 1830//2 1812//2
f 1812//2 1830//2 1831//2 1813//2
f 1813//2 1831//2 1832//2 1814//2
f 1814//2 1832//2 1833//2 1815//2
f 1815//2 1833//2 1834//2 1816//2
f 1816//2 1834//2 1835//2 1817//2
f 1817//2 1835//2 1836//2 1818//2
f 1819//2 1837//2 1838//2 1820//2
f 1819//3 1821//3 1839//3 1837//3
f 1820//2 1838//2 1840//2 1822//2
f 1822//2 1840//2 1841//2 1823//2
f 1823//2 1841//2 1842//2 1824//2
f 1824//2 1842//2 1843//2 1825//2
f 1825//2 1843//2 1844//2 1826//2
f 1826//2 1844//2 1845//2 1827//2
f 1827//2 1845//2 1846//2 1828//2
f 1828//2 1846//2 1847//2 1829//2
f 1829//2 1847//2 1848//2 1830//2
f 1830//2 1848//2 1849//2 1831//2
f 1831//2 1849//2 1850//2 1832//2
f 1832//2 1850//2 1851//2 1833//2
f 1833//2 1851//2 1852//2 1834//2
f 1834//2 1852//2 1853//2 1835//2
f 1835//2 1853//2 1854//2 1836//2
f 1837//2 1855//2 1856//2 1838//2
f 1837//3 1839//3 1857//3 1855//3
f 1838//2 1856//2 1858//2 1840//2
f 1840//2 1858//2 1859//2 1841//2
f 1841//2 1859//2 1860//2 1842//2
f 1842//2 1860//2 1861//2 1843//2
f 1843//2 1861//2 1862//2 1844//2
f 1844//2 1862//2 1863//2 1845//2
f 1845//2 1863//2 1864//2 1846//2
f 1846//2 1864//2 1865//2 1847//2
f 1847//2 1865//2 1866//2 1848//2
f 1848//2 1866//2 1867//2 1849//2
f 1849//2 1867//2 1868//2 1850//2
f 1850//2 1868//2 1869//2 1851//2
f 1851//2 1869//2 1870//2 1852//2
f 1852//2 1870//2 1871//2 1853//2
f 1853//2 1871//2 1872//2 1854//2
f 1855//2 1873//2 1874//2 1856//2
f 1855//3 1857//3 1875//3 1873//3
f 1856//2 1874//2 1876//2 1858//2
f 1858//2 1876//2 1877//2 1859//2
f 1859//2 1877//2 1878//2 1860//2
f 1860//2 1878//2 1879//2 1861//2
f 1861//2 1879//2 1880//2 1862//2
f 1862//2 1880//2 1881//2 1863//2
f 1863//2 1881//2 1882//2 1864//2
f 1864//2 1882//2 1883//2 1865//2
f 1865//2 1883//2 1884//2 1866//2
f 1866//2 1884//2 1885//2 1867//2
f 1867//2 1885//2 1886//2 1868//2
f 1868//2 1886//2 1887//2 1869//2
f 1869//2 1887//2 1888//2 1870//2
f 1870//2 1888//2 1889//2 1871//2
f 1871//2 1889//2 1890//2 1872//2
f 1891//5 1892//5 1893//5 1894//5
f 1873//2 1892//2 1891//2 1874//2
f 1873//3 1875//3 1893//3 1892//3
f 1895//5 1891//5 1894//5 1896//5
f 1874//2 1891//2 1895//2 1876//2
f 1897//5 1895//5 1896//5 1898//5
f 1876//2 1895//2 1897//2 1877//2
f 1899//5 1897//5 1898//5 1900//5
f 1877//2 1897//2 1899//2 1878//2
f 1901//5 1899//5 1900//5 1902//5
f 1878//2 1899//2 1901//2 1879//2
f 1903//5 1901//5 1902//5 1904//5
f 1879//2 1901//2 1903//2 1880//2
f 1905//5 1903//5 1904//5 1906//5
f 1880//2 1903//2 1905//2 1881//2
f 1907//5 1905//5 1906//5 1908//5
f 1881//2 1905//2 1907//2 1882//2
f 1909//5 1907//5 1908//5 1910//5
f 1882//2 1907//2 1909//2 1883//2
f 1911//5 1909//5 1910//5 1912//5
f 1883//2 1909//2 1911//2 1884//2
f 1913//5 1911//5 1912//5 1914//5
f 1884//2 1911//2 1913//2 1885//2
f 1915//5 1913//5 1914//5 1916//5
f 1885//2 1913//2 1915//2 1886//2
f 1917//5 1915//5 1916//5 1918//5
f 1886//2 1915//2 1917//2 1887//2
f 1919//5 1917//5 1918//5 1920//5
f 1887//2 1917//2 1919//2 1888//2
f 1921//5 1919//5 1920//5 1922//5
f 1888//2 1919//2 1921//2 1889//2
f 1923//5 1921//5 1922//5 1924//5
f 1889//2 1921//2 1923//2 1890//2
f 1607//3 1925//3 1926//3 1608//3
f 1608//3 1926//3 1927//3 1641//3
f 1641//3 1927//3 1928//3 1659//3
f 1659//3 1928//3 1929//3 1677//3
f 1677//3 1929//3 1930//3 1695//3
f 1695//3 1930//3 1931//3 1713//3
f 1713//3 1931//3 1932//3 1731//3
f 1731//3 1932//3 1933//3 1749//3
f 1749//3 1933//3 1934//3 1767//3
f 1767//3 1934//3 1935//3 1785//3
f 1785//3 1935//3 1936//3 1803//3
f 1803//3 1936//3 1937//3 1821//3
f 1821//3 1937//3 1938//3 1839//3
f 1839//3 1938//3 1939//3 1857//3
f 1857//3 1939//3 1940//3 1875//3
f 1894//5 1893//5 1941//5 1942//5
f 1875//3 1940//3 1941//3 1893//3
f 1896//5 1894//5 1942//5 1943//5
f 1898//5 1896//5 1943//5 1944//5
f 1900//5 1898//5 1944//5 1945//5
f 1902//5 1900//5 1945//5 1946//5
f 1904//5 1902//5 1946//5 1947//5
f 1906//5 1904//5 1947//5 1948//5
f 1908//5 1906//5 1948//5 1949//5
f 1910//5 1908//5 1949//5 1950//5
f 1912//5 1910//5 1950//5 1951//5
f 1914//5 1912//5 1951//5 1952//5
f 1916//5 1914//5 1952//5 1953//5
f 1918//5 1916//5 1953//5 1954//5
f 1920//5 1918//5 1954//5 1955//5
f 1922//5 1920//5 1955//5 1956//5
f 1924//5 1922//5 1956//5 1957//5
f 1925//3 1958//3 1959//3 1926//3
f 1926//3 1959//3 1960//3 1927//3
f 1927//3 1960//3 1961//3 1928//3
f 1928//3 1961//3 1962//3 1929//3
f 1929//3 1962//3 1963//3 1930//3
f 1930//3 1963//3 1964//3 1931//3
f 1931//3 1964//3 1965//3 1932//3
f 1932//3 1965//3 1966//3 1933//3
f 1933//3 1966//3 1967//3 1934//3
f 1934//3 1967//3 1968//3 1935//3
f 1935//3 1968//3 1969//3 1936//3
f 1936//3 1969//3 1970//3 1937//3
f 1937//3 1970//3 1971//3 1938//3
f 1938//3 1971//3 1972//3 1939//3
f 1939//3 1972//3 1973//3 1940//3
f 1942//5 1941//5 1974//5 1975//5
f 1940//3 1973//3 1974//3 1941//3
f 1943//5 1942//5 1975//5 1976//5
f 1944//5 1943//5 1976//5 1977//5
f 1945//5 1944//5 1977//5 1978//5
f 1946//5 1945//5 1978//5 1979//5
f 1947//5 1946//5 1979//5 1980//5
f 1948//5 1947//5 1980//5 1981//5
f 1949//5 1948//5 1981//5 1982//5
f 1950//5 1949//5 1982//5 1983//5
f 1951//5 1950//5 1983//5 1984//5
f 1952//5 1951//5 1984//5 1985//5
f 1953//5 1952//5 1985//5 1986//5
f 1954//5 1953//5 1986//5 1987//5
f 1955//5 1954//5 1987//5 1988//5
f 1956//5 1955//5 1988//5 1989//5
f 1957//5 1956//5 1989//5 1990//5
f 1958//3 1991//3 1992//3 1959//3
f 1959//3 1992//3 1993//3 1960//3
f 1960//3 1993//3 1994//3 1961//3
f 1961//3 1994//3 1995//3 1962//3
f 1962//3 1995//3 1996//3 1963//3
f 1963//3 1996//3 1997//3 1964//3
f 1964//3 1997//3 1998//3 1965//3
f 1965//3 1998//3 1999//3 1966//3
f 1966//3 1999//3 2000//3 1967//3
f 1967//3 2000//3 2001//3 1968//3
f 1968//3 2001//3 2002//3 1969//3
f 1969//3 2002//3 2003//3 1970//3
f 1970//3 2003//3 2004//3 1971//3
f 1971//3 2004//3 2005//3 1972//3
f 1972//3 2005//3 2006//3 1973//3
f 1975//5 1974//5 2007//5 2008//5
f 1973//3 2006//3 2007//3 1974//3
f 1976//5 1975//5 2008//5 2009//5
f 1977//5 1976//5 2009//5 2010//5
f 1978//5 1977//5 2010//5 2011//5
f 1979//5 1978//5 2011//5 2012//5
f 1980//5 1979//5 2012//5 2013//5
f 1981//5 1980//5 2013//5 2014//5
f 1982//5 1981//5 2014//5 2015//5
f 1983//5 1982//5 2015//5 2016//5
f 1984//5 1983//5 2016//5 2017//5
f 1985//5 1984//5 2017//5 2018//5
f 1986//5 1985//5 2018//5 2019//5
f 1987//5 1986//5 2019//5 2020//5
f 1988//5 1987//5 2020//5 2021//5
f 1989//5 1988//5 2021//5 2022//5
f 1990//5 1989//5 2022//5 2023//5
f 1991//3 2024//3 2025//3 1992//3
f 1992//3 2025//3 2026//3 1993//3
f 1993//3 2026//3 2027//3 1994//3
f 1994//3 2027//3 2028//3 1995//3
f 1995//3 2028//3 2029//3 1996//3
f 1996//3 2029//3 2030//3 1997//3
f 1997//3 2030//3 2031//3 1998//3
f 1998//3 2031//3 2032//3 1999//3
f 1999//3 2032//3 2033//3 2000//3
f 2000//3 2033//3 2034//3 2001//3
f 2001//3 2034//3 2035//3 2002//3
f 2002//3 2035//3 2036//3 2003//3
f 2003//3 2036//3 2037//3 2004//3
f 2004//3 2037//3 2038//3 2005//3
f 2005//3 2038//3 2039//3 2006//3
f 2008//5 2007//5 2040//5 2041//5
f 2006//3 2039//3 2040//3 2007//3
f 2009//5 2008//5 2041//5 2042//5
f 2010//5 2009//5 2042//5 2043//5
f 2011//5 2010//5 2043//5 2044//5
f 2012//5 2011//5 2044//5 2045//5
f 2013//5 2012//5 2045//5 2046//5
f 2014//5 2013//5 2046//5 2047//5
f 2015//5 2014//5 2047//5 2048//5
f 2016//5 2015//5 2048//5 2049//5
f 2017//5 2016//5 2049//5 2050//5
f 2018//5 2017//5 2050//5 2051//5
f 2019//5 2018//5 2051//5 2052//5
f 2020//5 2019//5 2052//5 2053//5
f 2021//5 2020//5 2053//5 2054//5
f 2022//5 2021//5 2054//5 2055//5
f 2023//5 2022//5 2055//5 2056//5
f 2024//3 2057//3 2058//3 2025//3
f 2025//3 2058//3 2059//3 2026//3
f 2026//3 2059//3 2060//3 2027//3
f 2027//3 2060//3 2061//3 2028//3
f 2028//3 2061//3 2062//3 2029//3
f 2029//3 2062//3 2063//3 2030//3
f 2030//3 2063//3 2064//3 2031//3
f 2031//3 2064//3 2065//3 2032//3
f 2032//3 2065//3 2066//3 2033//3
f 2033//3 2066//3 2067//3 2034//3
f 2034//3 2067//3 2068//3 2035//3
f 2035//3 2068//3 2069//3 2036//3
f 2036//3 2069//3 2070//3 2037//3
f 2037//3 2070//3 2071//3 2038//3
f 2038//3 2071//3 2072//3 2039//3
f 2041//5 2040//5 2073//5 2074//5
f 2039//3 2072//3 2073//3 2040//3
f 2042//5 2041//5 2074//5 2075//5
f 2043//5 2042//5 2075//5 2076//5
f 2044//5 2043//5 2076//5 2077//5
f 2045//5 2044//5 2077//5 2078//5
f 2046//5 2045//5 2078//5 2079//5
f 2047//5 2046//5 2079//5 2080//5
f 2048//5 2047//5 2080//5 2081//5
f 2049//5 2048//5 2081//5 2082//5
f 2050//5 2049//5 2082//5 2083//5
f 2051//5 2050//5 2083//5 2084//5
f 2052//5 2051//5 2084//5 2085//5
f 2053//5 2052//5 2085//5 2086//5
f 2054//5 2053//5 2086//5 2087//5
f 2055//5 2054//5 2087//5 2088//5
f 2056//5 2055//5 2088//5 2089//5
f 2057//3 2090//3 2091//3 2058//3
f 2058//3 2091//3 2092//3 2059//3
f 2059//3 2092//3 2093//3 2060//3
f 2060//3 2093//3 2094//3 2061//3
f 2061//3 2094//3 2095//3 2062//3
f 2062//3 2095//3 2096//3 2063//3
f 2063//3 2096//3 2097//3 2064//3
f 2064//3 2097//3 2098//3 2065//3
f 2065//3 2098//3 2099//3 2066//3
f 2066//3 2099//3 2100//3 2067//3
f 2067//3 2100//3 2101//3 2068//3
f 2068//3 2101//3 2102//3 2069//3
f 2069//3 2102//3 2103//3 2070//3
f 2070//3 2103//3 2104//3 2071//3
f 2071//3 2104//3 2105//3 2072//3
f 2074//5 2073//5 2106//5 2107//5
f 2072//3 2105//3 2106//3 2073//3
f 2075//5 2074//5 2107//5 2108//5
f 2076//5 2075//5 2108//5 2109//5
f 2077//5 2076//5 2109//5 2110//5
f 2078//5 2077//5 2110//5 2111//5
f 2079//5 2078//5 2111//5 2112//5
f 2080//5 2079//5 2112//5 2113//5
f 2081//5 2080//5 2113//5 2114//5
f 2082//5 2081//5 2114//5 2115//5
f 2083//5 2082//5 2115//5 2116//5
f 2084//5 2083//5 2116//5 2117//5
f 2085//5 2084//5 2117//5 2118//5
f 2086//5 2085//5 2118//5 2119//5
f 2087//5 2086//5 2119//5 2120//5
f 2088//5 2087//5 2120//5 2121//5
f 2089//5 2088//5 2121//5 2122//5
f 2090//3 2123//3 2124//3 2091//3
f 2091//3 2124//3 2125//3 2092//3
f 2092//3 2125//3 2126//3 2093//3
f 2093//3 2126//3 2127//3 2094//3
f 2094//3 2127//3 2128//3 2095//3
f 2095//3 2128//3 2129//3 2096//3
f 2096//3 2129//3 2130//3 2097//3
f 2097//3 2130//3 2131//3 2098//3
f 2098//3 2131//3 2132//3 2099//3
f 2099//3 2132//3 2133//3 2100//3
f 2100//3 2133//3 2134//3 2101//3
f 2101//3 2134//3 2135//3 2102//3
f 2102//3 2135//3 2136//3 2103//3
f 2103//3 2136//3 2137//3 2104//3
f 2104//3 2137//3 2138//3 2105//3
f 2107//5 2106//5 2139//5 2140//5
f 2105//3 2138//3 2139//3 2106//3
f 2108//5 2107//5 2140//5 2141//5
f 2109//5 2108//5 2141//5 2142//5
f 2110//5 2109//5 2142//5 2143//5
f 2111//5 2110//5 2143//5 2144//5
f 2112//5 2111//5 2144//5 2145//5
f 2113//5 2112//5 2145//5 2146//5
f 2114//5 2113//5 2146//5 2147//5
f 2115//5 2114//5 2147//5 2148//5
f 2116//5 2115//5 2148//5 2149//5
f 2117//5 2116//5 2149//5 2150//5
f 2118//5 2117//5 2150//5 2151//5
f 2119//5 2118//5 2151//5 2152//5
f 2120//5 2119//5 2152//5 2153//5
f 2121//5 2120//5 2153//5 2154//5
f 2122//5 2121//5 2154//5 2155//5
f 2123//3 2156//3 2157//3 2124//3
f 2124//3 2157//3 2158//3 2125//3
f 2125//3 2158//3 2159//3 2126//3
f 2126//3 2159//3 2160//3 2127//3
f 2127//3 2160//3 2161//3 2128//3
f 2128//3 2161//3 2162//3 2129//3
f 2129//3 2162//3 2163//3 2130//3
f 2130//3 2163//3 2164//3 2131//3
f 2131//3 2164//3 2165//3 2132//3
f 2132//3 2165//3 2166//3 2133//3
f 2133//3 2166//3 2167//3 2134//3
f 2134//3 2167//3 2168//3 2135//3
f 2135//3 2168//3 2169//3 2136//3
f 2136//3 2169//3 2170//3 2137//3
f 2137//3 2170//3 2171//3 2138//3
f 2140//5 2139//5 2172//5 2173//5
f 2138//3 2171//3 2172//3 2139//3
f 2141//5 2140//5 2173//5 2174//5
f 2142//5 2141//5 2174//5 2175//5
f 2143//5 2142//5 2175//5 2176//5
f 2144//5 2143//5 2176//5 2177//5
f 2145//5 2144//5 2177//5 2178//5
f 2146//5 2145//5 2178//5 2179//5
f 2147//5 2146//5 2179//5 2180//5
f 2148//5 2147//5 2180//5 2181//5
f 2149//5 2148//5 2181//5 2182//5
f 2150//5 2149//5 2182//5 2183//5
f 2151//5 2150//5 2183//5 2184//5
f 2152//5 2151//5 2184//5 2185//5
f 2153//5 2152//5 2185//5 2186//5
f 2154//5 2153//5 2186//5 2187//5
f 2155//5 2154//5 2187//5 2188//5
f 2156//3 2189//3 2190//3 2157//3
f 2157//3 2190//3 2191//3 2158//3
f 2158//3 2191//3 2192//3 2159//3
f 2159//3 2192//3 2193//3 2160//3
f 2160//3 2193//3 2194//3 2161//3
f 2161//3 2194//3 2195//3 2162//3
f 2162//3 2195//3 2196//3 2163//3
f 2163//3 2196//3 2197//3 2164//3
f 2164//3 2197//3 2198//3 2165//3
f 2165//3 2198//3 2199//3 2166//3
f 2166//3 2199//3 2200//3 2167//3
f 2167//3 2200//3 2201//3 2168//3
f 2168//3 2201//3 2202//3 2169//3
f 2169//3 2202//3 2203//3 2170//3
f 2170//3 2203//3 2204//3 2171//3
f 2173//5 2172//5 2205//5 2206//5
f 2171//3 2204//3 2205//3 2172//3
f 2174//5 2173//5 2206//5 2207//5
f 2175//5 2174//5 2207//5 2208//5
f 2176//5 2175//5 2208//5 2209//5
f 2177//5 2176//5 2209//5 2210//5
f 2178//5 2177//5 2210//5 2211//5
f 2179//5 2178//5 2211//5 2212//5
f 2180//5 2179//5 2212//5 2213//5
f 2181//5 2180//5 2213//5 2214//5
f 2182//5 2181//5 2214//5 2215//5
f 2183//5 2182//5 2215//5 2216//5
f 2184//5 2183//5 2216//5 2217//5
f 2185//5 2184//5 2217//5 2218//5
f 2186//5 2185//5 2218//5 2219//5
f 2187//5 2186//5 2219//5 2220//5
f 2188//5 2187//5 2220//5 2221//5
f 2189//3 2222//3 2223//3 2190//3
f 2190//3 2223//3 2224//3 2191//3
f 2191//3 2224//3 2225//3 2192//3
f 2192//3 2225//3 2226//3 2193//3
f 2193//3 2226//3 2227//3 2194//3
f 2194//3 2227//3 2228//3 2195//3
f 2195//3 2228//3 2229//3 2196//3
f 2196//3 2229//3 2230//3 2197//3
f 2197//3 2230//3 2231//3 2198//3
f 2198//3 2231//3 2232//3 2199//3
f 2199//3 2232//3 2233//3 2200//3
f 2200//3 2233//3 2234//3 2201//3
f 2201//3 2234//3 2235//3 2202//3
f 2202//3 2235//3 2236//3 2203//3
f 2203//3 2236//3 2237//3 2204//3
f 2206//5 2205//5 2238//5 2239//5
f 2204//3 2237//3 2238//3 2205//3
f 2207//5 2206//5 2239//5 2240//5
f 2208//5 2207//5 2240//5 2241//5
f 2209//5 2208//5 2241//5 2242//5
f 2210//5 2209//5 2242//5 2243//5
f 2211//5 2210//5 2243//5 2244//5
f 2212//5 2211//5 2244//5 2245//5
f 2213//5 2212//5 2245//5 2246//5
f 2214//5 2213//5 2246//5 2247//5
f 2215//5 2214//5 2247//5 2248//5
f 2216//5 2215//5 2248//5 2249//5
f 2217//5 2216//5 2249//5 2250//5
f 2218//5 2217//5 2250//5 2251//5
f 2219//5 2218//5 2251//5 2252//5
f 2220//5 2219//5 2252//5 2253//5
f 2221//5 2220//5 2253//5 2254//5
f 2222//3 2255//3 2256//3 2223//3
f 2223//3 2256//3 2257//3 2224//3
f 2224//3 2257//3 2258//3 2225//3
f 2225//3 2258//3 2259//3 2226//3
f 2226//3 2259//3 2260//3 2227//3
f 2227//3 2260//3 2261//3 2228//3
f 2228//3 2261//3 2262//3 2229//3
f 2229//3 2262//3 2263//3 2230//3
f 2230//3 2263//3 2264//3 2231//3
f 2231//3 2264//3 2265//3 2232//3
f 2232//3 2265//3 2266//3 2233//3
f 2233//3 2266//3 2267//3 2234//3
f 2234//3 2267//3 2268//3 2235//3
f 2235//3 2268//3 2269//3 2236//3
f 2236//3 2269//3 2270//3 2237//3
f 2239//5 2238//5 2271//5 2272//5
f 2237//3 2270//3 2271//3 2238//3
f 2240//5 2239//5 2272//5 2273//5
f 2241//5 2240//5 2273//5 2274//5
f 2242//5 2241//5 2274//5 2275//5
f 2243//5 2242//5 2275//5 2276//5
f 2244//5 2243//5 2276//5 2277//5
f 2245//5 2244//5 2277//5 2278//5
f 2246//5 2245//5 2278//5 2279//5
f 2247//5 2246//5 2279//5 2280//5
f 2248//5 2247//5 2280//5 2281//5
f 2249//5 2248//5 2281//5 2282//5
f 2250//5 2249//5 2282//5 2283//5
f 2251//5 2250//5 2283//5 2284//5
f 2252//5 2251//5 2284//5 2285//5
f 2253//5 2252//5 2285//5 2286//5
f 2254//5 2253//5 2286//5 2287//5
f 2255//3 2288//3 2289//3 2256//3
f 2256//3 2289//3 2290//3 2257//3
f 2257//3 2290//3 2291//3 2258//3
f 2258//3 2291//3 2292//3 2259//3
f 2259//3 2292//3 2293//3 2260//3
f 2260//3 2293//3 2294//3 2261//3
f 2261//3 2294//3 2295//3 2262//3
f 2262//3 2295//3 2296//3 2263//3
f 2263//3 2296//3 2297//3 2264//3
f 2264//3 2297//3 2298//3 2265//3
f 2265//3 2298//3 2299//3 2266//3
f 2266//3 2299//3 2300//3 2267//3
f 2267//3 2300//3 2301//3 2268//3
f 2268//3 2301//3 2302//3 2269//3
f 2269//3 2302//3 2303//3 2270//3
f 2272//5 2271//5 2304//5 2305//5
f 2270//3 2303//3 2304//3 2271//3
f 2273//5 2272//5 2305//5 2306//5
f 2274//5 2273//5 2306//5 2307//5
f 2275//5 2274//5 2307//5 2308//5
f 2276//5 2275//5 2308//5 2309//5
f 2277//5 2276//5 2309//5 2310//5
f 2278//5 2277//5 2310//5 2311//5
f 2279//5 2278//5 2311//5 2312//5
f 2280//5 2279//5 2312//5 2313//5
f 2281//5 2280//5 2313//5 2314//5
f 2282//5 2281//5 2314//5 2315//5
f 2283//5 2282//5 2315//5 2316//5
f 2284//5 2283//5 2316//5 2317//5
f 2285//5 2284//5 2317//5 2318//5
f 2286//5 2285//5 2318//5 2319//5
f 2287//5 2286//5 2319//5 2320//5
f 2288//3 2321//3 2322//3 2289//3
f 2289//3 2322//3 2323//3 2290//3
f 2290//3 2323//3 2324//3 2291//3
f 2291//3 2324//3 2325//3 2292//3
f 2292//3 2325//3 2326//3 2293//3
f 2293//3 2326//3 2327//3 2294//3
f 2294//3 2327//3 2328//3 2295//3
f 2295//3 2328//3 2329//3 2296//3
f 2296//3 2329//3 2330//3 2297//3
f 2297//3 2330//3 2331//3 2298//3
f 2298//3 2331//3 2332//3 2299//3
f 2299//3 2332//3 2333//3 2300//3
f 2300//3 2333//3 2334//3 2301//3
f 2301//3 2334//3 2335//3 2302//3
f 2302//3 2335//3 2336//3 2303//3
f 2305//5 2304//5 2337//5 2338//5
f 2303//3 2336//3 2337//3 2304//3
f 2306//5 2305//5 2338//5 2339//5
f 2307//5 2306//5 2339//5 2340//5
f 2308//5 2307//5 2340//5 2341//5
f 2309//5 2308//5 2341//5 2342//5
f 2310//5 2309//5 2342//5 2343//5
f 2311//5 2310//5 2343//5 2344//5
f 2312//5 2311//5 2344//5 2345//5
f 2313//5 2312//5 2345//5 2346//5
f 2314//5 2313//5 2346//5 2347//5
f 2315//5 2314//5 2347//5 2348//5
f 2316//5 2315//5 2348//5 2349//5
f 2317//5 2316//5 2349//5 2350//5
f 2318//5 2317//5 2350//5 2351//5
f 2319//5 2318//5 2351//5 2352//5
f 2320//5 2319//5 2352//5 2353//5
f 2321//3 2354//3 2355//3 2322//3
f 2322//3 2355//3 2356//3 2323//3
f 2323//3 2356//3 2357//3 2324//3
f 2324//3 2357//3 2358//3 2325//3
f 2325//3 2358//3 2359//3 2326//3
f 2326//3 2359//3 2360//3 2327//3
f 2327//3 2360//3 2361//3 2328//3
f 2328//3 2361//3 2362//3 2329//3
f 2329//3 2362//3 2363//3 2330//3
f 2330//3 2363//3 2364//3 2331//3
f 2331//3 2364//3 2365//3 2332//3
f 2332//3 2365//3 2366//3 2333//3
f 2333//3 2366//3 2367//3 2334//3
f 2334//3 2367//3 2368//3 2335//3
f 2335//3 2368//3 2369//3 2336//3
f 2338//5 2337//5 2370//5 2371//5
f 2336//3 2369//3 2370//3 2337//3
f 2339//5 2338//5 2371//5 2372//5
f 2340//5 2339//5 2372//5 2373//5
f 2341//5 2340//5 2373//5 2374//5
f 2342//5 2341//5 2374//5 2375//5
f 2343//5 2342//5 2375//5 2376//5
f 2344//5 2343//5 2376//5 2377//5
f 2345//5 2344//5 2377//5 2378//5
f 2346//5 2345//5 2378//5 2379//5
f 2347//5 2346//5 2379//5 2380//5
f 2348//5 2347//5 2380//5 2381//5
f 2349//5 2348//5 2381//5 2382//5
f 2350//5 2349//5 2382//5 2383//5
f 2351//5 2350//5 2383//5 2384//5
f 2352//5 2351//5 2384//5 2385//5
f 2353//5 2352//5 2385//5 2386//5
f 2354//3 2387//3 2388//3 2355//3
f 2355//3 2388//3 2389//3 2356//3
f 2356//3 2389//3 2390//3 2357//3
f 2357//3 2390//3 2391//3 2358//3
f 2358//3 2391//3 2392//3 2359//3
f 2359//3 2392//3 2393//3 2360//3
f 2360//3 2393//3 2394//3 2361//3
f 2361//3 2394//3 2395//3 2362//3
f 2362//3 2395//3 2396//3 2363//3
f 2363//3 2396//3 2397//3 2364//3
f 2364//3 2397//3 2398//3 2365//3
f 2365//3 2398//3 2399//3 2366//3
f 2366//3 2399//3 2400//3 2367//3
f 2367//3 2400//3 2401//3 2368//3
f 2368//3 2401//3 2402//3 2369//3
f 2371//5 2370//5 2403//5 2404//5
f 2369//3 2402//3 2403//3 2370//3
f 2372//5 2371//5 2404//5 2405//5
f 2373//5 2372//5 2405//5 2406//5
f 2374//5 2373//5 2406//5 2407//5
f 2375//5 2374//5 2407//5 2408//5
f 2376//5 2375//5 2408//5 2409//5
f 2377//5 2376//5 2409//5 2410//5
f 2378//5 2377//5 2410//5 2411//5
f 2379//5 2378//5 2411//5 2412//5
f 2380//5 2379//5 2412//5 2413//5
f 2381//5 2380//5 2413//5 2414//5
f 2382//5 2381//5 2414//5 2415//5
f 2383//5 2382//5 2415//5 2416//5
f 2384//5 2383//5 2416//5 2417//5
f 2385//5 2384//5 2417//5 2418//5
f 2386//5 2385//5 2418//5 2419//5
f 1638//2 1637//2 2420//2 2421//2
f 2421//2 2420//2 2422//2 2423//2
f 2423//2 2422//2 2424//2 2425//2
f 2425//2 2424//2 2426//2 2427//2
f 2427//2 2426//2 2428//2 2429//2
f 2429//2 2428//2 2430//2 2431//2
f 2431//2 2430//2 2432//2 2433//2
f 2433//2 2432//2 2434//2 2435//2
f 2435//2 2434//2 2436//2 2437//2
f 2437//2 2436//2 2438//2 2439//2
f 2439//2 2438//2 2440//2 2441//2
f 2441//2 2440//2 2442//2 2443//2
f 2443//2 2442//2 2444//2 2445//2
f 2445//2 2444//2 2446//2 2447//2
f 2447//2 2446//2 2448//2 2449//2
f 2449//2 2448//2 2450//2 2451//2
f 2451//4 2450//4 2452//4 2453//4
f 1637//2 1656//2 2454//2 2420//2
f 2420//2 2454//2 2455//2 2422//2
f 2422//2 2455//2 2456//2 2424//2
f 2424//2 2456//2 2457//2 2426//2
f 2426//2 2457//2 2458//2 2428//2
f 2428//2 2458//2 2459//2 2430//2
f 2430//2 2459//2 2460//2 2432//2
f 2432//2 2460//2 2461//2 2434//2
f 2434//2 2461//2 2462//2 2436//2
f 2436//2 2462//2 2463//2 2438//2
f 2438//2 2463//2 2464//2 2440//2
f 2440//2 2464//2 2465//2 2442//2
f 2442//2 2465//2 2466//2 2444//2
f 2444//2 2466//2 2467//2 2446//2
f 2446//2 2467//2 2468//2 2448//2
f 2448//2 2468//2 2469//2 2450//2
f 2450//4 2469//4 2470//4 2452//4
f 1656//2 1674//2 2471//2 2454//2
f 2454//2 2471//2 2472//2 2455//2
f 2455//2 2472//2 2473//2 2456//2
f 2456//2 2473//2 2474//2 2457//2
f 2457//2 2474//2 2475//2 2458//2
f 2458//2 2475//2 2476//2 2459//2
f 2459//2 2476//2 2477//2 2460//2
f 2460//2 2477//2 2478//2 2461//2
f 2461//2 2478//2 2479//2 2462//2
f 2462//2 2479//2 2480//2 2463//2
f 2463//2 2480//2 2481//2 2464//2
f 2464//2 2481//2 2482//2 2465//2
f 2465//2 2482//2 2483//2 2466//2
f 2466//2 2483//2 2484//2 2467//2
f 2467//2 2484//2 2485//2 2468//2
f 2468//2 2485//2 2486//2 2469//2
f 2469//4 2486//4 2487//4 2470//4
f 1674//2 1692//2 2488//2 2471//2
f 2471//2 2488//2 2489//2 2472//2
f 2472//2 2489//2 2490//2 2473//2
f 2473//2 2490//2 2491//2 2474//2
f 2474//2 2491//2 2492//2 2475//2
f 2475//2 2492//2 2493//2 2476//2
f 2476//2 2493//2 2494//2 2477//2
f 2477//2 2494//2 2495//2 2478//2
f 2478//2 2495//2 2496//2 2479//2
f 2479//2 2496//2 2497//2 2480//2
f 2480//2 2497//2 2498//2 2481//2
f 2481//2 2498//2 2499//2 2482//2
f 2482//2 2499//2 2500//2 2483//2
f 2483//2 2500//2 2501//2 2484//2
f 2484//2 2501//2 2502//2 2485//2
f 2485//2 2502//2 2503//2 2486//2
f 2486//4 2503//4 2504//4 2487//4
f 1692//2 1710//2 2505//2 2488//2
f 2488//2 2505//2 2506//2 2489//2
f 2489//2 2506//2 2507//2 2490//2
f 2490//2 2507//2 2508//2 2491//2
f 2491//2 2508//2 2509//2 2492//2
f 2492//2 2509//2 2510//2 2493//2
f 2493//2 2510//2 2511//2 2494//2
f 2494//2 2511//2 2512//2 2495//2
f 2495//2 2512//2 2513//2 2496//2
f 2496//2 2513//2 2514//2 2497//2
f 2497//2 2514//2 2515//2 2498//2
f 2498//2 2515//2 2516//2 2499//2
f 2499//2 2516//2 2517//2 2500//2
f 2500//2 2517//2 2518//2 2501//2
f 2501//2 2518//2 2519//2 2502//2
f 2502//2 2519//2 2520//2 2503//2
f 2503//4 2520//4 2521//4 2504//4
f 1710//2 1728//2 2522//2 2505//2
f 2505//2 2522//2 2523//2 2506//2
f 2506//2 2523//2 2524//2 2507//2
f 2507//2 2524//2 2525//2 2508//2
f 2508//2 2525//2 2526//2 2509//2
f 2509//2 2526//2 2527//2 2510//2
f 2510//2 2527//2 2528//2 2511//2
f 2511//2 2528//2 2529//2 2512//2
f 2512//2 2529//2 2530//2 2513//2
f 2513//2 2530//2 2531//2 2514//2
f 2514//2 2531//2 2532//2 2515//2
f 2515//2 2532//2 2533//2 2516//2
f 2516//2 2533//2 2534//2 2517//2
f 2517//2 2534//2 2535//2 2518//2
f 2518//2 2535//2 2536//2 2519//2
f 2519//2 2536//2 2537//2 2520//2
f 2520//4 2537//4 2538//4 2521//4
f 1728//2 1746//2 2539//2 2522//2
f 2522//2 2539//2 2540//2 2523//2
f 2523//2 2540//2 2541//2 2524//2
f 2524//2 2541//2 2542//2 2525//2
f 2525//2 2542//2 2543//2 2526//2
f 2526//2 2543//2 2544//2 2527//2
f 2527//2 2544//2 2545//2 2528//2
f 2528//2 2545//2 2546//2 2529//2
f 2529//2 2546//2 2547//2 2530//2
f 2530//2 2547//2 2548//2 2531//2
f 2531//2 2548//2 2549//2 2532//2
f 2532//2 2549//2 2550//2 2533//2
f 2533//2 2550//2 2551//2 2534//2
f 2534//2 2551//2 2552//2 2535//2
f 2535//2 2552//2 2553//2 2536//2
f 2536//2 2553//2 2554//2 2537//2
f 2537//4 2554//4 2555//4 2538//4
f 1746//2 1764//2 2556//2 2539//2
f 2539//2 2556//2 2557//2 2540//2
f 2540//2 2557//2 2558//2 2541//2
f 2541//2 2558//2 2559//2 2542//2
f 2542//2 2559//2 2560//2 2543//2
f 2543//2 2560//2 2561//2 2544//2
f 2544//2 2561//2 2562//2 2545//2
f 2545//2 2562//2 2563//2 2546//2
f 2546//2 2563//2 2564//2 2547//2
f 2547//2 2564//2 2565//2 2548//2
f 2548//2 2565//2 2566//2 2549//2
f 2549//2 2566//2 2567//2 2550//2
f 2550//2 2567//2 2568//2 2551//2
f 2551//2 2568//2 2569//2 2552//2
f 2552//2 2569//2 2570//2 2553//2
f 2553//2 2570//2 2571//2 2554//2
f 2554//4 2571//4 2572//4 2555//4
f 1764//2 1782//2 2573//2 2556//2
f 2556//2 2573//2 2574//2 2557//2
f 2557//2 2574//2 2575//2 2558//2
f 2558//2 2575//2 2576//2 2559//2
f 2559//2 2576//2 2577//2 2560//2
f 2560//2 2577//2 2578//2 2561//2
f 2561//2 2578//2 2579//2 2562//2
f 2562//2 2579//2 2580//2 2563//2
f 2563//2 2580//2 2581//2 2564//2
f 2564//2 2581//2 2582//2 2565//2
f 2565//2 2582//2 2583//2 2566//2
f 2566//2 2583//2 2584//2 2567//2
f 2567//2 2584//2 2585//2 2568//2
f 2568//2 2585//2 2586//2 2569//2
f 2569//2 2586//2 2587//2 2570//2
f 2570//2 2587//2 2588//2 2571//2
f 2571//4 2588//4 2589//4 2572//4
f 1782//2 1800//2 2590//2 2573//2
f 2573//2 2590//2 2591//2 2574//2
f 2574//2 2591//2 2592//2 2575//2
f 2575//2 2592//2 2593//2 2576//2
f 2576//2 2593//2 2594//2 2577//2
f 2577//2 2594//2 2595//2 2578//2
f 2578//2 2595//2 2596//2 2579//2
f 2579//2 2596//2 2597//2 2580//2
f 2580//2 2597//2 2598//2 2581//2
f 2581//2 2598//2 2599//2 2582//2
f 2582//2 2599//2 2600//2 2583//2
f 2583//2 2600//2 2601//2 2584//2
f 2584//2 2601//2 2602//2 2585//2
f 2585//2 2602//2 2603//2 2586//2
f 2586//2 2603//2 2604//2 2587//2
f 2587//2 2604//2 2605//2 2588//2
f 2588//4 2605//4 2606//4 2589//4
f 1800//2 1818//2 2607//2 2590//2
f 2590//2 2607//2 2608//2 2591//2
f 2591//2 2608//2 2609//2 2592//2
f 2592//2 2609//2 2610//2 2593//2
f 2593//2 2610//2 2611//2 2594//2
f 2594//2 2611//2 2612//2 2595//2
f 2595//2 2612//2 2613//2 2596//2
f 2596//2 2613//2 2614//2 2597//2
f 2597//2 2614//2 2615//2 2598//2
f 2598//2 2615//2 2616//2 2599//2
f 2599//2 2616//2 2617//2 2600//2
f 2600//2 2617//2 2618//2 2601//2
f 2601//2 2618//2 2619//2 2602//2
f 2602//2 2619//2 2620//2 2603//2
f 2603//2 2620//2 2621//2 2604//2
f 2604//2 2621//2 2622//2 2605//2
f 2605//4 2622//4 2623//4 2606//4
f 1818//2 1836//2 2624//2 2607//2
f 2607//2 2624//2 2625//2 2608//2
f 2608//2 2625//2 2626//2 2609//2
f 2609//2 2626//2 2627//2 2610//2
f 2610//2 2627//2 2628//2 2611//2
f 2611//2 2628//2 2629//2 2612//2
f 2612//2 2629//2 2630//2 2613//2
f 2613//2 2630//2 2631//2 2614//2
f 2614//2 2631//2 2632//2 2615//2
f 2615//2 2632//2 2633//2 2616//2
f 2616//2 2633//2 2634//2 2617//2
f 2617//2 2634//2 2635//2 2618//2
f 2618//2 2635//2 2636//2 2619//2
f 2619//2 2636//2 2637//2 2620//2
f 2620//2 2637//2 2638//2 2621//2
f 2621//2 2638//2 2639//2 2622//2
f 2622//4 2639//4 2640//4 2623//4
f 1836//2 1854//2 2641//2 2624//2
f 2624//2 2641//2 2642//2 2625//2
f 2625//2 2642//2 2643//2 2626//2
f 2626//2 2643//2 2644//2 2627//2
f 2627//2 2644//2 2645//2 2628//2
f 2628//2 2645//2 2646//2 2629//2
f 2629//2 2646//2 2647//2 2630//2
f 2630//2 2647//2 2648//2 2631//2
f 2631//2 2648//2 2649//2 2632//2
f 2632//2 2649//2 2650//2 2633//2
f 2633//2 2650//2 2651//2 2634//2
f 2634//2 2651//2 2652//2 2635//2
f 2635//2 2652//2 2653//2 2636//2
f 2636//2 2653//2 2654//2 2637//2
f 2637//2 2654//2 2655//2 2638//2
f 2638//2 2655//2 2656//2 2639//2
f 2639//4 2656//4 2657//4 2640//4
f 1854//2 1872//2 2658//2 2641//2
f 2641//2 2658//2 2659//2 2642//2
f 2642//2 2659//2 2660//2 2643//2
f 2643//2 2660//2 2661//2 2644//2
f 2644//2 2661//2 2662//2 2645//2
f 2645//2 2662//2 2663//2 2646//2
f 2646//2 2663//2 2664//2 2647//2
f 2647//2 2664//2 2665//2 2648//2
f 2648//2 2665//2 2666//2 2649//2
f 2649//2 2666//2 2667//2 2650//2
f 2650//2 2667//2 2668//2 2651//2
f 2651//2 2668//2 2669//2 2652//2
f 2652//2 2669//2 2670//2 2653//2
f 2653//2 2670//2 2671//2 2654//2
f 2654//2 2671//2 2672//2 2655//2
f 2655//2 2672//2 2673//2 2656//2
f 2656//4 2673//4 2674//4 2657//4
f 1872//2 1890//2 2675//2 2658//2
f 2658//2 2675//2 2676//2 2659//2
f 2659//2 2676//2 2677//2 2660//2
f 2660//2 2677//2 2678//2 2661//2
f 2661//2 2678//2 2679//2 2662//2
f 2662//2 2679//2 2680//2 2663//2
f 2663//2 2680//2 2681//2 2664//2
f 2664//2 2681//2 2682//2 2665//2
f 2665//2 2682//2 2683//2 2666//2
f 2666//2 2683//2 2684//2 2667//2
f 2667//2 2684//2 2685//2 2668//2
f 2668//2 2685//2 2686//2 2669//2
f 2669//2 2686//2 2687//2 2670//2
f 2670//2 2687//2 2688//2 2671//2
f 2671//2 2688//2 2689//2 2672//2
f 2672//2 2689//2 2690//2 2673//2
f 2673//4 2690//4 2691//4 2674//4
f 2692//5 1923//5 1924//5 2693//5
f 1890//2 1923//2 2692//2 2675//2
f 2694//5 2692//5 2693//5 2695//5
f 2675//2 2692//2 2694//2 2676//2
f 2696//5 2694//5 2695//5 2697//5
f 2676//2 2694//2 2696//2 2677//2
f 2698//5 2696//5 2697//5 2699//5
f 2677//2 2696//2 2698//2 2678//2
f 2700//5 2698//5 2699//5 2701//5
f 2678//2 2698//2 2700//2 2679//2
f 2702//5 2700//5 2701//5 2703//5
f 2679//2 2700//2 2702//2 2680//2
f 2704//5 2702//5 2703//5 2705//5
f 2680//2 2702//2 2704//2 2681//2
f 2706//5 2704//5 2705//5 2707//5
f 2681//2 2704//2 2706//2 2682//2
f 2708//5 2706//5 2707//5 2709//5
f 2682//2 2706//2 2708//2 2683//2
f 2710//5 2708//5 2709//5 2711//5
f 2683//2 2708//2 2710//2 2684//2
f 2712//5 2710//5 2711//5 2713//5
f 2684//2 2710//2 2712//2 2685//2
f 2714//5 2712//5 2713//5 2715//5
f 2685//2 2712//2 2714//2 2686//2
f 2716//5 2714//5 2715//5 2717//5
f 2686//2 2714//2 2716//2 2687//2
f 2718//5 2716//5 2717//5 2719//5
f 2687//2 2716//2 2718//2 2688//2
f 2720//5 2718//5 2719//5 2721//5
f 2688//2 2718//2 2720//2 2689//2
f 2722//5 2720//5 2721//5 2723//5
f 2689//2 2720//2 2722//2 2690//2
f 2690//4 2722//4 2723//4 2691//4
f 2453//4 2452//4 2724//4 2725//4
f 2452//4 2470//4 2726//4 2724//4
f 2470//4 2487//4 2727//4 2726//4
f 2487//4 2504//4 2728//4 2727//4
f 2504//4 2521//4 2729//4 2728//4
f 2521//4 2538//4 2730//4 2729//4
f 2538//4 2555//4 2731//4 2730//4
f 2555//4 2572//4 2732//4 2731//4
f 2572//4 2589//4 2733//4 2732//4
f 2589//4 2606//4 2734//4 2733//4
f 2606//4 2623//4 2735//4 2734//4
f 2623//4 2640//4 2736//4 2735//4
f 2640//4 2657//4 2737//4 2736//4
f 2657//4 2674//4 2738//4 2737//4
f 2674//4 2691//4 2739//4 2738//4
f 2693//5 1924//5 1957//5 2740//5
f 2695//5 2693//5 2740//5 2741//5
f 2697//5 2695//5 2741//5 2742//5
f 2699//5 2697//5 2742//5 2743//5
f 2701//5 2699//5 2743//5 2744//5
f 2703//5 2701//5 2744//5 2745//5
f 2705//5 2703//5 2745//5 2746//5
f 2707//5 2705//5 2746//5 2747//5
f 2709//5 2707//5 2747//5 2748//5
f 2711//5 2709//5 2748//5 2749//5
f 2713//5 2711//5 2749//5 2750//5
f 2715//5 2713//5 2750//5 2751//5
f 2717//5 2715//5 2751//5 2752//5
f 2719//5 2717//5 2752//5 2753//5
f 2721//5 2719//5 2753//5 2754//5
f 2723//5 2721//5 2754//5 2755//5
f 2691//4 2723//4 2755//4 2739//4
f 2725//4 2724//4 2756//4 2757//4
f 2724//4 2726//4 2758//4 2756//4
f 2726//4 2727//4 2759//4 2758//4
f 2727//4 2728//4 2760//4 2759//4
f 2728//4 2729//4 2761//4 2760//4
f 2729//4 2730//4 2762//4 2761//4
f 2730//4 2731//4 2763//4 2762//4
f 2731//4 2732//4 2764//4 2763//4
f 2732//4 2733//4 2765//4 2764//4
f 2733//4 2734//4 2766//4 2765//4
f 2734//4 2735//4 2767//4 2766//4
f 2735//4 2736//4 2768//4 2767//4
f 2736//4 2737//4 2769//4 2768//4
f 2737//4 2738//4 2770//4 2769//4
f 2738//4 2739//4 2771//4 2770//4
f 2740//5 1957//5 1990//5 2772//5
f 2741//5 2740//5 2772//5 2773//5
f 2742//5 2741//5 2773//5 2774//5
f 2743//5 2742//5 2774//5 2775//5
f 2744//5 2743//5 2775//5 2776//5
f 2745//5 2744//5 2776//5 2777//5
f 2746//5 2745//5 2777//5 2778//5
f 2747//5 2746//5 2778//5 2779//5
f 2748//5 2747//5 2779//5 2780//5
f 2749//5 2748//5 2780//5 2781//5
f 2750//5 2749//5 2781//5 2782//5
f 2751//5 2750//5 2782//5 2783//5
f 2752//5 2751//5 2783//5 2784//5
f 2753//5 2752//5 2784//5 2785//5
f 2754//5 2753//5 2785//5 2786//5
f 2755//5 2754//5 2786//5 2787//5
f 2739//4 2755//4 2787//4 2771//4
f 2757//4 2756//4 2788//4 2789//4
f 2756//4 2758//4 2790//4 2788//4
f 2758//4 2759//4 2791//4 2790//4
f 2759//4 2760//4 2792//4 2791//4
f 2760//4 2761//4 2793//4 2792//4
f 2761//4 2762//4 2794//4 2793//4
f 2762//4 2763//4 2795//4 2794//4
f 2763//4 2764//4 2796//4 2795//4
f 2764//4 2765//4 2797//4 2796//4
f 2765//4 2766//4 2798//4 2797//4
f 2766//4 2767//4 2799//4 2798//4
f 2767//4 2768//4 2800//4 2799//4
f 2768//4 2769//4 2801//4 2800//4
f 2769//4 2770//4 2802//4 2801//4
f 2770//4 2771//4 2803//4 2802//4
f 2772//5 1990//5 2023//5 2804//5
f 2773//5 2772//5 2804//5 2805//5
f 2774//5 2773//5 2805//5 2806//5
f 2775//5 2774//5 2806//5 2807//5
f 2776//5 2775//5 2807//5 2808//5
f 2777//5 2776//5 2808//5 2809//5
f 2778//5 2777//5 2809//5 2810//5
f 2779//5 2778//5 2810//5 2811//5
f 2780//5 2779//5 2811//5 2812//5
f 2781//5 2780//5 2812//5 2813//5
f 2782//5 2781//5 2813//5 2814//5
f 2783//5 2782//5 2814//5 2815//5
f 2784//5 2783//5 2815//5 2816//5
f 2785//5 2784//5 2816//5 2817//5
f 2786//5 2785//5 2817//5 2818//5
f 2787//5 2786//5 2818//5 2819//5
f 2771//4 2787//4 2819//4 2803//4
f 2789//4 2788//4 2820//4 2821//4
f 2788//4 2790//4 2822//4 2820//4
f 2790//4 2791//4 2823//4 2822//4
f 2791//4 2792//4 2824//4 2823//4
f 2792//4 2793//4 2825//4 2824//4
f 2793//4 2794//4 2826//4 2825//4
f 2794//4 2795//4 2827//4 2826//4
f 2795//4 2796//4 2828//4 2827//4
f 2796//4 2797//4 2829//4 2828//4
f 2797//4 2798//4 2830//4 2829//4
f 2798//4 2799//4 2831//4 2830//4
f 2799//4 2800//4 2832//4 2831//4
f 2800//4 2801//4 2833//4 2832//4
f 2801//4 2802//4 2834//4 2833//4
f 2802//4 2803//4 2835//4 2834//4
f 2804//5 2023//5 2056//5 2836//5
f 2805//5 2804//5 2836//5 2837//5
f 2806//5 2805//5 2837//5 2838//5
f 2807//5 2806//5 2838//5 2839//5
f 2808//5 2807//5 2839//5 2840//5
f 2809//5 2808//5 2840//5 2841//5
f 2810//5 2809//5 2841//5 2842//5
f 2811//5 2810//5 2842//5 2843//5
f 2812//5 2811//5 2843//5 2844//5
f 2813//5 2812//5 2844//5 2845//5
f 2814//5 2813//5 2845//5 2846//5
f 2815//5 2814//5 2846//5 2847//5
f 2816//5 2815//5 2847//5 2848//5
f 2817//5 2816//5 2848//5 2849//5
f 2818//5 2817//5 2849//5 2850//5
f 2819//5 2818//5 2850//5 2851//5
f 2803//4 2819//4 2851//4 2835//4
f 2821//4 2820//4 2852//4 2853//4
f 2820//4 2822//4 2854//4 2852//4
f 2822//4 2823//4 2855//4 2854//4
f 2823//4 2824//4 2856//4 2855//4
f 2824//4 2825//4 2857//4 2856//4
f 2825//4 2826//4 2858//4 2857//4
f 2826//4 2827//4 2859//4 2858//4
f 2827//4 2828//4 2860//4 2859//4
f 2828//4 2829//4 2861//4 2860//4
f 2829//4 2830//4 2862//4 2861//4
f 2830//4 2831//4 2863//4 2862//4
f 2831//4 2832//4 2864//4 2863//4
f 2832//4 2833//4 2865//4 2864//4
f 2833//4 2834//4 2866//4 2865//4
f 2834//4 2835//4 2867//4 2866//4
f 2836//5 2056//5 2089//5 2868//5
f 2837//5 2836//5 2868//5 2869//5
f 2838//5 2837//5 2869//5 2870//5
f 2839//5 2838//5 2870//5 2871//5
f 2840//5 2839//5 2871//5 2872//5
f 2841//5 2840//5 2872//5 2873//5
f 2842//5 2841//5 2873//5 2874//5
f 2843//5 2842//5 2874//5 2875//5
f 2844//5 2843//5 2875//5 2876//5
f 2845//5 2844//5 2876//5 2877//5
f 2846//5 2845//5 2877//5 2878//5
f 2847//5 2846//5 2878//5 2879//5
f 2848//5 2847//5 2879//5 2880//5
f 2849//5 2848//5 2880//5 2881//5
f 2850//5 2849//5 2881//5 2882//5
f 2851//5 2850//5 2882//5 2883//5
f 2835//4 2851//4 2883//4 2867//4
f 2853//4 2852//4 2884//4 2885//4
f 2852//4 2854//4 2886//4 2884//4
f 2854//4 2855//4 2887//4 2886//4
f 2855//4 2856//4 2888//4 2887//4
f 2856//4 2857//4 2889//4 2888//4
f 2857//4 2858//4 2890//4 2889//4
f 2858//4 2859//4 2891//4 2890//4
f 2859//4 2860//4 2892//4 2891//4
f 2860//4 2861//4 2893//4 2892//4
f 2861//4 2862//4 2894//4 2893//4
f 2862//4 2863//4 2895//4 2894//4
f 2863//4 2864//4 2896//4 2895//4
f 2864//4 2865//4 2897//4 2896//4
f 2865//4 2866//4 2898//4 2897//4
f 2866//4 2867//4 2899//4 2898//4
f 2868//5 2089//5 2122//5 2900//5
f 2869//5 2868//5 2900//5 2901//5
f 2870//5 2869//5 2901//5 2902//5
f 2871//5 2870//5 2902//5 2903//5
f 2872//5 2871//5 2903//5 2904//5
f 2873//5 2872//5 2904//5 2905//5
f 2874//5 2873//5 2905//5 2906//5
f 2875//5 2874//5 2906//5 2907//5
f 2876//5 2875//5 2907//5 2908//5
f 2877//5 2876//5 2908//5 2909//5
f 2878//5 2877//5 2909//5 2910//5
f 2879//5 2878//5 2910//5 2911//5
f 2880//5 2879//5 2911//5 2912//5
f 2881//5 2880//5 2912//5 2913//5
f 2882//5 2881//5 2913//5 2914//5
f 2883//5 2882//5 2914//5 2915//5
f 2867//4 2883//4 2915//4 2899//4
f 2885//4 2884//4 2916//4 2917//4
f 2884//4 2886//4 2918//4 2916//4
f 2886//4 2887//4 2919//4 2918//4
f 2887//4 2888//4 2920//4 2919//4
f 2888//4 2889//4 2921//4 2920//4
f 2889//4 2890//4 2922//4 2921//4
f 2890//4 2891//4 2923//4 2922//4
f 2891//4 2892//4 2924//4 2923//4
f 2892//4 2893//4 2925//4 2924//4
f 2893//4 2894//4 2926//4 2925//4
f 2894//4 2895//4 2927//4 2926//4
f 2895//4 2896//4 2928//4 2927//4
f 2896//4 2897//4 2929//4 2928//4
f 2897//4 2898//4 2930//4 2929//4
f 2898//4 2899//4 2931//4 2930//4
f 2900//5 2122//5 2155//5 2932//5
f 2901//5 2900//5 2932//5 2933//5
f 2902//5 2901//5 2933//5 2934//5
f 2903//5 2902//5 2934//5 2935//5
f 2904//5 2903//5 2935//5 2936//5
f 2905//5 2904//5 2936//5 2937//5
f 2906//5 2905//5 2937//5 2938//5
f 2907//5 2906//5 2938//5 2939//5
f 2908//5 2907//5 2939//5 2940//5
f 2909//5 2908//5 2940//5 2941//5
f 2910//5 2909//5 2941//5 2942//5
f 2911//5 2910//5 2942//5 2943//5
f 2912//5 2911//5 2943//5 2944//5
f 2913//5 2912//5 2944//5 2945//5
f 2914//5 2913//5 2945//5 2946//5
f 2915//5 2914//5 2946//5 2947//5
f 2899//4 2915//4 2947//4 2931//4
f 2917//4 2916//4 2948//4 2949//4
f 2916//4 2918//4 2950//4 2948//4
f 2918//4 2919//4 2951//4 2950//4
f 2919//4 2920//4 2952//4 2951//4
f 2920//4 2921//4 2953//4 2952//4
f 2921//4 2922//4 2954//4 2953//4
f 2922//4 2923//4 2955//4 2954//4
f 2923//4 2924//4 2956//4 2955//4
f 2924//4 2925//4 2957//4 2956//4
f 2925//4 2926//4 2958//4 2957//4
f 2926//4 2927//4 2959//4 2958//4
f 2927//4 2928//4 2960//4 2959//4
f 2928//4 2929//4 2961//4 2960//4
f 2929//4 2930//4 2962//4 2961//4
f 2930//4 2931//4 2963//4 2962//4
f 2932//5 2155//5 2188//5 2964//5
f 2933//5 2932//5 2964//5 2965//5
f 2934//5 2933//5 2965//5 2966//5
f 2935//5 2934//5 2966//5 2967//5
f 2936//5 2935//5 2967//5 2968//5
f 2937//5 2936//5 2968//5 2969//5
f 2938//5 2937//5 2969//5 2970//5
f 2939//5 2938//5 2970//5 2971//5
f 2940//5 2939//5 2971//5 2972//5
f 2941//5 2940//5 2972//5 2973//5
f 2942//5 2941//5 2973//5 2974//5
f 2943//5 2942//5 2974//5 2975//5
f 2944//5 2943//5 2975//5 2976//5
f 2945//5 2944//5 2976//5 2977//5
f 2946//5 2945//5 2977//5 2978//5
f 2947//5 2946//5 2978//5 2979//5
f 2931//4 2947//4 2979//4 2963//4
f 2949//4 2948//4 2980//4 2981//4
f 2948//4 2950//4 2982//4 2980//4
f 2950//4 2951//4 2983//4 2982//4
f 2951//4 2952//4 2984//4 2983//4
f 2952//4 2953//4 2985//4 2984//4
f 2953//4 2954//4 2986//4 2985//4
f 2954//4 2955//4 2987//4 2986//4
f 2955//4 2956//4 2988//4 2987//4
f 2956//4 2957//4 2989//4 2988//4
f 2957//4 2958//4 2990//4 2989//4
f 2958//4 2959//4 2991//4 2990//4
f 2959//4 2960//4 2992//4 2991//4
f 2960//4 2961//4 2993//4 2992//4
f 2961//4 2962//4 2994//4 2993//4
f 2962//4 2963//4 2995//4 2994//4
f 2964//5 2188//5 2221//5 2996//5
f 2965//5 2964//5 2996//5 2997//5
f 2966//5 2965//5 2997//5 2998//5
f 2967//5 2966//5 2998//5 2999//5
f 2968//5 2967//5 2999//5 3000//5
f 2969//5 2968//5 3000//5 3001//5
f 2970//5 2969//5 3001//5 3002//5
f 2971//5 2970//5 3002//5 3003//5
f 2972//5 2971//5 3003//5 3004//5
f 2973//5 2972//5 3004//5 3005//5
f 2974//5 2973//5 3005//5 3006//5
f 2975//5 2974//5 3006//5 3007//5
f 2976//5 2975//5 3007//5 3008//5
f 2977//5 2976//5 3008//5 3009//5
f 2978//5 2977//5 3009//5 3010//5
f 2979//5 2978//5 3010//5 3011//5
f 2963//4 2979//4 3011//4 2995//4
f 2981//4 2980//4 3012//4 3013//4
f 2980//4 2982//4 3014//4 3012//4
f 2982//4 2983//4 3015//4 3014//4
f 2983//4 2984//4 3016//4 3015//4
f 2984//4 2985//4 3017//4 3016//4
f 2985//4 2986//4 3018//4 3017//4
f 2986//4 2987//4 3019//4 3018//4
f 2987//4 2988//4 3020//4 3019//4
f 2988//4 2989//4 3021//4 3020//4
f 2989//4 2990//4 3022//4 3021//4
f 2990//4 2991//4 3023//4 3022//4
f 2991//4 2992//4 3024//4 3023//4
f 2992//4 2993//4 3025//4 3024//4
f 2993//4 2994//4 3026//4 3025//4
f 2994//4 2995//4 3027//4 3026//4
f 2996//5 2221//5 2254//5 3028//5
f 2997//5 2996//5 3028//5 3029//5
f 2998//5 2997//5 3029//5 3030//5
f 2999//5 2998//5 3030//5 3031//5
f 3000//5 2999//5 3031//5 3032//5
f 3001//5 3000//5 3032//5 3033//5
f 3002//5 3001//5 3033//5 3034//5
f 3003//5 3002//5 3034//5 3035//5
f 3004//5 3003//5 3035//5 3036//5
f 3005//5 3004//5 3036//5 3037//5
f 3006//5 3005//5 3037//5 3038//5
f 3007//5 3006//5 3038//5 3039//5
f 3008//5 3007//5 3039//5 3040//5
f 3009//5 3008//5 3040//5 3041//5
f 3010//5 3009//5 3041//5 3042//5
f 3011//5 3010//5 3042//5 3043//5
f 2995//4 3011//4 3043//4 3027//4
f 3013//4 3012//4 3044//4 3045//4
f 3012//4 3014//4 3046//4 3044//4
f 3014//4 3015//4 3047//4 3046//4
f 3015//4 3016//4 3048//4 3047//4
f 3016//4 3017//4 3049//4 3048//4
f 3017//4 3018//4 3050//4 3049//4
f 3018//4 3019//4 3051//4 3050//4
f 3019//4 3020//4 3052//4 3051//4
f 3020//4 3021//4 3053//4 3052//4
f 3021//4 3022//4 3054//4 3053//4
f 3022//4 3023//4 3055//4 3054//4
f 3023//4 3024//4 3056//4 3055//4
f 3024//4 3025//4 3057//4 3056//4
f 3025//4 3026//4 3058//4 3057//4
f 3026//4 3027//4 3059//4 3058//4
f 3028//5 2254//5 2287//5 3060//5
f 3029//5 3028//5 3060//5 3061//5
f 3030//5 3029//5 3061//5 3062//5
f 3031//5 3030//5 3062//5 3063//5
f 3032//5 3031//5 3063//5 3064//5
f 3033//5 3032//5 3064//5 3065//5
f 3034//5 3033//5 3065//5 3066//5
f 3035//5 3034//5 3066//5 3067//5
f 3036//5 3035//5 3067//5 3068//5
f 3037//5 3036//5 3068//5 3069//5
f 3038//5 3037//5 3069//5 3070//5
f 3039//5 3038//5 3070//5 3071//5
f 3040//5 3039//5 3071//5 3072//5
f 3041//5 3040//5 3072//5 3073//5
f 3042//5 3041//5 3073//5 3074//5
f 3043//5 3042//5 3074//5 3075//5
f 3027//4 3043//4 3075//4 3059//4
f 3045//4 3044//4 3076//4 3077//4
f 3044//4 3046//4 3078//4 3076//4
f 3046//4 3047//4 3079//4 3078//4
f 3047//4 3048//4 3080//4 3079//4
f 3048//4 3049//4 3081//4 3080//4
f 3049//4 3050//4 3082//4 3081//4
f 3050//4 3051//4 3083//4 3082//4
f 3051//4 3052//4 3084//4 3083//4
f 3052//4 3053//4 3085//4 3084//4
f 3053//4 3054//4 3086//4 3085//4
f 3054//4 3055//4 3087//4 3086//4
f 3055//4 3056//4 3088//4 3087//4
f 3056//4 3057//4 3089//4 3088//4
f 3057//4 3058//4 3090//4 3089//4
f 3058//4 3059//4 3091//4 3090//4
f 3060//5 2287//5 2320//5 3092//5
f 3061//5 3060//5 3092//5 3093//5
f 3062//5 3061//5 3093//5 3094//5
f 3063//5 3062//5 3094//5 3095//5
f 3064//5 3063//5 3095//5 3096//5
f 3065//5 3064//5 3096//5 3097//5
f 3066//5 3065//5 3097//5 3098//5
f 3067//5 3066//5 3098//5 3099//5
f 3068//5 3067//5 3099//5 3100//5
f 3069//5 3068//5 3100//5 3101//5
f 3070//5 3069//5 3101//5 3102//5
f 3071//5 3070//5 3102//5 3103//5
f 3072//5 3071//5 3103//5 3104//5
f 3073//5 3072//5 3104//5 3105//5
f 3074//5 3073//5 3105//5 3106//5
f 3075//5 3074//5 3106//5 3107//5
f 3059//4 3075//4 3107//4 3091//4
f 3077//4 3076//4 3108//4 3109//4
f 3076//4 3078//4 3110//4 3108//4
f 3078//4 3079//4 3111//4 3110//4
f 3079//4 3080//4 3112//4 3111//4
f 3080//4 3081//4 3113//4 3112//4
f 3081//4 3082//4 3114//4 3113//4
f 3082//4 3083//4 3115//4 3114//4
f 3083//4 3084//4 3116//4 3115//4
f 3084//4 3085//4 3117//4 3116//4
f 3085//4 3086//4 3118//4 3117//4
f 3086//4 3087//4 3119//4 3118//4
f 3087//4 3088//4 3120//4 3119//4
f 3088//4 3089//4 3121//4 3120//4
f 3089//4 3090//4 3122//4 3121//4
f 3090//4 3091//4 3123//4 3122//4
f 3092//5 2320//5 2353//5 3124//5
f 3093//5 3092//5 3124//5 3125//5
f 3094//5 3093//5 3125//5 3126//5
f 3095//5 3094//5 3126//5 3127//5
f 3096//5 3095//5 3127//5 3128//5
f 3097//5 3096//5 3128//5 3129//5
f 3098//5 3097//5 3129//5 3130//5
f 3099//5 3098//5 3130//5 3131//5
f 3100//5 3099//5 3131//5 3132//5
f 3101//5 3100//5 3132//5 3133//5
f 3102//5 3101//5 3133//5 3134//5
f 3103//5 3102//5 3134//5 3135//5
f 3104//5 3103//5 3135//5 3136//5
f 3105//5 3104//5 3136//5 3137//5
f 3106//5 3105//5 3137//5 3138//5
f 3107//5 3106//5 3138//5 3139//5
f 3091//4 3107//4 3139//4 3123//4
f 3109//4 3108//4 3140//4 3141//4
f 3108//4 3110//4 3142//4 3140//4
f 3110//4 3111//4 3143//4 3142//4
f 3111//4 3112//4 3144//4 3143//4
f 3112//4 3113//4 3145//4 3144//4
f 3113//4 3114//4 3146//4 3145//4
f 3114//4 3115//4 3147//4 3146//4
f 3115//4 3116//4 3148//4 3147//4
f 3116//4 3117//4 3149//4 3148//4
f 3117//4 3118//4 3150//4 3149//4
f 3118//4 3119//4 3151//4 3150//4
f 3119//4 3120//4 3152//4 3151//4
f 3120//4 3121//4 3153//4 3152//4
f 3121//4 3122//4 3154//4 3153//4
f 3122//4 3123//4 3155//4 3154//4
f 3124//5 2353//5 2386//5 3156//5
f 3125//5 3124//5 3156//5 3157//5
f 3126//5 3125//5 3157//5 3158//5
f 3127//5 3126//5 3158//5 3159//5
f 3128//5 3127//5 3159//5 3160//5
f 3129//5 3128//5 3160//5 3161//5
f 3130//5 3129//5 3161//5 3162//5
f 3131//5 3130//5 3162//5 3163//5
f 3132//5 3131//5 3163//5 3164//5
f 3133//5 3132//5 3164//5 3165//5
f 3134//5 3133//5 3165//5 3166//5
f 3135//5 3134//5 3166//5 3167//5
f 3136//5 3135//5 3167//5 3168//5
f 3137//5 3136//5 3168//5 3169//5
f 3138//5 3137//5 3169//5 3170//5
f 3139//5 3138//5 3170//5 3171//5
f 3123//4 3139//4 3171//4 3155//4
f 3141//4 3140//4 3172//4 3173//4
f 3140//4 3142//4 3174//4 3172//4
f 3142//4 3143//4 3175//4 3174//4
f 3143//4 3144//4 3176//4 3175//4
f 3144//4 3145//4 3177//4 3176//4
f 3145//4 3146//4 3178//4 3177//4
f 3146//4 3147//4 3179//4 3178//4
f 3147//4 3148//4 3180//4 3179//4
f 3148//4 3149//4 3181//4 3180//4
f 3149//4 3150//4 3182//4 3181//4
f 3150//4 3151//4 3183//4 3182//4
f 3151//4 3152//4 3184//4 3183//4
f 3152//4 3153//4 3185//4 3184//4
f 3153//4 3154//4 3186//4 3185//4
f 3154//4 3155//4 3187//4 3186//4
f 3156//5 2386//5 2419//5 3188//5
f 3157//5 3156//5 3188//5 3189//5
f 3158//5 3157//5 3189//5 3190//5
f 3159//5 3158//5 3190//5 3191//5
f 3160//5 3159//5 3191//5 3192//5
f 3161//5 3160//5 3192//5 3193//5
f 3162//5 3161//5 3193//5 3194//5
f 3163//5 3162//5 3194//5 3195//5
f 3164//5 3163//5 3195//5 3196//5
f 3165//5 3164//5 3196//5 3197//5
f 3166//5 3165//5 3197//5 3198//5
f 3167//5 3166//5 3198//5 3199//5
f 3168//5 3167//5 3199//5 3200//5
f 3169//5 3168//5 3200//5 3201//5
f 3170//5 3169//5 3201//5 3202//5
f 3171//5 3170//5 3202//5 3203//5
f 3155//4 3171//4 3203//4 3187//4
f 3204//1 3205//1 3206//1 3207//1
f 3204//3 3207//3 3208//3 3209//3
f 3205//1 3210//1 3211//1 3206//1
f 3210//1 3212//1 3213//1 3211//1
f 3212//1 3214//1 3215//1 3213//1
f 3214//1 3216//1 3217//1 3215//1
f 3216//1 3218//1 3219//1 3217//1
f 3218//1 3220//1 3221//1 3219//1
f 3220//1 3222//1 3223//1 3221//1
f 3222//1 3224//1 3225//1 3223//1
f 3224//1 3226//1 3227//1 3225//1
f 3226//1 3228//1 3229//1 3227//1
f 3228//1 3230//1 3231//1 3229//1
f 3230//1 3232//1 3233//1 3231//1
f 3232//1 3234//1 3235//1 3233//1
f 3234//1 3236//1 3237//1 3235//1
f 3236//1 3238//1 3239//1 3237//1
f 3209//3 3208//3 3240//3 3241//3
f 3241//3 3240//3 3242//3 3243//3
f 3243//3 3242//3 3244//3 3245//3
f 3245//3 3244//3 3246//3 3247//3
f 3247//3 3246//3 3248//3 3249//3
f 3249//3 3248//3 3250//3 3251//3
f 3251//3 3250//3 3252//3 3253//3
f 3253//3 3252//3 3254//3 3255//3
f 3255//3 3254//3 3256//3 3257//3
f 3257//3 3256//3 3258//3 3259//3
f 3259//3 3258//3 3260//3 3261//3
f 3261//3 3260//3 3262//3 3263//3
f 3263//3 3262//3 3264//3 3265//3
f 3265//3 3264//3 3266//3 3267//3
f 3267//3 3266//3 3268//3 2387//3
f 3207//1 3206//1 3269//1 3270//1
f 3207//3 3270//3 3271//3 3208//3
f 3206//1 3211//1 3272//1 3269//1
f 3211//1 3213//1 3273//1 3272//1
f 3213//1 3215//1 3274//1 3273//1
f 3215//1 3217//1 3275//1 3274//1
f 3217//1 3219//1 3276//1 3275//1
f 3219//1 3221//1 3277//1 3276//1
f 3221//1 3223//1 3278//1 3277//1
f 3223//1 3225//1 3279//1 3278//1
f 3225//1 3227//1 3280//1 3279//1
f 3227//1 3229//1 3281//1 3280//1
f 3229//1 3231//1 3282//1 3281//1
f 3231//1 3233//1 3283//1 3282//1
f 3233//1 3235//1 3284//1 3283//1
f 3235//1 3237//1 3285//1 3284//1
f 3237//1 3239//1 3286//1 3285//1
f 3208//3 3271//3 3287//3 3240//3
f 3240//3 3287//3 3288//3 3242//3
f 3242//3 3288//3 3289//3 3244//3
f 3244//3 3289//3 3290//3 3246//3
f 3246//3 3290//3 3291//3 3248//3
f 3248//3 3291//3 3292//3 3250//3
f 3250//3 3292//3 3293//3 3252//3
f 3252//3 3293//3 3294//3 3254//3
f 3254//3 3294//3 3295//3 3256//3
f 3256//3 3295//3 3296//3 3258//3
f 3258//3 3296//3 3297//3 3260//3
f 3260//3 3297//3 3298//3 3262//3
f 3262//3 3298//3 3299//3 3264//3
f 3264//3 3299//3 3300//3 3266//3
f 3266//3 3300//3 3301//3 3268//3
f 3270//1 3269//1 3302//1 3303//1
f 3270//3 3303//3 3304//3 3271//3
f 3269//1 3272//1 3305//1 3302//1
f 3272//1 3273//1 3306//1 3305//1
f 3273//1 3274//1 3307//1 3306//1
f 3274//1 3275//1 3308//1 3307//1
f 3275//1 3276//1 3309//1 3308//1
f 3276//1 3277//1 3310//1 3309//1
f 3277//1 3278//1 3311//1 3310//1
f 3278//1 3279//1 3312//1 3311//1
f 3279//1 3280//1 3313//1 3312//1
f 3280//1 3281//1 3314//1 3313//1
f 3281//1 3282//1 3315//1 3314//1
f 3282//1 3283//1 3316//1 3315//1
f 3283//1 3284//1 3317//1 3316//1
f 3284//1 3285//1 3318//1 3317//1
f 3285//1 3286//1 3319//1 3318//1
f 3271//3 3304//3 3320//3 3287//3
f 3287//3 3320//3 3321//3 3288//3
f 3288//3 3321//3 3322//3 3289//3
f 3289//3 3322//3 3323//3 3290//3
f 3290//3 3323//3 3324//3 3291//3
f 3291//3 3324//3 3325//3 3292//3
f 3292//3 3325//3 3326//3 3293//3
f 3293//3 3326//3 3327//3 3294//3
f 3294//3 3327//3 3328//3 3295//3
f 3295//3 3328//3 3329//3 3296//3
f 3296//3 3329//3 3330//3 3297//3
f 3297//3 3330//3 3331//3 3298//3
f 3298//3 3331//3 3332//3 3299//3
f 3299//3 3332//3 3333//3 3300//3
f 3300//3 3333//3 3334//3 3301//3
f 3303//1 3302//1 3335//1 3336//1
f 3303//3 3336//3 3337//3 3304//3
f 3302//1 3305//1 3338//1 3335//1
f 3305//1 3306//1 3339//1 3338//1
f 3306//1 3307//1 3340//1 3339//1
f 3307//1 3308//1 3341//1 3340//1
f 3308//1 3309//1 3342//1 3341//1
f 3309//1 3310//1 3343//1 3342//1
f 3310//1 3311//1 3344//1 3343//1
f 3311//1 3312//1 3345//1 3344//1
f 3312//1 3313//1 3346//1 3345//1
f 3313//1 3314//1 3347//1 3346//1
f 3314//1 3315//1 3348//1 3347//1
f 3315//1 3316//1 3349//1 3348//1
f 3316//1 3317//1 3350//1 3349//1
f 3317//1 3318//1 3351//1 3350//1
f 3318//1 3319//1 3352//1 3351//1
f 3304//3 3337//3 3353//3 3320//3
f 3320//3 3353//3 3354//3 3321//3
f 3321//3 3354//3 3355//3 3322//3
f 3322//3 3355//3 3356//3 3323//3
f 3323//3 3356//3 3357//3 3324//3
f 3324//3 3357//3 3358//3 3325//3
f 3325//3 3358//3 3359//3 3326//3
f 3326//3 3359//3 3360//3 3327//3
f 3327//3 3360//3 3361//3 3328//3
f 3328//3 3361//3 3362//3 3329//3
f 3329//3 3362//3 3363//3 3330//3
f 3330//3 3363//3 3364//3 3331//3
f 3331//3 3364//3 3365//3 3332//3
f 3332//3 3365//3 3366//3 3333//3
f 3333//3 3366//3 3367//3 3334//3
f 3336//1 3335//1 3368//1 3369//1
f 3336//3 3369//3 3370//3 3337//3
f 3335//1 3338//1 3371//1 3368//1
f 3338//1 3339//1 3372//1 3371//1
f 3339//1 3340//1 3373//1 3372//1
f 3340//1 3341//1 3374//1 3373//1
f 3341//1 3342//1 3375//1 3374//1
f 3342//1 3343//1 3376//1 3375//1
f 3343//1 3344//1 3377//1 3376//1
f 3344//1 3345//1 3378//1 3377//1
f 3345//1 3346//1 3379//1 3378//1
f 3346//1 3347//1 3380//1 3379//1
f 3347//1 3348//1 3381//1 3380//1
f 3348//1 3349//1 3382//1 3381//1
f 3349//1 3350//1 3383//1 3382//1
f 3350//1 3351//1 3384//1 3383//1
f 3351//1 3352//1 3385//1 3384//1
f 3337//3 3370//3 3386//3 3353//3
f 3353//3 3386//3 3387//3 3354//3
f 3354//3 3387//3 3388//3 3355//3
f 3355//3 3388//3 3389//3 3356//3
f 3356//3 3389//3 3390//3 3357//3
f 3357//3 3390//3 3391//3 3358//3
f 3358//3 3391//3 3392//3 3359//3
f 3359//3 3392//3 3393//3 3360//3
f 3360//3 3393//3 3394//3 3361//3
f 3361//3 3394//3 3395//3 3362//3
f 3362//3 3395//3 3396//3 3363//3
f 3363//3 3396//3 3397//3 3364//3
f 3364//3 3397//3 3398//3 3365//3
f 3365//3 3398//3 3399//3 3366//3
f 3366//3 3399//3 3400//3 3367//3
f 3369//1 3368//1 3401//1 3402//1
f 3369//3 3402//3 3403//3 3370//3
f 3368//1 3371//1 3404//1 3401//1
f 3371//1 3372//1 3405//1 3404//1
f 3372//1 3373//1 3406//1 3405//1
f 3373//1 3374//1 3407//1 3406//1
f 3374//1 3375//1 3408//1 3407//1
f 3375//1 3376//1 3409//1 3408//1
f 3376//1 3377//1 3410//1 3409//1
f 3377//1 3378//1 3411//1 3410//1
f 3378//1 3379//1 3412//1 3411//1
f 3379//1 3380//1 3413//1 3412//1
f 3380//1 3381//1 3414//1 3413//1
f 3381//1 3382//1 3415//1 3414//1
f 3382//1 3383//1 3416//1 3415//1
f 3383//1 3384//1 3417//1 3416//1
f 3384//1 3385//1 3418//1 3417//1
f 3370//3 3403//3 3419//3 3386//3
f 3386//3 3419//3 3420//3 3387//3
f 3387//3 3420//3 3421//3 3388//3
f 3388//3 3421//3 3422//3 3389//3
f 3389//3 3422//3 3423//3 3390//3
f 3390//3 3423//3 3424//3 3391//3
f 3391//3 3424//3 3425//3 3392//3
f 3392//3 3425//3 3426//3 3393//3
f 3393//3 3426//3 3427//3 3394//3
f 3394//3 3427//3 3428//3 3395//3
f 3395//3 3428//3 3429//3 3396//3
f 3396//3 3429//3 3430//3 3397//3
f 3397//3 3430//3 3431//3 3398//3
f 3398//3 3431//3 3432//3 3399//3
f 3399//3 3432//3 3433//3 3400//3
f 3402//1 3401//1 3434//1 3435//1
f 3402//3 3435//3 3436//3 3403//3
f 3401//1 3404//1 3437//1 3434//1
f 3404//1 3405//1 3438//1 3437//1
f 3405//1 3406//1 3439//1 3438//1
f 3406//1 3407//1 3440//1 3439//1
f 3407//1 3408//1 3441//1 3440//1
f 3408//1 3409//1 3442//1 3441//1
f 3409//1 3410//1 3443//1 3442//1
f 3410//1 3411//1 3444//1 3443//1
f 3411//1 3412//1 3445//1 3444//1
f 3412//1 3413//1 3446//1 3445//1
f 3413//1 3414//1 3447//1 3446//1
f 3414//1 3415//1 3448//1 3447//1
f 3415//1 3416//1 3449//1 3448//1
f 3416//1 3417//1 3450//1 3449//1
f 3417//1 3418//1 3451//1 3450//1
f 3403//3 3436//3 3452//3 3419//3
f 3419//3 3452//3 3453//3 3420//3
f 3420//3 3453//3 3454//3 3421//3
f 3421//3 3454//3 3455//3 3422//3
f 3422//3 3455//3 3456//3 3423//3
f 3423//3 3456//3 3457//3 3424//3
f 3424//3 3457//3 3458//3 3425//3
f 3425//3 3458//3 3459//3 3426//3
f 3426//3 3459//3 3460//3 3427//3
f 3427//3 3460//3 3461//3 3428//3
f 3428//3 3461//3 3462//3 3429//3
f 3429//3 3462//3 3463//3 3430//3
f 3430//3 3463//3 3464//3 3431//3
f 3431//3 3464//3 3465//3 3432//3
f 3432//3 3465//3 3466//3 3433//3
f 3435//1 3434//1 3467//1 3468//1
f 3435//3 3468//3 3469//3 3436//3
f 3434//1 3437//1 3470//1 3467//1
f 3437//1 3438//1 3471//1 3470//1
f 3438//1 3439//1 3472//1 3471//1
f 3439//1 3440//1 3473//1 3472//1
f 3440//1 3441//1 3474//1 3473//1
f 3441//1 3442//1 3475//1 3474//1
f 3442//1 3443//1 3476//1 3475//1
f 3443//1 3444//1 3477//1 3476//1
f 3444//1 3445//1 3478//1 3477//1
f 3445//1 3446//1 3479//1 3478//1
f 3446//1 3447//1 3480//1 3479//1
f 3447//1 3448//1 3481//1 3480//1
f 3448//1 3449//1 3482//1 3481//1
f 3449//1 3450//1 3483//1 3482//1
f 3450//1 3451//1 3484//1 3483//1
f 3436//3 3469//3 3485//3 3452//3
f 3452//3 3485//3 3486//3 3453//3
f 3453//3 3486//3 3487//3 3454//3
f 3454//3 3487//3 3488//3 3455//3
f 3455//3 3488//3 3489//3 3456//3
f 3456//3 3489//3 3490//3 3457//3
f 3457//3 3490//3 3491//3 3458//3
f 3458//3 3491//3 3492//3 3459//3
f 3459//3 3492//3 3493//3 3460//3
f 3460//3 3493//3 3494//3 3461//3
f 3461//3 3494//3 3495//3 3462//3
f 3462//3 3495//3 3496//3 3463//3
f 3463//3 3496//3 3497//3 3464//3
f 3464//3 3497//3 3498//3 3465//3
f 3465//3 3498//3 3499//3 3466//3
f 3468//1 3467//1 3500//1 3501//1
f 3468//3 3501//3 3502//3 3469//3
f 3467//1 3470//1 3503//1 3500//1
f 3470//1 3471//1 3504//1 3503//1
f 3471//1 3472//1 3505//1 3504//1
f 3472//1 3473//1 3506//1 3505//1
f 3473//1 3474//1 3507//1 3506//1
f 3474//1 3475//1 3508//1 3507//1
f 3475//1 3476//1 3509//1 3508//1
f 3476//1 3477//1 3510//1 3509//1
f 3477//1 3478//1 3511//1 3510//1
f 3478//1 3479//1 3512//1 3511//1
f 3479//1 3480//1 3513//1 3512//1
f 3480//1 3481//1 3514//1 3513//1
f 3481//1 3482//1 3515//1 3514//1
f 3482//1 3483//1 3516//1 3515//1
f 3483//1 3484//1 3517//1 3516//1
f 3469//3 3502//3 3518//3 3485//3
f 3485//3 3518//3 3519//3 3486//3
f 3486//3 3519//3 3520//3 3487//3
f 3487//3 3520//3 3521//3 3488//3
f 3488//3 3521//3 3522//3 3489//3
f 3489//3 3522//3 3523//3 3490//3
f 3490//3 3523//3 3524//3 3491//3
f 3491//3 3524//3 3525//3 3492//3
f 3492//3 3525//3 3526//3 3493//3
f 3493//3 3526//3 3527//3 3494//3
f 3494//3 3527//3 3528//3 3495//3
f 3495//3 3528//3 3529//3 3496//3
f 3496//3 3529//3 3530//3 3497//3
f 3497//3 3530//3 3531//3 3498//3
f 3498//3 3531//3 3532//3 3499//3
f 3501//1 3500//1 3533//1 3534//1
f 3501//3 3534//3 3535//3 3502//3
f 3500//1 3503//1 3536//1 3533//1
f 3503//1 3504//1 3537//1 3536//1
f 3504//1 3505//1 3538//1 3537//1
f 3505//1 3506//1 3539//1 3538//1
f 3506//1 3507//1 3540//1 3539//1
f 3507//1 3508//1 3541//1 3540//1
f 3508//1 3509//1 3542//1 3541//1
f 3509//1 3510//1 3543//1 3542//1
f 3510//1 3511//1 3544//1 3543//1
f 3511//1 3512//1 3545//1 3544//1
f 3512//1 3513//1 3546//1 3545//1
f 3513//1 3514//1 3547//1 3546//1
f 3514//1 3515//1 3548//1 3547//1
f 3515//1 3516//1 3549//1 3548//1
f 3516//1 3517//1 3550//1 3549//1
f 3502//3 3535//3 3551//3 3518//3
f 3518//3 3551//3 3552//3 3519//3
f 3519//3 3552//3 3553//3 3520//3
f 3520//3 3553//3 3554//3 3521//3
f 3521//3 3554//3 3555//3 3522//3
f 3522//3 3555//3 3556//3 3523//3
f 3523//3 3556//3 3557//3 3524//3
f 3524//3 3557//3 3558//3 3525//3
f 3525//3 3558//3 3559//3 3526//3
f 3526//3 3559//3 3560//3 3527//3
f 3527//3 3560//3 3561//3 3528//3
f 3528//3 3561//3 3562//3 3529//3
f 3529//3 3562//3 3563//3 3530//3
f 3530//3 3563//3 3564//3 3531//3
f 3531//3 3564//3 3565//3 3532//3
f 3534//1 3533//1 3566//1 3567//1
f 3534//3 3567//3 3568//3 3535//3
f 3533//1 3536//1 3569//1 3566//1
f 3536//1 3537//1 3570//1 3569//1
f 3537//1 3538//1 3571//1 3570//1
f 3538//1 3539//1 3572//1 3571//1
f 3539//1 3540//1 3573//1 3572//1
f 3540//1 3541//1 3574//1 3573//1
f 3541//1 3542//1 3575//1 3574//1
f 3542//1 3543//1 3576//1 3575//1
f 3543//1 3544//1 3577//1 3576//1
f 3544//1 3545//1 3578//1 3577//1
f 3545//1 3546//1 3579//1 3578//1
f 3546//1 3547//1 3580//1 3579//1
f 3547//1 3548//1 3581//1 3580//1
f 3548//1 3549//1 3582//1 3581//1
f 3549//1 3550//1 3583//1 3582//1
f 3535//3 3568//3 3584//3 3551//3
f 3551//3 3584//3 3585//3 3552//3
f 3552//3 3585//3 3586//3 3553//3
f 3553//3 3586//3 3587//3 3554//3
f 3554//3 3587//3 3588//3 3555//3
f 3555//3 3588//3 3589//3 3556//3
f 3556//3 3589//3 3590//3 3557//3
f 3557//3 3590//3 3591//3 3558//3
f 3558//3 3591//3 3592//3 3559//3
f 3559//3 3592//3 3593//3 3560//3
f 3560//3 3593//3 3594//3 3561//3
f 3561//3 3594//3 3595//3 3562//3
f 3562//3 3595//3 3596//3 3563//3
f 3563//3 3596//3 3597//3 3564//3
f 3564//3 3597//3 3598//3 3565//3
f 3567//1 3566//1 3599//1 3600//1
f 3567//3 3600//3 3601//3 3568//3
f 3566//1 3569//1 3602//1 3599//1
f 3569//1 3570//1 3603//1 3602//1
f 3570//1 3571//1 3604//1 3603//1
f 3571//1 3572//1 3605//1 3604//1
f 3572//1 3573//1 3606//1 3605//1
f 3573//1 3574//1 3607//1 3606//1
f 3574//1 3575//1 3608//1 3607//1
f 3575//1 3576//1 3609//1 3608//1
f 3576//1 3577//1 3610//1 3609//1
f 3577//1 3578//1 3611//1 3610//1
f 3578//1 3579//1 3612//1 3611//1
f 3579//1 3580//1 3613//1 3612//1
f 3580//1 3581//1 3614//1 3613//1
f 3581//1 3582//1 3615//1 3614//1
f 3582//1 3583//1 3616//1 3615//1
f 3568//3 3601//3 3617//3 3584//3
f 3584//3 3617//3 3618//3 3585//3
f 3585//3 3618//3 3619//3 3586//3
f 3586//3 3619//3 3620//3 3587//3
f 3587//3 3620//3 3621//3 3588//3
f 3588//3 3621//3 3622//3 3589//3
f 3589//3 3622//3 3623//3 3590//3
f 3590//3 3623//3 3624//3 3591//3
f 3591//3 3624//3 3625//3 3592//3
f 3592//3 3625//3 3626//3 3593//3
f 3593//3 3626//3 3627//3 3594//3
f 3594//3 3627//3 3628//3 3595//3
f 3595//3 3628//3 3629//3 3596//3
f 3596//3 3629//3 3630//3 3597//3
f 3597//3 3630//3 3631//3 3598//3
f 3600//1 3599//1 3632//1 3633//1
f 3600//3 3633//3 3634//3 3601//3
f 3599//1 3602//1 3635//1 3632//1
f 3602//1 3603//1 3636//1 3635//1
f 3603//1 3604//1 3637//1 3636//1
f 3604//1 3605//1 3638//1 3637//1
f 3605//1 3606//1 3639//1 3638//1
f 3606//1 3607//1 3640//1 3639//1
f 3607//1 3608//1 3641//1 3640//1
f 3608//1 3609//1 3642//1 3641//1
f 3609//1 3610//1 3643//1 3642//1
f 3610//1 3611//1 3644//1 3643//1
f 3611//1 3612//1 3645//1 3644//1
f 3612//1 3613//1 3646//1 3645//1
f 3613//1 3614//1 3647//1 3646//1
f 3614//1 3615//1 3648//1 3647//1
f 3615//1 3616//1 3649//1 3648//1
f 3601//3 3634//3 3650//3 3617//3
f 3617//3 3650//3 3651//3 3618//3
f 3618//3 3651//3 3652//3 3619//3
f 3619//3 3652//3 3653//3 3620//3
f 3620//3 3653//3 3654//3 3621//3
f 3621//3 3654//3 3655//3 3622//3
f 3622//3 3655//3 3656//3 3623//3
f 3623//3 3656//3 3657//3 3624//3
f 3624//3 3657//3 3658//3 3625//3
f 3625//3 3658//3 3659//3 3626//3
f 3626//3 3659//3 3660//3 3627//3
f 3627//3 3660//3 3661//3 3628//3
f 3628//3 3661//3 3662//3 3629//3
f 3629//3 3662//3 3663//3 3630//3
f 3630//3 3663//3 3664//3 3631//3
f 3633//1 3632//1 3665//1 3666//1
f 3633//3 3666//3 3667//3 3634//3
f 3632//1 3635//1 3668//1 3665//1
f 3635//1 3636//1 3669//1 3668//1
f 3636//1 3637//1 3670//1 3669//1
f 3637//1 3638//1 3671//1 3670//1
f 3638//1 3639//1 3672//1 3671//1
f 3639//1 3640//1 3673//1 3672//1
f 3640//1 3641//1 3674//1 3673//1
f 3641//1 3642//1 3675//1 3674//1
f 3642//1 3643//1 3676//1 3675//1
f 3643//1 3644//1 3677//1 3676//1
f 3644//1 3645//1 3678//1 3677//1
f 3645//1 3646//1 3679//1 3678//1
f 3646//1 3647//1 3680//1 3679//1
f 3647//1 3648//1 3681//1 3680//1
f 3648//1 3649//1 3682//1 3681//1
f 3634//3 3667//3 3683//3 3650//3
f 3650//3 3683//3 3684//3 3651//3
f 3651//3 3684//3 3685//3 3652//3
f 3652//3 3685//3 3686//3 3653//3
f 3653//3 3686//3 3687//3 3654//3
f 3654//3 3687//3 3688//3 3655//3
f 3655//3 3688//3 3689//3 3656//3
f 3656//3 3689//3 3690//3 3657//3
f 3657//3 3690//3 3691//3 3658//3
f 3658//3 3691//3 3692//3 3659//3
f 3659//3 3692//3 3693//3 3660//3
f 3660//3 3693//3 3694//3 3661//3
f 3661//3 3694//3 3695//3 3662//3
f 3662//3 3695//3 3696//3 3663//3
f 3663//3 3696//3 3697//3 3664//3
f 3666//1 3665//1 3698//1 3699//1
f 3666//3 3699//3 3700//3 3667//3
f 3665//1 3668//1 3701//1 3698//1
f 3668//1 3669//1 3702//1 3701//1
f 3669//1 3670//1 3703//1 3702//1
f 3670//1 3671//1 3704//1 3703//1
f 3671//1 3672//1 3705//1 3704//1
f 3672//1 3673//1 3706//1 3705//1
f 3673//1 3674//1 3707//1 3706//1
f 3674//1 3675//1 3708//1 3707//1
f 3675//1 3676//1 3709//1 3708//1
f 3676//1 3677//1 3710//1 3709//1
f 3677//1 3678//1 3711//1 3710//1
f 3678//1 3679//1 3712//1 3711//1
f 3679//1 3680//1 3713//1 3712//1
f 3680//1 3681//1 3714//1 3713//1
f 3681//1 3682//1 3715//1 3714//1
f 3667//3 3700//3 3716//3 3683//3
f 3683//3 3716//3 3717//3 3684//3
f 3684//3 3717//3 3718//3 3685//3
f 3685//3 3718//3 3719//3 3686//3
f 3686//3 3719//3 3720//3 3687//3
f 3687//3 3720//3 3721//3 3688//3
f 3688//3 3721//3 3722//3 3689//3
f 3689//3 3722//3 3723//3 3690//3
f 3690//3 3723//3 3724//3 3691//3
f 3691//3 3724//3 3725//3 3692//3
f 3692//3 3725//3 3726//3 3693//3
f 3693//3 3726//3 3727//3 3694//3
f 3694//3 3727//3 3728//3 3695//3
f 3695//3 3728//3 3729//3 3696//3
f 3696//3 3729//3 3730//3 3697//3
f 3699//1 3698//1 3731//1 3732//1
f 3731//6 3733//6 3734//6 3732//6
f 3699//3 3732//3 3734//3 3700//3
f 3698//1 3701//1 3735//1 3731//1
f 3735//6 3736//6 3733//6 3731//6
f 3701//1 3702//1 3737//1 3735//1
f 3737//6 3738//6 3736//6 3735//6
f 3702//1 3703//1 3739//1 3737//1
f 3739//6 3740//6 3738//6 3737//6
f 3703//1 3704//1 3741//1 3739//1
f 3741//6 3742//6 3740//6 3739//6
f 3704//1 3705//1 3743//1 3741//1
f 3743//6 3744//6 3742//6 3741//6
f 3705//1 3706//1 3745//1 3743//1
f 3745//6 3746//6 3744//6 3743//6
f 3706//1 3707//1 3747//1 3745//1
f 3747//6 3748//6 3746//6 3745//6
f 3707//1 3708//1 3749//1 3747//1
f 3749//6 3750//6 3748//6 3747//6
f 3708//1 3709//1 3751//1 3749//1
f 3751//6 3752//6 3750//6 3749//6
f 3709//1 3710//1 3753//1 3751//1
f 3753//6 3754//6 3752//6 3751//6
f 3710//1 3711//1 3755//1 3753//1
f 3755//6 3756//6 3754//6 3753//6
f 3711//1 3712//1 3757//1 3755//1
f 3757//6 3758//6 3756//6 3755//6
f 3712//1 3713//1 3759//1 3757//1
f 3759//6 3760//6 3758//6 3757//6
f 3713//1 3714//1 3761//1 3759//1
f 3761//6 3762//6 3760//6 3759//6
f 3714//1 3715//1 3763//1 3761//1
f 3763//6 3764//6 3762//6 3761//6
f 3733//6 3765//6 3766//6 3734//6
f 3700//3 3734//3 3766//3 3716//3
f 3736//6 3767//6 3765//6 3733//6
f 3738//6 3768//6 3767//6 3736//6
f 3740//6 3769//6 3768//6 3738//6
f 3742//6 3770//6 3769//6 3740//6
f 3744//6 3771//6 3770//6 3742//6
f 3746//6 3772//6 3771//6 3744//6
f 3748//6 3773//6 3772//6 3746//6
f 3750//6 3774//6 3773//6 3748//6
f 3752//6 3775//6 3774//6 3750//6
f 3754//6 3776//6 3775//6 3752//6
f 3756//6 3777//6 3776//6 3754//6
f 3758//6 3778//6 3777//6 3756//6
f 3760//6 3779//6 3778//6 3758//6
f 3762//6 3780//6 3779//6 3760//6
f 3764//6 3781//6 3780//6 3762//6
f 3765//6 3782//6 3783//6 3766//6
f 3716//3 3766//3 3783//3 3717//3
f 3767//6 3784//6 3782//6 3765//6
f 3768//6 3785//6 3784//6 3767//6
f 3769//6 3786//6 3785//6 3768//6
f 3770//6 3787//6 3786//6 3769//6
f 3771//6 3788//6 3787//6 3770//6
f 3772//6 3789//6 3788//6 3771//6
f 3773//6 3790//6 3789//6 3772//6
f 3774//6 3791//6 3790//6 3773//6
f 3775//6 3792//6 3791//6 3774//6
f 3776//6 3793//6 3792//6 3775//6
f 3777//6 3794//6 3793//6 3776//6
f 3778//6 3795//6 3794//6 3777//6
f 3779//6 3796//6 3795//6 3778//6
f 3780//6 3797//6 3796//6 3779//6
f 3781//6 3798//6 3797//6 3780//6
f 3782//6 3799//6 3800//6 3783//6
f 3717//3 3783//3 3800//3 3718//3
f 3784//6 3801//6 3799//6 3782//6
f 3785//6 3802//6 3801//6 3784//6
f 3786//6 3803//6 3802//6 3785//6
f 3787//6 3804//6 3803//6 3786//6
f 3788//6 3805//6 3804//6 3787//6
f 3789//6 3806//6 3805//6 3788//6
f 3790//6 3807//6 3806//6 3789//6
f 3791//6 3808//6 3807//6 3790//6
f 3792//6 3809//6 3808//6 3791//6
f 3793//6 3810//6 3809//6 3792//6
f 3794//6 3811//6 3810//6 3793//6
f 3795//6 3812//6 3811//6 3794//6
f 3796//6 3813//6 3812//6 3795//6
f 3797//6 3814//6 3813//6 3796//6
f 3798//6 3815//6 3814//6 3797//6
f 3799//6 3816//6 3817//6 3800//6
f 3718//3 3800//3 3817//3 3719//3
f 3801//6 3818//6 3816//6 3799//6
f 3802//6 3819//6 3818//6 3801//6
f 3803//6 3820//6 3819//6 3802//6
f 3804//6 3821//6 3820//6 3803//6
f 3805//6 3822//6 3821//6 3804//6
f 3806//6 3823//6 3822//6 3805//6
f 3807//6 3824//6 3823//6 3806//6
f 3808//6 3825//6 3824//6 3807//6
f 3809//6 3826//6 3825//6 3808//6
f 3810//6 3827//6 3826//6 3809//6
f 3811//6 3828//6 3827//6 3810//6
f 3812//6 3829//6 3828//6 3811//6
f 3813//6 3830//6 3829//6 3812//6
f 3814//6 3831//6 3830//6 3813//6
f 3815//6 3832//6 3831//6 3814//6
f 3816//6 3833//6 3834//6 3817//6
f 3719//3 3817//3 3834//3 3720//3
f 3818//6 3835//6 3833//6 3816//6
f 3819//6 3836//6 3835//6 3818//6
f 3820//6 3837//6 3836//6 3819//6
f 3821//6 3838//6 3837//6 3820//6
f 3822//6 3839//6 3838//6 3821//6
f 3823//6 3840//6 3839//6 3822//6
f 3824//6 3841//6 3840//6 3823//6
f 3825//6 3842//6 3841//6 3824//6
f 3826//6 3843//6 3842//6 3825//6
f 3827//6 3844//6 3843//6 3826//6
f 3828//6 3845//6 3844//6 3827//6
f 3829//6 3846//6 3845//6 3828//6
f 3830//6 3847//6 3846//6 3829//6
f 3831//6 3848//6 3847//6 3830//6
f 3832//6 3849//6 3848//6 3831//6
f 3833//6 3850//6 3851//6 3834//6
f 3720//3 3834//3 3851//3 3721//3
f 3835//6 3852//6 3850//6 3833//6
f 3836//6 3853//6 3852//6 3835//6
f 3837//6 3854//6 3853//6 3836//6
f 3838//6 3855//6 3854//6 3837//6
f 3839//6 3856//6 3855//6 3838//6
f 3840//6 3857//6 3856//6 3839//6
f 3841//6 3858//6 3857//6 3840//6
f 3842//6 3859//6 3858//6 3841//6
f 3843//6 3860//6 3859//6 3842//6
f 3844//6 3861//6 3860//6 3843//6
f 3845//6 3862//6 3861//6 3844//6
f 3846//6 3863//6 3862//6 3845//6
f 3847//6 3864//6 3863//6 3846//6
f 3848//6 3865//6 3864//6 3847//6
f 3849//6 3866//6 3865//6 3848//6
f 3850//6 3867//6 3868//6 3851//6
f 3721//3 3851//3 3868//3 3722//3
f 3852//6 3869//6 3867//6 3850//6
f 3853//6 3870//6 3869//6 3852//6
f 3854//6 3871//6 3870//6 3853//6
f 3855//6 3872//6 3871//6 3854//6
f 3856//6 3873//6 3872//6 3855//6
f 3857//6 3874//6 3873//6 3856//6
f 3858//6 3875//6 3874//6 3857//6
f 3859//6 3876//6 3875//6 3858//6
f 3860//6 3877//6 3876//6 3859//6
f 3861//6 3878//6 3877//6 3860//6
f 3862//6 3879//6 3878//6 3861//6
f 3863//6 3880//6 3879//6 3862//6
f 3864//6 3881//6 3880//6 3863//6
f 3865//6 3882//6 3881//6 3864//6
f 3866//6 3883//6 3882//6 3865//6
f 3867//6 3884//6 3885//6 3868//6
f 3722//3 3868//3 3885//3 3723//3
f 3869//6 3886//6 3884//6 3867//6
f 3870//6 3887//6 3886//6 3869//6
f 3871//6 3888//6 3887//6 3870//6
f 3872//6 3889//6 3888//6 3871//6
f 3873//6 3890//6 3889//6 3872//6
f 3874//6 3891//6 3890//6 3873//6
f 3875//6 3892//6 3891//6 3874//6
f 3876//6 3893//6 3892//6 3875//6
f 3877//6 3894//6 3893//6 3876//6
f 3878//6 3895//6 3894//6 3877//6
f 3879//6 3896//6 3895//6 3878//6
f 3880//6 3897//6 3896//6 3879//6
f 3881//6 3898//6 3897//6 3880//6
f 3882//6 3899//6 3898//6 3881//6
f 3883//6 3900//6 3899//6 3882//6
f 3884//6 3901//6 3902//6 3885//6
f 3723//3 3885//3 3902//3 3724//3
f 3886//6 3903//6 3901//6 3884//6
f 3887//6 3904//6 3903//6 3886//6
f 3888//6 3905//6 3904//6 3887//6
f 3889//6 3906//6 3905//6 3888//6
f 3890//6 3907//6 3906//6 3889//6
f 3891//6 3908//6 3907//6 3890//6
f 3892//6 3909//6 3908//6 3891//6
f 3893//6 3910//6 3909//6 3892//6
f 3894//6 3911//6 3910//6 3893//6
f 3895//6 3912//6 3911//6 3894//6
f 3896//6 3913//6 3912//6 3895//6
f 3897//6 3914//6 3913//6 3896//6
f 3898//6 3915//6 3914//6 3897//6
f 3899//6 3916//6 3915//6 3898//6
f 3900//6 3917//6 3916//6 3899//6
f 3901//6 3918//6 3919//6 3902//6
f 3724//3 3902//3 3919//3 3725//3
f 3903//6 3920//6 3918//6 3901//6
f 3904//6 3921//6 3920//6 3903//6
f 3905//6 3922//6 3921//6 3904//6
f 3906//6 3923//6 3922//6 3905//6
f 3907//6 3924//6 3923//6 3906//6
f 3908//6 3925//6 3924//6 3907//6
f 3909//6 3926//6 3925//6 3908//6
f 3910//6 3927//6 3926//6 3909//6
f 3911//6 3928//6 3927//6 3910//6
f 3912//6 3929//6 3928//6 3911//6
f 3913//6 3930//6 3929//6 3912//6
f 3914//6 3931//6 3930//6 3913//6
f 3915//6 3932//6 3931//6 3914//6
f 3916//6 3933//6 3932//6 3915//6
f 3917//6 3934//6 3933//6 3916//6
f 3918//6 3935//6 3936//6 3919//6
f 3725//3 3919//3 3936//3 3726//3
f 3920//6 3937//6 3935//6 3918//6
f 3921//6 3938//6 3937//6 3920//6
f 3922//6 3939//6 3938//6 3921//6
f 3923//6 3940//6 3939//6 3922//6
f 3924//6 3941//6 3940//6 3923//6
f 3925//6 3942//6 3941//6 3924//6
f 3926//6 3943//6 3942//6 3925//6
f 3927//6 3944//6 3943//6 3926//6
f 3928//6 3945//6 3944//6 3927//6
f 3929//6 3946//6 3945//6 3928//6
f 3930//6 3947//6 3946//6 3929//6
f 3931//6 3948//6 3947//6 3930//6
f 3932//6 3949//6 3948//6 3931//6
f 3933//6 3950//6 3949//6 3932//6
f 3934//6 3951//6 3950//6 3933//6
f 3935//6 3952//6 3953//6 3936//6
f 3726//3 3936//3 3953//3 3727//3
f 3937//6 3954//6 3952//6 3935//6
f 3938//6 3955//6 3954//6 3937//6
f 3939//6 3956//6 3955//6 3938//6
f 3940//6 3957//6 3956//6 3939//6
f 3941//6 3958//6 3957//6 3940//6
f 3942//6 3959//6 3958//6 3941//6
f 3943//6 3960//6 3959//6 3942//6
f 3944//6 3961//6 3960//6 3943//6
f 3945//6 3962//6 3961//6 3944//6
f 3946//6 3963//6 3962//6 3945//6
f 3947//6 3964//6 3963//6 3946//6
f 3948//6 3965//6 3964//6 3947//6
f 3949//6 3966//6 3965//6 3948//6
f 3950//6 3967//6 3966//6 3949//6
f 3951//6 3968//6 3967//6 3950//6
f 3952//6 3969//6 3970//6 3953//6
f 3727//3 3953//3 3970//3 3728//3
f 3954//6 3971//6 3969//6 3952//6
f 3955//6 3972//6 3971//6 3954//6
f 3956//6 3973//6 3972//6 3955//6
f 3957//6 3974//6 3973//6 3956//6
f 3958//6 3975//6 3974//6 3957//6
f 3959//6 3976//6 3975//6 3958//6
f 3960//6 3977//6 3976//6 3959//6
f 3961//6 3978//6 3977//6 3960//6
f 3962//6 3979//6 3978//6 3961//6
f 3963//6 3980//6 3979//6 3962//6
f 3964//6 3981//6 3980//6 3963//6
f 3965//6 3982//6 3981//6 3964//6
f 3966//6 3983//6 3982//6 3965//6
f 3967//6 3984//6 3983//6 3966//6
f 3968//6 3985//6 3984//6 3967//6
f 3969//6 3986//6 3987//6 3970//6
f 3728//3 3970//3 3987//3 3729//3
f 3971//6 3988//6 3986//6 3969//6
f 3972//6 3989//6 3988//6 3971//6
f 3973//6 3990//6 3989//6 3972//6
f 3974//6 3991//6 3990//6 3973//6
f 3975//6 3992//6 3991//6 3974//6
f 3976//6 3993//6 3992//6 3975//6
f 3977//6 3994//6 3993//6 3976//6
f 3978//6 3995//6 3994//6 3977//6
f 3979//6 3996//6 3995//6 3978//6
f 3980//6 3997//6 3996//6 3979//6
f 3981//6 3998//6 3997//6 3980//6
f 3982//6 3999//6 3998//6 3981//6
f 3983//6 4000//6 3999//6 3982//6
f 3984//6 4001//6 4000//6 3983//6
f 3985//6 4002//6 4001//6 3984//6
f 3986//6 4003//6 4004//6 3987//6
f 3729//3 3987//3 4004//3 3730//3
f 3988//6 4005//6 4003//6 3986//6
f 3989//6 4006//6 4005//6 3988//6
f 3990//6 4007//6 4006//6 3989//6
f 3991//6 4008//6 4007//6 3990//6
f 3992//6 4009//6 4008//6 3991//6
f 3993//6 4010//6 4009//6 3992//6
f 3994//6 4011//6 4010//6 3993//6
f 3995//6 4012//6 4011//6 3994//6
f 3996//6 4013//6 4012//6 3995//6
f 3997//6 4014//6 4013//6 3996//6
f 3998//6 4015//6 4014//6 3997//6
f 3999//6 4016//6 4015//6 3998//6
f 4000//6 4017//6 4016//6 3999//6
f 4001//6 4018//6 4017//6 4000//6
f 4002//6 4019//6 4018//6 4001//6
f 3238//1 4020//1 4021//1 3239//1
f 4020//1 4022//1 4023//1 4021//1
f 4022//1 4024//1 4025//1 4023//1
f 4024//1 4026//1 4027//1 4025//1
f 4026//1 4028//1 4029//1 4027//1
f 4028//1 4030//1 4031//1 4029//1
f 4030//1 4032//1 4033//1 4031//1
f 4032//1 4034//1 4035//1 4033//1
f 4034//1 4036//1 4037//1 4035//1
f 4036//1 4038//1 4039//1 4037//1
f 4038//1 4040//1 4041//1 4039//1
f 4040//1 4042//1 4043//1 4041//1
f 4042//1 4044//1 4045//1 4043//1
f 4044//1 4046//1 4047//1 4045//1
f 4046//1 4048//1 4049//1 4047//1
f 4048//1 4050//1 4051//1 4049//1
f 4050//4 4052//4 4053//4 4051//4
f 4052//4 4054//4 4055//4 4053//4
f 4054//4 4056//4 4057//4 4055//4
f 4056//4 4058//4 4059//4 4057//4
f 4058//4 4060//4 4061//4 4059//4
f 4060//4 4062//4 4063//4 4061//4
f 4062//4 4064//4 4065//4 4063//4
f 4064//4 4066//4 4067//4 4065//4
f 4066//4 4068//4 4069//4 4067//4
f 4068//4 4070//4 4071//4 4069//4
f 4070//4 4072//4 4073//4 4071//4
f 4072//4 4074//4 4075//4 4073//4
f 4074//4 4076//4 4077//4 4075//4
f 4076//4 4078//4 4079//4 4077//4
f 4078//4 4080//4 4081//4 4079//4
f 4080//4 3173//4 4082//4 4081//4
f 3239//1 4021//1 4083//1 3286//1
f 4021//1 4023//1 4084//1 4083//1
f 4023//1 4025//1 4085//1 4084//1
f 4025//1 4027//1 4086//1 4085//1
f 4027//1 4029//1 4087//1 4086//1
f 4029//1 4031//1 4088//1 4087//1
f 4031//1 4033//1 4089//1 4088//1
f 4033//1 4035//1 4090//1 4089//1
f 4035//1 4037//1 4091//1 4090//1
f 4037//1 4039//1 4092//1 4091//1
f 4039//1 4041//1 4093//1 4092//1
f 4041//1 4043//1 4094//1 4093//1
f 4043//1 4045//1 4095//1 4094//1
f 4045//1 4047//1 4096//1 4095//1
f 4047//1 4049//1 4097//1 4096//1
f 4049//1 4051//1 4098//1 4097//1
f 4051//4 4053//4 4099//4 4098//4
f 4053//4 4055//4 4100//4 4099//4
f 4055//4 4057//4 4101//4 4100//4
f 4057//4 4059//4 4102//4 4101//4
f 4059//4 4061//4 4103//4 4102//4
f 4061//4 4063//4 4104//4 4103//4
f 4063//4 4065//4 4105//4 4104//4
f 4065//4 4067//4 4106//4 4105//4
f 4067//4 4069//4 4107//4 4106//4
f 4069//4 4071//4 4108//4 4107//4
f 4071//4 4073//4 4109//4 4108//4
f 4073//4 4075//4 4110//4 4109//4
f 4075//4 4077//4 4111//4 4110//4
f 4077//4 4079//4 4112//4 4111//4
f 4079//4 4081//4 4113//4 4112//4
f 4081//4 4082//4 4114//4 4113//4
f 3286//1 4083//1 4115//1 3319//1
f 4083//1 4084//1 4116//1 4115//1
f 4084//1 4085//1 4117//1 4116//1
f 4085//1 4086//1 4118//1 4117//1
f 4086//1 4087//1 4119//1 4118//1
f 4087//1 4088//1 4120//1 4119//1
f 4088//1 4089//1 4121//1 4120//1
f 4089//1 4090//1 4122//1 4121//1
f 4090//1 4091//1 4123//1 4122//1
f 4091//1 4092//1 4124//1 4123//1
f 4092//1 4093//1 4125//1 4124//1
f 4093//1 4094//1 4126//1 4125//1
f 4094//1 4095//1 4127//1 4126//1
f 4095//1 4096//1 4128//1 4127//1
f 4096//1 4097//1 4129//1 4128//1
f 4097//1 4098//1 4130//1 4129//1
f 4098//4 4099//4 4131//4 4130//4
f 4099//4 4100//4 4132//4 4131//4
f 4100//4 4101//4 4133//4 4132//4
f 4101//4 4102//4 4134//4 4133//4
f 4102//4 4103//4 4135//4 4134//4
f 4103//4 4104//4 4136//4 4135//4
f 4104//4 4105//4 4137//4 4136//4
f 4105//4 4106//4 4138//4 4137//4
f 4106//4 4107//4 4139//4 4138//4
f 4107//4 4108//4 4140//4 4139//4
f 4108//4 4109//4 4141//4 4140//4
f 4109//4 4110//4 4142//4 4141//4
f 4110//4 4111//4 4143//4 4142//4
f 4111//4 4112//4 4144//4 4143//4
f 4112//4 4113//4 4145//4 4144//4
f 4113//4 4114//4 4146//4 4145//4
f 3319//1 4115//1 4147//1 3352//1
f 4115//1 4116//1 4148//1 4147//1
f 4116//1 4117//1 4149//1 4148//1
f 4117//1 4118//1 4150//1 4149//1
f 4118//1 4119//1 4151//1 4150//1
f 4119//1 4120//1 4152//1 4151//1
f 4120//1 4121//1 4153//1 4152//1
f 4121//1 4122//1 4154//1 4153//1
f 4122//1 4123//1 4155//1 4154//1
f 4123//1 4124//1 4156//1 4155//1
f 4124//1 4125//1 4157//1 4156//1
f 4125//1 4126//1 4158//1 4157//1
f 4126//1 4127//1 4159//1 4158//1
f 4127//1 4128//1 4160//1 4159//1
f 4128//1 4129//1 4161//1 4160//1
f 4129//1 4130//1 4162//1 4161//1
f 4130//4 4131//4 4163//4 4162//4
f 4131//4 4132//4 4164//4 4163//4
f 4132//4 4133//4 4165//4 4164//4
f 4133//4 4134//4 4166//4 4165//4
f 4134//4 4135//4 4167//4 4166//4
f 4135//4 4136//4 4168//4 4167//4
f 4136//4 4137//4 4169//4 4168//4
f 4137//4 4138//4 4170//4 4169//4
f 4138//4 4139//4 4171//4 4170//4
f 4139//4 4140//4 4172//4 4171//4
f 4140//4 4141//4 4173//4 4172//4
f 4141//4 4142//4 4174//4 4173//4
f 4142//4 4143//4 4175//4 4174//4
f 4143//4 4144//4 4176//4 4175//4
f 4144//4 4145//4 4177//4 4176//4
f 4145//4 4146//4 4178//4 4177//4
f 3352//1 4147//1 4179//1 3385//1
f 4147//1 4148//1 4180//1 4179//1
f 4148//1 4149//1 4181//1 4180//1
f 4149//1 4150//1 4182//1 4181//1
f 4150//1 4151//1 4183//1 4182//1
f 4151//1 4152//1 4184//1 4183//1
f 4152//1 4153//1 4185//1 4184//1
f 4153//1 4154//1 4186//1 4185//1
f 4154//1 4155//1 4187//1 4186//1
f 4155//1 4156//1 4188//1 4187//1
f 4156//1 4157//1 4189//1 4188//1
f 4157//1 4158//1 4190//1 4189//1
f 4158//1 4159//1 4191//1 4190//1
f 4159//1 4160//1 4192//1 4191//1
f 4160//1 4161//1 4193//1 4192//1
f 4161//1 4162//1 4194//1 4193//1
f 4162//4 4163//4 4195//4 4194//4
f 4163//4 4164//4 4196//4 4195//4
f 4164//4 4165//4 4197//4 4196//4
f 4165//4 4166//4 4198//4 4197//4
f 4166//4 4167//4 4199//4 4198//4
f 4167//4 4168//4 4200//4 4199//4
f 4168//4 4169//4 4201//4 4200//4
f 4169//4 4170//4 4202//4 4201//4
f 4170//4 4171//4 4203//4 4202//4
f 4171//4 4172//4 4204//4 4203//4
f 4172//4 4173//4 4205//4 4204//4
f 4173//4 4174//4 4206//4 4205//4
f 4174//4 4175//4 4207//4 4206//4
f 4175//4 4176//4 4208//4 4207//4
f 4176//4 4177//4 4209//4 4208//4
f 4177//4 4178//4 4210//4 4209//4
f 3385//1 4179//1 4211//1 3418//1
f 4179//1 4180//1 4212//1 4211//1
f 4180//1 4181//1 4213//1 4212//1
f 4181//1 4182//1 4214//1 4213//1
f 4182//1 4183//1 4215//1 4214//1
f 4183//1 4184//1 4216//1 4215//1
f 4184//1 4185//1 4217//1 4216//1
f 4185//1 4186//1 4218//1 4217//1
f 4186//1 4187//1 4219//1 4218//1
f 4187//1 4188//1 4220//1 4219//1
f 4188//1 4189//1 4221//1 4220//1
f 4189//1 4190//1 4222//1 4221//1
f 4190//1 4191//1 4223//1 4222//1
f 4191//1 4192//1 4224//1 4223//1
f 4192//1 4193//1 4225//1 4224//1
f 4193//1 4194//1 4226//1 4225//1
f 4194//4 4195//4 4227//4 4226//4
f 4195//4 4196//4 4228//4 4227//4
f 4196//4 4197//4 4229//4 4228//4
f 4197//4 4198//4 4230//4 4229//4
f 4198//4 4199//4 4231//4 4230//4
f 4199//4 4200//4 4232//4 4231//4
f 4200//4 4201//4 4233//4 4232//4
f 4201//4 4202//4 4234//4 4233//4
f 4202//4 4203//4 4235//4 4234//4
f 4203//4 4204//4 4236//4 4235//4
f 4204//4 4205//4 4237//4 4236//4
f 4205//4 4206//4 4238//4 4237//4
f 4206//4 4207//4 4239//4 4238//4
f 4207//4 4208//4 4240//4 4239//4
f 4208//4 4209//4 4241//4 4240//4
f 4209//4 4210//4 4242//4 4241//4
f 3418//1 4211//1 4243//1 3451//1
f 4211//1 4212//1 4244//1 4243//1
f 4212//1 4213//1 4245//1 4244//1
f 4213//1 4214//1 4246//1 4245//1
f 4214//1 4215//1 4247//1 4246//1
f 4215//1 4216//1 4248//1 4247//1
f 4216//1 4217//1 4249//1 4248//1
f 4217//1 4218//1 4250//1 4249//1
f 4218//1 4219//1 4251//1 4250//1
f 4219//1 4220//1 4252//1 4251//1
f 4220//1 4221//1 4253//1 4252//1
f 4221//1 4222//1 4254//1 4253//1
f 4222//1 4223//1 4255//1 4254//1
f 4223//1 4224//1 4256//1 4255//1
f 4224//1 4225//1 4257//1 4256//1
f 4225//1 4226//1 4258//1 4257//1
f 4226//4 4227//4 4259//4 4258//4
f 4227//4 4228//4 4260//4 4259//4
f 4228//4 4229//4 4261//4 4260//4
f 4229//4 4230//4 4262//4 4261//4
f 4230//4 4231//4 4263//4 4262//4
f 4231//4 4232//4 4264//4 4263//4
f 4232//4 4233//4 4265//4 4264//4
f 4233//4 4234//4 4266//4 4265//4
f 4234//4 4235//4 4267//4 4266//4
f 4235//4 4236//4 4268//4 4267//4
f 4236//4 4237//4 4269//4 4268//4
f 4237//4 4238//4 4270//4 4269//4
f 4238//4 4239//4 4271//4 4270//4
f 4239//4 4240//4 4272//4 4271//4
f 4240//4 4241//4 4273//4 4272//4
f 4241//4 4242//4 4274//4 4273//4
f 3451//1 4243//1 4275//1 3484//1
f 4243//1 4244//1 4276//1 4275//1
f 4244//1 4245//1 4277//1 4276//1
f 4245//1 4246//1 4278//1 4277//1
f 4246//1 4247//1 4279//1 4278//1
f 4247//1 4248//1 4280//1 4279//1
f 4248//1 4249//1 4281//1 4280//1
f 4249//1 4250//1 4282//1 4281//1
f 4250//1 4251//1 4283//1 4282//1
f 4251//1 4252//1 4284//1 4283//1
f 4252//1 4253//1 4285//1 4284//1
f 4253//1 4254//1 4286//1 4285//1
f 4254//1 4255//1 4287//1 4286//1
f 4255//1 4256//1 4288//1 4287//1
f 4256//1 4257//1 4289//1 4288//1
f 4257//1 4258//1 4290//1 4289//1
f 4258//4 4259//4 4291//4 4290//4
f 4259//4 4260//4 4292//4 4291//4
f 4260//4 4261//4 4293//4 4292//4
f 4261//4 4262//4 4294//4 4293//4
f 4262//4 4263//4 4295//4 4294//4
f 4263//4 4264//4 4296//4 4295//4
f 4264//4 4265//4 4297//4 4296//4
f 4265//4 4266//4 4298//4 4297//4
f 4266//4 4267//4 4299//4 4298//4
f 4267//4 4268//4 4300//4 4299//4
f 4268//4 4269//4 4301//4 4300//4
f 4269//4 4270//4 4302//4 4301//4
f 4270//4 4271//4 4303//4 4302//4
f 4271//4 4272//4 4304//4 4303//4
f 4272//4 4273//4 4305//4 4304//4
f 4273//4 4274//4 4306//4 4305//4
f 3484//1 4275//1 4307//1 3517//1
f 4275//1 4276//1 4308//1 4307//1
f 4276//1 4277//1 4309//1 4308//1
f 4277//1 4278//1 4310//1 4309//1
f 4278//1 4279//1 4311//1 4310//1
f 4279//1 4280//1 4312//1 4311//1
f 4280//1 4281//1 4313//1 4312//1
f 4281//1 4282//1 4314//1 4313//1
f 4282//1 4283//1 4315//1 4314//1
f 4283//1 4284//1 4316//1 4315//1
f 4284//1 4285//1 4317//1 4316//1
f 4285//1 4286//1 4318//1 4317//1
f 4286//1 4287//1 4319//1 4318//1
f 4287//1 4288//1 4320//1 4319//1
f 4288//1 4289//1 4321//1 4320//1
f 4289//1 4290//1 4322//1 4321//1
f 4290//4 4291//4 4323//4 4322//4
f 4291//4 4292//4 4324//4 4323//4
f 4292//4 4293//4 4325//4 4324//4
f 4293//4 4294//4 4326//4 4325//4
f 4294//4 4295//4 4327//4 4326//4
f 4295//4 4296//4 4328//4 4327//4
f 4296//4 4297//4 4329//4 4328//4
f 4297//4 4298//4 4330//4 4329//4
f 4298//4 4299//4 4331//4 4330//4
f 4299//4 4300//4 4332//4 4331//4
f 4300//4 4301//4 4333//4 4332//4
f 4301//4 4302//4 4334//4 4333//4
f 4302//4 4303//4 4335//4 4334//4
f 4303//4 4304//4 4336//4 4335//4
f 4304//4 4305//4 4337//4 4336//4
f 4305//4 4306//4 4338//4 4337//4
f 3517//1 4307//1 4339//1 3550//1
f 4307//1 4308//1 4340//1 4339//1
f 4308//1 4309//1 4341//1 4340//1
f 4309//1 4310//1 4342//1 4341//1
f 4310//1 4311//1 4343//1 4342//1
f 4311//1 4312//1 4344//1 4343//1
f 4312//1 4313//1 4345//1 4344//1
f 4313//1 4314//1 4346//1 4345//1
f 4314//1 4315//1 4347//1 4346//1
f 4315//1 4316//1 4348//1 4347//1
f 4316//1 4317//1 4349//1 4348//1
f 4317//1 4318//1 4350//1 4349//1
f 4318//1 4319//1 4351//1 4350//1
f 4319//1 4320//1 4352//1 4351//1
f 4320//1 4321//1 4353//1 4352//1
f 4321//1 4322//1 4354//1 4353//1
f 4322//4 4323//4 4355//4 4354//4
f 4323//4 4324//4 4356//4 4355//4
f 4324//4 4325//4 4357//4 4356//4
f 4325//4 4326//4 4358//4 4357//4
f 4326//4 4327//4 4359//4 4358//4
f 4327//4 4328//4 4360//4 4359//4
f 4328//4 4329//4 4361//4 4360//4
f 4329//4 4330//4 4362//4 4361//4
f 4330//4 4331//4 4363//4 4362//4
f 4331//4 4332//4 4364//4 4363//4
f 4332//4 4333//4 4365//4 4364//4
f 4333//4 4334//4 4366//4 4365//4
f 4334//4 4335//4 4367//4 4366//4
f 4335//4 4336//4 4368//4 4367//4
f 4336//4 4337//4 4369//4 4368//4
f 4337//4 4338//4 4370//4 4369//4
f 3550//1 4339//1 4371//1 3583//1
f 4339//1 4340//1 4372//1 4371//1
f 4340//1 4341//1 4373//1 4372//1
f 4341//1 4342//1 4374//1 4373//1
f 4342//1 4343//1 4375//1 4374//1
f 4343//1 4344//1 4376//1 4375//1
f 4344//1 4345//1 4377//1 4376//1
f 4345//1 4346//1 4378//1 4377//1
f 4346//1 4347//1 4379//1 4378//1
f 4347//1 4348//1 4380//1 4379//1
f 4348//1 4349//1 4381//1 4380//1
f 4349//1 4350//1 4382//1 4381//1
f 4350//1 4351//1 4383//1 4382//1
f 4351//1 4352//1 4384//1 4383//1
f 4352//1 4353//1 4385//1 4384//1
f 4353//1 4354//1 4386//1 4385//1
f 4354//4 4355//4 4387//4 4386//4
f 4355//4 4356//4 4388//4 4387//4
f 4356//4 4357//4 4389//4 4388//4
f 4357//4 4358//4 4390//4 4389//4
f 4358//4 4359//4 4391//4 4390//4
f 4359//4 4360//4 4392//4 4391//4
f 4360//4 4361//4 4393//4 4392//4
f 4361//4 4362//4 4394//4 4393//4
f 4362//4 4363//4 4395//4 4394//4
f 4363//4 4364//4 4396//4 4395//4
f 4364//4 4365//4 4397//4 4396//4
f 4365//4 4366//4 4398//4 4397//4
f 4366//4 4367//4 4399//4 4398//4
f 4367//4 4368//4 4400//4 4399//4
f 4368//4 4369//4 4401//4 4400//4
f 4369//4 4370//4 4402//4 4401//4
f 3583//1 4371//1 4403//1 3616//1
f 4371//1 4372//1 4404//1 4403//1
f 4372//1 4373//1 4405//1 4404//1
f 4373//1 4374//1 4406//1 4405//1
f 4374//1 4375//1 4407//1 4406//1
f 4375//1 4376//1 4408//1 4407//1
f 4376//1 4377//1 4409//1 4408//1
f 4377//1 4378//1 4410//1 4409//1
f 4378//1 4379//1 4411//1 4410//1
f 4379//1 4380//1 4412//1 4411//1
f 4380//1 4381//1 4413//1 4412//1
f 4381//1 4382//1 4414//1 4413//1
f 4382//1 4383//1 4415//1 4414//1
f 4383//1 4384//1 4416//1 4415//1
f 4384//1 4385//1 4417//1 4416//1
f 4385//1 4386//1 4418//1 4417//1
f 4386//4 4387//4 4419//4 4418//4
f 4387//4 4388//4 4420//4 4419//4
f 4388//4 4389//4 4421//4 4420//4
f 4389//4 4390//4 4422//4 4421//4
f 4390//4 4391//4 4423//4 4422//4
f 4391//4 4392//4 4424//4 4423//4
f 4392//4 4393//4 4425//4 4424//4
f 4393//4 4394//4 4426//4 4425//4
f 4394//4 4395//4 4427//4 4426//4
f 4395//4 4396//4 4428//4 4427//4
f 4396//4 4397//4 4429//4 4428//4
f 4397//4 4398//4 4430//4 4429//4
f 4398//4 4399//4 4431//4 4430//4
f 4399//4 4400//4 4432//4 4431//4
f 4400//4 4401//4 4433//4 4432//4
f 4401//4 4402//4 4434//4 4433//4
f 3616//1 4403//1 4435//1 3649//1
f 4403//1 4404//1 4436//1 4435//1
f 4404//1 4405//1 4437//1 4436//1
f 4405//1 4406//1 4438//1 4437//1
f 4406//1 4407//1 4439//1 4438//1
f 4407//1 4408//1 4440//1 4439//1
f 4408//1 4409//1 4441//1 4440//1
f 4409//1 4410//1 4442//1 4441//1
f 4410//1 4411//1 4443//1 4442//1
f 4411//1 4412//1 4444//1 4443//1
f 4412//1 4413//1 4445//1 4444//1
f 4413//1 4414//1 4446//1 4445//1
f 4414//1 4415//1 4447//1 4446//1
f 4415//1 4416//1 4448//1 4447//1
f 4416//1 4417//1 4449//1 4448//1
f 4417//1 4418//1 4450//1 4449//1
f 4418//4 4419//4 4451//4 4450//4
f 4419//4 4420//4 4452//4 4451//4
f 4420//4 4421//4 4453//4 4452//4
f 4421//4 4422//4 4454//4 4453//4
f 4422//4 4423//4 4455//4 4454//4
f 4423//4 4424//4 4456//4 4455//4
f 4424//4 4425//4 4457//4 4456//4
f 4425//4 4426//4 4458//4 4457//4
f 4426//4 4427//4 4459//4 4458//4
f 4427//4 4428//4 4460//4 4459//4
f 4428//4 4429//4 4461//4 4460//4
f 4429//4 4430//4 4462//4 4461//4
f 4430//4 4431//4 4463//4 4462//4
f 4431//4 4432//4 4464//4 4463//4
f 4432//4 4433//4 4465//4 4464//4
f 4433//4 4434//4 4466//4 4465//4
f 3649//1 4435//1 4467//1 3682//1
f 4435//1 4436//1 4468//1 4467//1
f 4436//1 4437//1 4469//1 4468//1
f 4437//1 4438//1 4470//1 4469//1
f 4438//1 4439//1 4471//1 4470//1
f 4439//1 4440//1 4472//1 4471//1
f 4440//1 4441//1 4473//1 4472//1
f 4441//1 4442//1 4474//1 4473//1
f 4442//1 4443//1 4475//1 4474//1
f 4443//1 4444//1 4476//1 4475//1
f 4444//1 4445//1 4477//1 4476//1
f 4445//1 4446//1 4478//1 4477//1
f 4446//1 4447//1 4479//1 4478//1
f 4447//1 4448//1 4480//1 4479//1
f 4448//1 4449//1 4481//1 4480//1
f 4449//1 4450//1 4482//1 4481//1
f 4450//4 4451//4 4483//4 4482//4
f 4451//4 4452//4 4484//4 4483//4
f 4452//4 4453//4 4485//4 4484//4
f 4453//4 4454//4 4486//4 4485//4
f 4454//4 4455//4 4487//4 4486//4
f 4455//4 4456//4 4488//4 4487//4
f 4456//4 4457//4 4489//4 4488//4
f 4457//4 4458//4 4490//4 4489//4
f 4458//4 4459//4 4491//4 4490//4
f 4459//4 4460//4 4492//4 4491//4
f 4460//4 4461//4 4493//4 4492//4
f 4461//4 4462//4 4494//4 4493//4
f 4462//4 4463//4 4495//4 4494//4
f 4463//4 4464//4 4496//4 4495//4
f 4464//4 4465//4 4497//4 4496//4
f 4465//4 4466//4 4498//4 4497//4
f 3682//1 4467//1 4499//1 3715//1
f 4467//1 4468//1 4500//1 4499//1
f 4468//1 4469//1 4501//1 4500//1
f 4469//1 4470//1 4502//1 4501//1
f 4470//1 4471//1 4503//1 4502//1
f 4471//1 4472//1 4504//1 4503//1
f 4472//1 4473//1 4505//1 4504//1
f 4473//1 4474//1 4506//1 4505//1
f 4474//1 4475//1 4507//1 4506//1
f 4475//1 4476//1 4508//1 4507//1
f 4476//1 4477//1 4509//1 4508//1
f 4477//1 4478//1 4510//1 4509//1
f 4478//1 4479//1 4511//1 4510//1
f 4479//1 4480//1 4512//1 4511//1
f 4480//1 4481//1 4513//1 4512//1
f 4481//1 4482//1 4514//1 4513//1
f 4482//4 4483//4 4515//4 4514//4
f 4483//4 4484//4 4516//4 4515//4
f 4484//4 4485//4 4517//4 4516//4
f 4485//4 4486//4 4518//4 4517//4
f 4486//4 4487//4 4519//4 4518//4
f 4487//4 4488//4 4520//4 4519//4
f 4488//4 4489//4 4521//4 4520//4
f 4489//4 4490//4 4522//4 4521//4
f 4490//4 4491//4 4523//4 4522//4
f 4491//4 4492//4 4524//4 4523//4
f 4492//4 4493//4 4525//4 4524//4
f 4493//4 4494//4 4526//4 4525//4
f 4494//4 4495//4 4527//4 4526//4
f 4495//4 4496//4 4528//4 4527//4
f 4496//4 4497//4 4529//4 4528//4
f 4497//4 4498//4 4530//4 4529//4
f 3715//1 4499//1 4531//1 3763//1
f 4531//6 4532//6 3764//6 3763//6
f 4499//1 4500//1 4533//1 4531//1
f 4533//6 4534//6 4532//6 4531//6
f 4500//1 4501//1 4535//1 4533//1
f 4535//6 4536//6 4534//6 4533//6
f 4501//1 4502//1 4537//1 4535//1
f 4537//6 4538//6 4536//6 4535//6
f 4502//1 4503//1 4539//1 4537//1
f 4539//6 4540//6 4538//6 4537//6
f 4503//1 4504//1 4541//1 4539//1
f 4541//6 4542//6 4540//6 4539//6
f 4504//1 4505//1 4543//1 4541//1
f 4543//6 4544//6 4542//6 4541//6
f 4505//1 4506//1 4545//1 4543//1
f 4545//6 4546//6 4544//6 4543//6
f 4506//1 4507//1 4547//1 4545//1
f 4547//6 4548//6 4546//6 4545//6
f 4507//1 4508//1 4549//1 4547//1
f 4549//6 4550//6 4548//6 4547//6
f 4508//1 4509//1 4551//1 4549//1
f 4551//6 4552//6 4550//6 4549//6
f 4509//1 4510//1 4553//1 4551//1
f 4553//6 4554//6 4552//6 4551//6
f 4510//1 4511//1 4555//1 4553//1
f 4555//6 4556//6 4554//6 4553//6
f 4511//1 4512//1 4557//1 4555//1
f 4557//6 4558//6 4556//6 4555//6
f 4512//1 4513//1 4559//1 4557//1
f 4559//6 4560//6 4558//6 4557//6
f 4513//1 4514//1 4561//1 4559//1
f 4561//6 4562//6 4560//6 4559//6
f 4514//4 4515//4 4562//4 4561//4
f 4532//6 4563//6 3781//6 3764//6
f 4534//6 4564//6 4563//6 4532//6
f 4536//6 4565//6 4564//6 4534//6
f 4538//6 4566//6 4565//6 4536//6
f 4540//6 4567//6 4566//6 4538//6
f 4542//6 4568//6 4567//6 4540//6
f 4544//6 4569//6 4568//6 4542//6
f 4546//6 4570//6 4569//6 4544//6
f 4548//6 4571//6 4570//6 4546//6
f 4550//6 4572//6 4571//6 4548//6
f 4552//6 4573//6 4572//6 4550//6
f 4554//6 4574//6 4573//6 4552//6
f 4556//6 4575//6 4574//6 4554//6
f 4558//6 4576//6 4575//6 4556//6
f 4560//6 4577//6 4576//6 4558//6
f 4562//6 4578//6 4577//6 4560//6
f 4515//4 4516//4 4578//4 4562//4
f 4563//6 4579//6 3798//6 3781//6
f 4564//6 4580//6 4579//6 4563//6
f 4565//6 4581//6 4580//6 4564//6
f 4566//6 4582//6 4581//6 4565//6
f 4567//6 4583//6 4582//6 4566//6
f 4568//6 4584//6 4583//6 4567//6
f 4569//6 4585//6 4584//6 4568//6
f 4570//6 4586//6 4585//6 4569//6
f 4571//6 4587//6 4586//6 4570//6
f 4572//6 4588//6 4587//6 4571//6
f 4573//6 4589//6 4588//6 4572//6
f 4574//6 4590//6 4589//6 4573//6
f 4575//6 4591//6 4590//6 4574//6
f 4576//6 4592//6 4591//6 4575//6
f 4577//6 4593//6 4592//6 4576//6
f 4578//6 4594//6 4593//6 4577//6
f 4516//4 4517//4 4594//4 4578//4
f 4579//6 4595//6 3815//6 3798//6
f 4580//6 4596//6 4595//6 4579//6
f 4581//6 4597//6 4596//6 4580//6
f 4582//6 4598//6 4597//6 4581//6
f 4583//6 4599//6 4598//6 4582//6
f 4584//6 4600//6 4599//6 4583//6
f 4585//6 4601//6 4600//6 4584//6
f 4586//6 4602//6 4601//6 4585//6
f 4587//6 4603//6 4602//6 4586//6
f 4588//6 4604//6 4603//6 4587//6
f 4589//6 4605//6 4604//6 4588//6
f 4590//6 4606//6 4605//6 4589//6
f 4591//6 4607//6 4606//6 4590//6
f 4592//6 4608//6 4607//6 4591//6
f 4593//6 4609//6 4608//6 4592//6
f 4594//6 4610//6 4609//6 4593//6
f 4517//4 4518//4 4610//4 4594//4
f 4595//6 4611//6 3832//6 3815//6
f 4596//6 4612//6 4611//6 4595//6
f 4597//6 4613//6 4612//6 4596//6
f 4598//6 4614//6 4613//6 4597//6
f 4599//6 4615//6 4614//6 4598//6
f 4600//6 4616//6 4615//6 4599//6
f 4601//6 4617//6 4616//6 4600//6
f 4602//6 4618//6 4617//6 4601//6
f 4603//6 4619//6 4618//6 4602//6
f 4604//6 4620//6 4619//6 4603//6
f 4605//6 4621//6 4620//6 4604//6
f 4606//6 4622//6 4621//6 4605//6
f 4607//6 4623//6 4622//6 4606//6
f 4608//6 4624//6 4623//6 4607//6
f 4609//6 4625//6 4624//6 4608//6
f 4610//6 4626//6 4625//6 4609//6
f 4518//4 4519//4 4626//4 4610//4
f 4611//6 4627//6 3849//6 3832//6
f 4612//6 4628//6 4627//6 4611//6
f 4613//6 4629//6 4628//6 4612//6
f 4614//6 4630//6 4629//6 4613//6
f 4615//6 4631//6 4630//6 4614//6
f 4616//6 4632//6 4631//6 4615//6
f 4617//6 4633//6 4632//6 4616//6
f 4618//6 4634//6 4633//6 4617//6
f 4619//6 4635//6 4634//6 4618//6
f 4620//6 4636//6 4635//6 4619//6
f 4621//6 4637//6 4636//6 4620//6
f 4622//6 4638//6 4637//6 4621//6
f 4623//6 4639//6 4638//6 4622//6
f 4624//6 4640//6 4639//6 4623//6
f 4625//6 4641//6 4640//6 4624//6
f 4626//6 4642//6 4641//6 4625//6
f 4519//4 4520//4 4642//4 4626//4
f 4627//6 4643//6 3866//6 3849//6
f 4628//6 4644//6 4643//6 4627//6
f 4629//6 4645//6 4644//6 4628//6
f 4630//6 4646//6 4645//6 4629//6
f 4631//6 4647//6 4646//6 4630//6
f 4632//6 4648//6 4647//6 4631//6
f 4633//6 4649//6 4648//6 4632//6
f 4634//6 4650//6 4649//6 4633//6
f 4635//6 4651//6 4650//6 4634//6
f 4636//6 4652//6 4651//6 4635//6
f 4637//6 4653//6 4652//6 4636//6
f 4638//6 4654//6 4653//6 4637//6
f 4639//6 4655//6 4654//6 4638//6
f 4640//6 4656//6 4655//6 4639//6
f 4641//6 4657//6 4656//6 4640//6
f 4642//6 4658//6 4657//6 4641//6
f 4520//4 4521//4 4658//4 4642//4
f 4643//6 4659//6 3883//6 3866//6
f 4644//6 4660//6 4659//6 4643//6
f 4645//6 4661//6 4660//6 4644//6
f 4646//6 4662//6 4661//6 4645//6
f 4647//6 4663//6 4662//6 4646//6
f 4648//6 4664//6 4663//6 4647//6
f 4649//6 4665//6 4664//6 4648//6
f 4650//6 4666//6 4665//6 4649//6
f 4651//6 4667//6 4666//6 4650//6
f 4652//6 4668//6 4667//6 4651//6
f 4653//6 4669//6 4668//6 4652//6
f 4654//6 4670//6 4669//6 4653//6
f 4655//6 4671//6 4670//6 4654//6
f 4656//6 4672//6 4671//6 4655//6
f 4657//6 4673//6 4672//6 4656//6
f 4658//6 4674//6 4673//6 4657//6
f 4521//4 4522//4 4674//4 4658//4
f 4659//6 4675//6 3900//6 3883//6
f 4660//6 4676//6 4675//6 4659//6
f 4661//6 4677//6 4676//6 4660//6
f 4662//6 4678//6 4677//6 4661//6
f 4663//6 4679//6 4678//6 4662//6
f 4664//6 4680//6 4679//6 4663//6
f 4665//6 4681//6 4680//6 4664//6
f 4666//6 4682//6 4681//6 4665//6
f 4667//6 4683//6 4682//6 4666//6
f 4668//6 4684//6 4683//6 4667//6
f 4669//6 4685//6 4684//6 4668//6
f 4670//6 4686//6 4685//6 4669//6
f 4671//6 4687//6 4686//6 4670//6
f 4672//6 4688//6 4687//6 4671//6
f 4673//6 4689//6 4688//6 4672//6
f 4674//6 4690//6 4689//6 4673//6
f 4522//4 4523//4 4690//4 4674//4
f 4675//6 4691//6 3917//6 3900//6
f 4676//6 4692//6 4691//6 4675//6
f 4677//6 4693//6 4692//6 4676//6
f 4678//6 4694//6 4693//6 4677//6
f 4679//6 4695//6 4694//6 4678//6
f 4680//6 4696//6 4695//6 4679//6
f 4681//6 4697//6 4696//6 4680//6
f 4682//6 4698//6 4697//6 4681//6
f 4683//6 4699//6 4698//6 4682//6
f 4684//6 4700//6 4699//6 4683//6
f 4685//6 4701//6 4700//6 4684//6
f 4686//6 4702//6 4701//6 4685//6
f 4687//6 4703//6 4702//6 4686//6
f 4688//6 4704//6 4703//6 4687//6
f 4689//6 4705//6 4704//6 4688//6
f 4690//6 4706//6 4705//6 4689//6
f 4523//4 4524//4 4706//4 4690//4
f 4691//6 4707//6 3934//6 3917//6
f 4692//6 4708//6 4707//6 4691//6
f 4693//6 4709//6 4708//6 4692//6
f 4694//6 4710//6 4709//6 4693//6
f 4695//6 4711//6 4710//6 4694//6
f 4696//6 4712//6 4711//6 4695//6
f 4697//6 4713//6 4712//6 4696//6
f 4698//6 4714//6 4713//6 4697//6
f 4699//6 4715//6 4714//6 4698//6
f 4700//6 4716//6 4715//6 4699//6
f 4701//6 4717//6 4716//6 4700//6
f 4702//6 4718//6 4717//6 4701//6
f 4703//6 4719//6 4718//6 4702//6
f 4704//6 4720//6 4719//6 4703//6
f 4705//6 4721//6 4720//6 4704//6
f 4706//6 4722//6 4721//6 4705//6
f 4524//4 4525//4 4722//4 4706//4
f 4707//6 4723//6 3951//6 3934//6
f 4708//6 4724//6 4723//6 4707//6
f 4709//6 4725//6 4724//6 4708//6
f 4710//6 4726//6 4725//6 4709//6
f 4711//6 4727//6 4726//6 4710//6
f 4712//6 4728//6 4727//6 4711//6
f 4713//6 4729//6 4728//6 4712//6
f 4714//6 4730//6 4729//6 4713//6
f 4715//6 4731//6 4730//6 4714//6
f 4716//6 4732//6 4731//6 4715//6
f 4717//6 4733//6 4732//6 4716//6
f 4718//6 4734//6 4733//6 4717//6
f 4719//6 4735//6 4734//6 4718//6
f 4720//6 4736//6 4735//6 4719//6
f 4721//6 4737//6 4736//6 4720//6
f 4722//6 4738//6 4737//6 4721//6
f 4525//4 4526//4 4738//4 4722//4
f 4723//6 4739//6 3968//6 3951//6
f 4724//6 4740//6 4739//6 4723//6
f 4725//6 4741//6 4740//6 4724//6
f 4726//6 4742//6 4741//6 4725//6
f 4727//6 4743//6 4742//6 4726//6
f 4728//6 4744//6 4743//6 4727//6
f 4729//6 4745//6 4744//6 4728//6
f 4730//6 4746//6 4745//6 4729//6
f 4731//6 4747//6 4746//6 4730//6
f 4732//6 4748//6 4747//6 4731//6
f 4733//6 4749//6 4748//6 4732//6
f 4734//6 4750//6 4749//6 4733//6
f 4735//6 4751//6 4750//6 4734//6
f 4736//6 4752//6 4751//6 4735//6
f 4737//6 4753//6 4752//6 4736//6
f 4738//6 4754//6 4753//6 4737//6
f 4526//4 4527//4 4754//4 4738//4
f 4739//6 4755//6 3985//6 3968//6
f 4740//6 4756//6 4755//6 4739//6
f 4741//6 4757//6 4756//6 4740//6
f 4742//6 4758//6 4757//6 4741//6
f 4743//6 4759//6 4758//6 4742//6
f 4744//6 4760//6 4759//6 4743//6
f 4745//6 4761//6 4760//6 4744//6
f 4746//6 4762//6 4761//6 4745//6
f 4747//6 4763//6 4762//6 4746//6
f 4748//6 4764//6 4763//6 4747//6
f 4749//6 4765//6 4764//6 4748//6
f 4750//6 4766//6 4765//6 4749//6
f 4751//6 4767//6 4766//6 4750//6
f 4752//6 4768//6 4767//6 4751//6
f 4753//6 4769//6 4768//6 4752//6
f 4754//6 4770//6 4769//6 4753//6
f 4527//4 4528//4 4770//4 4754//4
f 4755//6 4771//6 4002//6 3985//6
f 4756//6 4772//6 4771//6 4755//6
f 4757//6 4773//6 4772//6 4756//6
f 4758//6 4774//6 4773//6 4757//6
f 4759//6 4775//6 4774//6 4758//6
f 4760//6 4776//6 4775//6 4759//6
f 4761//6 4777//6 4776//6 4760//6
f 4762//6 4778//6 4777//6 4761//6
f 4763//6 4779//6 4778//6 4762//6
f 4764//6 4780//6 4779//6 4763//6
f 4765//6 4781//6 4780//6 4764//6
f 4766//6 4782//6 4781//6 4765//6
f 4767//6 4783//6 4782//6 4766//6
f 4768//6 4784//6 4783//6 4767//6
f 4769//6 4785//6 4784//6 4768//6
f 4770//6 4786//6 4785//6 4769//6
f 4528//4 4529//4 4786//4 4770//4
f 4771//6 4787//6 4019//6 4002//6
f 4772//6 4788//6 4787//6 4771//6
f 4773//6 4789//6 4788//6 4772//6
f 4774//6 4790//6 4789//6 4773//6
f 4775//6 4791//6 4790//6 4774//6
f 4776//6 4792//6 4791//6 4775//6
f 4777//6 4793//6 4792//6 4776//6
f 4778//6 4794//6 4793//6 4777//6
f 4779//6 4795//6 4794//6 4778//6
f 4780//6 4796//6 4795//6 4779//6
f 4781//6 4797//6 4796//6 4780//6
f 4782//6 4798//6 4797//6 4781//6
f 4783//6 4799//6 4798//6 4782//6
f 4784//6 4800//6 4799//6 4783//6
f 4785//6 4801//6 4800//6 4784//6
f 4786//6 4802//6 4801//6 4785//6
f 4529//4 4530//4 4802//4 4786//4
f 4803//3 4804//3 4805//3 4806//3
f 4806//3 4805//3 4807//3 4808//3
f 4808//3 4807//3 4809//3 4810//3
f 4810//3 4809//3 4811//3 4812//3
f 4812//3 4811//3 4813//3 4814//3
f 4814//3 4813//3 4815//3 4816//3
f 4816//3 4815//3 4817//3 4818//3
f 4818//3 4817//3 4819//3 4820//3
f 4820//3 4819//3 4821//3 4822//3
f 4822//3 4821//3 4823//3 4824//3
f 4824//3 4823//3 4825//3 4826//3
f 4826//3 4825//3 4827//3 4828//3
f 4828//3 4827//3 4829//3 4830//3
f 4830//3 4829//3 4831//3 4832//3
f 4832//3 4831//3 4833//3 4834//3
f 4835//5 4836//5 4837//5 4838//5
f 4834//3 4833//3 4837//3 4836//3
f 4839//5 4835//5 4838//5 4840//5
f 4841//5 4839//5 4840//5 4842//5
f 4843//5 4841//5 4842//5 4844//5
f 4845//5 4843//5 4844//5 4846//5
f 4847//5 4845//5 4846//5 4848//5
f 4849//5 4847//5 4848//5 4850//5
f 4851//5 4849//5 4850//5 4852//5
f 4853//5 4851//5 4852//5 4854//5
f 4855//5 4853//5 4854//5 4856//5
f 4857//5 4855//5 4856//5 4858//5
f 4859//5 4857//5 4858//5 4860//5
f 4861//5 4859//5 4860//5 4862//5
f 4863//5 4861//5 4862//5 4864//5
f 4865//5 4863//5 4864//5 4866//5
f 4867//5 4865//5 4866//5 4868//5
f 4804//3 4869//3 4870//3 4805//3
f 4805//3 4870//3 4871//3 4807//3
f 4807//3 4871//3 4872//3 4809//3
f 4809//3 4872//3 4873//3 4811//3
f 4811//3 4873//3 4874//3 4813//3
f 4813//3 4874//3 4875//3 4815//3
f 4815//3 4875//3 4876//3 4817//3
f 4817//3 4876//3 4877//3 4819//3
f 4819//3 4877//3 4878//3 4821//3
f 4821//3 4878//3 4879//3 4823//3
f 4823//3 4879//3 4880//3 4825//3
f 4825//3 4880//3 4881//3 4827//3
f 4827//3 4881//3 4882//3 4829//3
f 4829//3 4882//3 4883//3 4831//3
f 4831//3 4883//3 4884//3 4833//3
f 4838//5 4837//5 4885//5 4886//5
f 4833//3 4884//3 4885//3 4837//3
f 4840//5 4838//5 4886//5 4887//5
f 4842//5 4840//5 4887//5 4888//5
f 4844//5 4842//5 4888//5 4889//5
f 4846//5 4844//5 4889//5 4890//5
f 4848//5 4846//5 4890//5 4891//5
f 4850//5 4848//5 4891//5 4892//5
f 4852//5 4850//5 4892//5 4893//5
f 4854//5 4852//5 4893//5 4894//5
f 4856//5 4854//5 4894//5 4895//5
f 4858//5 4856//5 4895//5 4896//5
f 4860//5 4858//5 4896//5 4897//5
f 4862//5 4860//5 4897//5 4898//5
f 4864//5 4862//5 4898//5 4899//5
f 4866//5 4864//5 4899//5 4900//5
f 4868//5 4866//5 4900//5 4901//5
f 4869//3 4902//3 4903//3 4870//3
f 4870//3 4903//3 4904//3 4871//3
f 4871//3 4904//3 4905//3 4872//3
f 4872//3 4905//3 4906//3 4873//3
f 4873//3 4906//3 4907//3 4874//3
f 4874//3 4907//3 4908//3 4875//3
f 4875//3 4908//3 4909//3 4876//3
f 4876//3 4909//3 4910//3 4877//3
f 4877//3 4910//3 4911//3 4878//3
f 4878//3 4911//3 4912//3 4879//3
f 4879//3 4912//3 4913//3 4880//3
f 4880//3 4913//3 4914//3 4881//3
f 4881//3 4914//3 4915//3 4882//3
f 4882//3 4915//3 4916//3 4883//3
f 4883//3 4916//3 4917//3 4884//3
f 4886//5 4885//5 4918//5 4919//5
f 4884//3 4917//3 4918//3 4885//3
f 4887//5 4886//5 4919//5 4920//5
f 4888//5 4887//5 4920//5 4921//5
f 4889//5 4888//5 4921//5 4922//5
f 4890//5 4889//5 4922//5 4923//5
f 4891//5 4890//5 4923//5 4924//5
f 4892//5 4891//5 4924//5 4925//5
f 4893//5 4892//5 4925//5 4926//5
f 4894//5 4893//5 4926//5 4927//5
f 4895//5 4894//5 4927//5 4928//5
f 4896//5 4895//5 4928//5 4929//5
f 4897//5 4896//5 4929//5 4930//5
f 4898//5 4897//5 4930//5 4931//5
f 4899//5 4898//5 4931//5 4932//5
f 4900//5 4899//5 4932//5 4933//5
f 4901//5 4900//5 4933//5 4934//5
f 4902//3 4935//3 4936//3 4903//3
f 4903//3 4936//3 4937//3 4904//3
f 4904//3 4937//3 4938//3 4905//3
f 4905//3 4938//3 4939//3 4906//3
f 4906//3 4939//3 4940//3 4907//3
f 4907//3 4940//3 4941//3 4908//3
f 4908//3 4941//3 4942//3 4909//3
f 4909//3 4942//3 4943//3 4910//3
f 4910//3 4943//3 4944//3 4911//3
f 4911//3 4944//3 4945//3 4912//3
f 4912//3 4945//3 4946//3 4913//3
f 4913//3 4946//3 4947//3 4914//3
f 4914//3 4947//3 4948//3 4915//3
f 4915//3 4948//3 4949//3 4916//3
f 4916//3 4949//3 4950//3 4917//3
f 4919//5 4918//5 4951//5 4952//5
f 4917//3 4950//3 4951//3 4918//3
f 4920//5 4919//5 4952//5 4953//5
f 4921//5 4920//5 4953//5 4954//5
f 4922//5 4921//5 4954//5 4955//5
f 4923//5 4922//5 4955//5 4956//5
f 4924//5 4923//5 4956//5 4957//5
f 4925//5 4924//5 4957//5 4958//5
f 4926//5 4925//5 4958//5 4959//5
f 4927//5 4926//5 4959//5 4960//5
f 4928//5 4927//5 4960//5 4961//5
f 4929//5 4928//5 4961//5 4962//5
f 4930//5 4929//5 4962//5 4963//5
f 4931//5 4930//5 4963//5 4964//5
f 4932//5 4931//5 4964//5 4965//5
f 4933//5 4932//5 4965//5 4966//5
f 4934//5 4933//5 4966//5 4967//5
f 4935//3 4968//3 4969//3 4936//3
f 4936//3 4969//3 4970//3 4937//3
f 4937//3 4970//3 4971//3 4938//3
f 4938//3 4971//3 4972//3 4939//3
f 4939//3 4972//3 4973//3 4940//3
f 4940//3 4973//3 4974//3 4941//3
f 4941//3 4974//3 4975//3 4942//3
f 4942//3 4975//3 4976//3 4943//3
f 4943//3 4976//3 4977//3 4944//3
f 4944//3 4977//3 4978//3 4945//3
f 4945//3 4978//3 4979//3 4946//3
f 4946//3 4979//3 4980//3 4947//3
f 4947//3 4980//3 4981//3 4948//3
f 4948//3 4981//3 4982//3 4949//3
f 4949//3 4982//3 4983//3 4950//3
f 4952//5 4951//5 4984//5 4985//5
f 4950//3 4983//3 4984//3 4951//3
f 4953//5 4952//5 4985//5 4986//5
f 4954//5 4953//5 4986//5 4987//5
f 4955//5 4954//5 4987//5 4988//5
f 4956//5 4955//5 4988//5 4989//5
f 4957//5 4956//5 4989//5 4990//5
f 4958//5 4957//5 4990//5 4991//5
f 4959//5 4958//5 4991//5 4992//5
f 4960//5 4959//5 4992//5 4993//5
f 4961//5 4960//5 4993//5 4994//5
f 4962//5 4961//5 4994//5 4995//5
f 4963//5 4962//5 4995//5 4996//5
f 4964//5 4963//5 4996//5 4997//5
f 4965//5 4964//5 4997//5 4998//5
f 4966//5 4965//5 4998//5 4999//5
f 4967//5 4966//5 4999//5 5000//5
f 4968//3 5001//3 5002//3 4969//3
f 4969//3 5002//3 5003//3 4970//3
f 4970//3 5003//3 5004//3 4971//3
f 4971//3 5004//3 5005//3 4972//3
f 4972//3 5005//3 5006//3 4973//3
f 4973//3 5006//3 5007//3 4974//3
f 4974//3 5007//3 5008//3 4975//3
f 4975//3 5008//3 5009//3 4976//3
f 4976//3 5009//3 5010//3 4977//3
f 4977//3 5010//3 5011//3 4978//3
f 4978//3 5011//3 5012//3 4979//3
f 4979//3 5012//3 5013//3 4980//3
f 4980//3 5013//3 5014//3 4981//3
f 4981//3 5014//3 5015//3 4982//3
f 4982//3 5015//3 5016//3 4983//3
f 4985//5 4984//5 5017//5 5018//5
f 4983//3 5016//3 5017//3 4984//3
f 4986//5 4985//5 5018//5 5019//5
f 4987//5 4986//5 5019//5 5020//5
f 4988//5 4987//5 5020//5 5021//5
f 4989//5 4988//5 5021//5 5022//5
f 4990//5 4989//5 5022//5 5023//5
f 4991//5 4990//5 5023//5 5024//5
f 4992//5 4991//5 5024//5 5025//5
f 4993//5 4992//5 5025//5 5026//5
f 4994//5 4993//5 5026//5 5027//5
f 4995//5 4994//5 5027//5 5028//5
f 4996//5 4995//5 5028//5 5029//5
f 4997//5 4996//5 5029//5 5030//5
f 4998//5 4997//5 5030//5 5031//5
f 4999//5 4998//5 5031//5 5032//5
f 5000//5 4999//5 5032//5 5033//5
f 5001//3 5034//3 5035//3 5002//3
f 5002//3 5035//3 5036//3 5003//3
f 5003//3 5036//3 5037//3 5004//3
f 5004//3 5037//3 5038//3 5005//3
f 5005//3 5038//3 5039//3 5006//3
f 5006//3 5039//3 5040//3 5007//3
f 5007//3 5040//3 5041//3 5008//3
f 5008//3 5041//3 5042//3 5009//3
f 5009//3 5042//3 5043//3 5010//3
f 5010//3 5043//3 5044//3 5011//3
f 5011//3 5044//3 5045//3 5012//3
f 5012//3 5045//3 5046//3 5013//3
f 5013//3 5046//3 5047//3 5014//3
f 5014//3 5047//3 5048//3 5015//3
f 5015//3 5048//3 5049//3 5016//3
f 5018//5 5017//5 5050//5 5051//5
f 5016//3 5049//3 5050//3 5017//3
f 5019//5 5018//5 5051//5 5052//5
f 5020//5 5019//5 5052//5 5053//5
f 5021//5 5020//5 5053//5 5054//5
f 5022//5 5021//5 5054//5 5055//5
f 5023//5 5022//5 5055//5 5056//5
f 5024//5 5023//5 5056//5 5057//5
f 5025//5 5024//5 5057//5 5058//5
f 5026//5 5025//5 5058//5 5059//5
f 5027//5 5026//5 5059//5 5060//5
f 5028//5 5027//5 5060//5 5061//5
f 5029//5 5028//5 5061//5 5062//5
f 5030//5 5029//5 5062//5 5063//5
f 5031//5 5030//5 5063//5 5064//5
f 5032//5 5031//5 5064//5 5065//5
f 5033//5 5032//5 5065//5 5066//5
f 5034//3 5067//3 5068//3 5035//3
f 5035//3 5068//3 5069//3 5036//3
f 5036//3 5069//3 5070//3 5037//3
f 5037//3 5070//3 5071//3 5038//3
f 5038//3 5071//3 5072//3 5039//3
f 5039//3 5072//3 5073//3 5040//3
f 5040//3 5073//3 5074//3 5041//3
f 5041//3 5074//3 5075//3 5042//3
f 5042//3 5075//3 5076//3 5043//3
f 5043//3 5076//3 5077//3 5044//3
f 5044//3 5077//3 5078//3 5045//3
f 5045//3 5078//3 5079//3 5046//3
f 5046//3 5079//3 5080//3 5047//3
f 5047//3 5080//3 5081//3 5048//3
f 5048//3 5081//3 5082//3 5049//3
f 5051//5 5050//5 5083//5 5084//5
f 5049//3 5082//3 5083//3 5050//3
f 5052//5 5051//5 5084//5 5085//5
f 5053//5 5052//5 5085//5 5086//5
f 5054//5 5053//5 5086//5 5087//5
f 5055//5 5054//5 5087//5 5088//5
f 5056//5 5055//5 5088//5 5089//5
f 5057//5 5056//5 5089//5 5090//5
f 5058//5 5057//5 5090//5 5091//5
f 5059//5 5058//5 5091//5 5092//5
f 5060//5 5059//5 5092//5 5093//5
f 5061//5 5060//5 5093//5 5094//5
f 5062//5 5061//5 5094//5 5095//5
f 5063//5 5062//5 5095//5 5096//5
f 5064//5 5063//5 5096//5 5097//5
f 5065//5 5064//5 5097//5 5098//5
f 5066//5 5065//5 5098//5 5099//5
f 5067//3 5100//3 5101//3 5068//3
f 5068//3 5101//3 5102//3 5069//3
f 5069//3 5102//3 5103//3 5070//3
f 5070//3 5103//3 5104//3 5071//3
f 5071//3 5104//3 5105//3 5072//3
f 5072//3 5105//3 5106//3 5073//3
f 5073//3 5106//3 5107//3 5074//3
f 5074//3 5107//3 5108//3 5075//3
f 5075//3 5108//3 5109//3 5076//3
f 5076//3 5109//3 5110//3 5077//3
f 5077//3 5110//3 5111//3 5078//3
f 5078//3 5111//3 5112//3 5079//3
f 5079//3 5112//3 5113//3 5080//3
f 5080//3 5113//3 5114//3 5081//3
f 5081//3 5114//3 5115//3 5082//3
f 5084//5 5083//5 5116//5 5117//5
f 5082//3 5115//3 5116//3 5083//3
f 5085//5 5084//5 5117//5 5118//5
f 5086//5 5085//5 5118//5 5119//5
f 5087//5 5086//5 5119//5 5120//5
f 5088//5 5087//5 5120//5 5121//5
f 5089//5 5088//5 5121//5 5122//5
f 5090//5 5089//5 5122//5 5123//5
f 5091//5 5090//5 5123//5 5124//5
f 5092//5 5091//5 5124//5 5125//5
f 5093//5 5092//5 5125//5 5126//5
f 5094//5 5093//5 5126//5 5127//5
f 5095//5 5094//5 5127//5 5128//5
f 5096//5 5095//5 5128//5 5129//5
f 5097//5 5096//5 5129//5 5130//5
f 5098//5 5097//5 5130//5 5131//5
f 5099//5 5098//5 5131//5 5132//5
f 5100//3 5133//3 5134//3 5101//3
f 5101//3 5134//3 5135//3 5102//3
f 5102//3 5135//3 5136//3 5103//3
f 5103//3 5136//3 5137//3 5104//3
f 5104//3 5137//3 5138//3 5105//3
f 5105//3 5138//3 5139//3 5106//3
f 5106//3 5139//3 5140//3 5107//3
f 5107//3 5140//3 5141//3 5108//3
f 5108//3 5141//3 5142//3 5109//3
f 5109//3 5142//3 5143//3 5110//3
f 5110//3 5143//3 5144//3 5111//3
f 5111//3 5144//3 5145//3 5112//3
f 5112//3 5145//3 5146//3 5113//3
f 5113//3 5146//3 5147//3 5114//3
f 5114//3 5147//3 5148//3 5115//3
f 5117//5 5116//5 5149//5 5150//5
f 5115//3 5148//3 5149//3 5116//3
f 5118//5 5117//5 5150//5 5151//5
f 5119//5 5118//5 5151//5 5152//5
f 5120//5 5119//5 5152//5 5153//5
f 5121//5 5120//5 5153//5 5154//5
f 5122//5 5121//5 5154//5 5155//5
f 5123//5 5122//5 5155//5 5156//5
f 5124//5 5123//5 5156//5 5157//5
f 5125//5 5124//5 5157//5 5158//5
f 5126//5 5125//5 5158//5 5159//5
f 5127//5 5126//5 5159//5 5160//5
f 5128//5 5127//5 5160//5 5161//5
f 5129//5 5128//5 5161//5 5162//5
f 5130//5 5129//5 5162//5 5163//5
f 5131//5 5130//5 5163//5 5164//5
f 5132//5 5131//5 5164//5 5165//5
f 5133//3 5166//3 5167//3 5134//3
f 5134//3 5167//3 5168//3 5135//3
f 5135//3 5168//3 5169//3 5136//3
f 5136//3 5169//3 5170//3 5137//3
f 5137//3 5170//3 5171//3 5138//3
f 5138//3 5171//3 5172//3 5139//3
f 5139//3 5172//3 5173//3 5140//3
f 5140//3 5173//3 5174//3 5141//3
f 5141//3 5174//3 5175//3 5142//3
f 5142//3 5175//3 5176//3 5143//3
f 5143//3 5176//3 5177//3 5144//3
f 5144//3 5177//3 5178//3 5145//3
f 5145//3 5178//3 5179//3 5146//3
f 5146//3 5179//3 5180//3 5147//3
f 5147//3 5180//3 5181//3 5148//3
f 5150//5 5149//5 5182//5 5183//5
f 5148//3 5181//3 5182//3 5149//3
f 5151//5 5150//5 5183//5 5184//5
f 5152//5 5151//5 5184//5 5185//5
f 5153//5 5152//5 5185//5 5186//5
f 5154//5 5153//5 5186//5 5187//5
f 5155//5 5154//5 5187//5 5188//5
f 5156//5 5155//5 5188//5 5189//5
f 5157//5 5156//5 5189//5 5190//5
f 5158//5 5157//5 5190//5 5191//5
f 5159//5 5158//5 5191//5 5192//5
f 5160//5 5159//5 5192//5 5193//5
f 5161//5 5160//5 5193//5 5194//5
f 5162//5 5161//5 5194//5 5195//5
f 5163//5 5162//5 5195//5 5196//5
f 5164//5 5163//5 5196//5 5197//5
f 5165//5 5164//5 5197//5 5198//5
f 5166//3 5199//3 5200//3 5167//3
f 5167//3 5200//3 5201//3 5168//3
f 5168//3 5201//3 5202//3 5169//3
f 5169//3 5202//3 5203//3 5170//3
f 5170//3 5203//3 5204//3 5171//3
f 5171//3 5204//3 5205//3 5172//3
f 5172//3 5205//3 5206//3 5173//3
f 5173//3 5206//3 5207//3 5174//3
f 5174//3 5207//3 5208//3 5175//3
f 5175//3 5208//3 5209//3 5176//3
f 5176//3 5209//3 5210//3 5177//3
f 5177//3 5210//3 5211//3 5178//3
f 5178//3 5211//3 5212//3 5179//3
f 5179//3 5212//3 5213//3 5180//3
f 5180//3 5213//3 5214//3 5181//3
f 5183//5 5182//5 5215//5 5216//5
f 5181//3 5214//3 5215//3 5182//3
f 5184//5 5183//5 5216//5 5217//5
f 5185//5 5184//5 5217//5 5218//5
f 5186//5 5185//5 5218//5 5219//5
f 5187//5 5186//5 5219//5 5220//5
f 5188//5 5187//5 5220//5 5221//5
f 5189//5 5188//5 5221//5 5222//5
f 5190//5 5189//5 5222//5 5223//5
f 5191//5 5190//5 5223//5 5224//5
f 5192//5 5191//5 5224//5 5225//5
f 5193//5 5192//5 5225//5 5226//5
f 5194//5 5193//5 5226//5 5227//5
f 5195//5 5194//5 5227//5 5228//5
f 5196//5 5195//5 5228//5 5229//5
f 5197//5 5196//5 5229//5 5230//5
f 5198//5 5197//5 5230//5 5231//5
f 5199//3 5232//3 5233//3 5200//3
f 5200//3 5233//3 5234//3 5201//3
f 5201//3 5234//3 5235//3 5202//3
f 5202//3 5235//3 5236//3 5203//3
f 5203//3 5236//3 5237//3 5204//3
f 5204//3 5237//3 5238//3 5205//3
f 5205//3 5238//3 5239//3 5206//3
f 5206//3 5239//3 5240//3 5207//3
f 5207//3 5240//3 5241//3 5208//3
f 5208//3 5241//3 5242//3 5209//3
f 5209//3 5242//3 5243//3 5210//3
f 5210//3 5243//3 5244//3 5211//3
f 5211//3 5244//3 5245//3 5212//3
f 5212//3 5245//3 5246//3 5213//3
f 5213//3 5246//3 5247//3 5214//3
f 5216//5 5215//5 5248//5 5249//5
f 5214//3 5247//3 5248//3 5215//3
f 5217//5 5216//5 5249//5 5250//5
f 5218//5 5217//5 5250//5 5251//5
f 5219//5 5218//5 5251//5 5252//5
f 5220//5 5219//5 5252//5 5253//5
f 5221//5 5220//5 5253//5 5254//5
f 5222//5 5221//5 5254//5 5255//5
f 5223//5 5222//5 5255//5 5256//5
f 5224//5 5223//5 5256//5 5257//5
f 5225//5 5224//5 5257//5 5258//5
f 5226//5 5225//5 5258//5 5259//5
f 5227//5 5226//5 5259//5 5260//5
f 5228//5 5227//5 5260//5 5261//5
f 5229//5 5228//5 5261//5 5262//5
f 5230//5 5229//5 5262//5 5263//5
f 5231//5 5230//5 5263//5 5264//5
f 5232//3 5265//3 5266//3 5233//3
f 5233//3 5266//3 5267//3 5234//3
f 5234//3 5267//3 5268//3 5235//3
f 5235//3 5268//3 5269//3 5236//3
f 5236//3 5269//3 5270//3 5237//3
f 5237//3 5270//3 5271//3 5238//3
f 5238//3 5271//3 5272//3 5239//3
f 5239//3 5272//3 5273//3 5240//3
f 5240//3 5273//3 5274//3 5241//3
f 5241//3 5274//3 5275//3 5242//3
f 5242//3 5275//3 5276//3 5243//3
f 5243//3 5276//3 5277//3 5244//3
f 5244//3 5277//3 5278//3 5245//3
f 5245//3 5278//3 5279//3 5246//3
f 5246//3 5279//3 5280//3 5247//3
f 5249//5 5248//5 5281//5 5282//5
f 5247//3 5280//3 5281//3 5248//3
f 5250//5 5249//5 5282//5 5283//5
f 5251//5 5250//5 5283//5 5284//5
f 5252//5 5251//5 5284//5 5285//5
f 5253//5 5252//5 5285//5 5286//5
f 5254//5 5253//5 5286//5 5287//5
f 5255//5 5254//5 5287//5 5288//5
f 5256//5 5255//5 5288//5 5289//5
f 5257//5 5256//5 5289//5 5290//5
f 5258//5 5257//5 5290//5 5291//5
f 5259//5 5258//5 5291//5 5292//5
f 5260//5 5259//5 5292//5 5293//5
f 5261//5 5260//5 5293//5 5294//5
f 5262//5 5261//5 5294//5 5295//5
f 5263//5 5262//5 5295//5 5296//5
f 5264//5 5263//5 5296//5 5297//5
f 5265//3 5298//3 5299//3 5266//3
f 5266//3 5299//3 5300//3 5267//3
f 5267//3 5300//3 5301//3 5268//3
f 5268//3 5301//3 5302//3 5269//3
f 5269//3 5302//3 5303//3 5270//3
f 5270//3 5303//3 5304//3 5271//3
f 5271//3 5304//3 5305//3 5272//3
f 5272//3 5305//3 5306//3 5273//3
f 5273//3 5306//3 5307//3 5274//3
f 5274//3 5307//3 5308//3 5275//3
f 5275//3 5308//3 5309//3 5276//3
f 5276//3 5309//3 5310//3 5277//3
f 5277//3 5310//3 5311//3 5278//3
f 5278//3 5311//3 5312//3 5279//3
f 5279//3 5312//3 5313//3 5280//3
f 5282//5 5281//5 5314//5 5315//5
f 5280//3 5313//3 5314//3 5281//3
f 5283//5 5282//5 5315//5 5316//5
f 5284//5 5283//5 5316//5 5317//5
f 5285//5 5284//5 5317//5 5318//5
f 5286//5 5285//5 5318//5 5319//5
f 5287//5 5286//5 5319//5 5320//5
f 5288//5 5287//5 5320//5 5321//5
f 5289//5 5288//5 5321//5 5322//5
f 5290//5 5289//5 5322//5 5323//5
f 5291//5 5290//5 5323//5 5324//5
f 5292//5 5291//5 5324//5 5325//5
f 5293//5 5292//5 5325//5 5326//5
f 5294//5 5293//5 5326//5 5327//5
f 5295//5 5294//5 5327//5 5328//5
f 5296//5 5295//5 5328//5 5329//5
f 5297//5 5296//5 5329//5 5330//5
f 5331//6 5332//6 5333//6 5334//6
f 5298//3 5334//3 5333//3 5299//3
f 5335//6 5336//6 5332//6 5331//6
f 5337//6 5338//6 5336//6 5335//6
f 5339//6 5340//6 5338//6 5337//6
f 5341//6 5342//6 5340//6 5339//6
f 5343//6 5344//6 5342//6 5341//6
f 5345//6 5346//6 5344//6 5343//6
f 5347//6 5348//6 5346//6 5345//6
f 5349//6 5350//6 5348//6 5347//6
f 5351//6 5352//6 5350//6 5349//6
f 5353//6 5354//6 5352//6 5351//6
f 5355//6 5356//6 5354//6 5353//6
f 5357//6 5358//6 5356//6 5355//6
f 5359//6 5360//6 5358//6 5357//6
f 5361//6 5362//6 5360//6 5359//6
f 5363//6 5364//6 5362//6 5361//6
f 5332//6 5365//6 5366//6 5333//6
f 5299//3 5333//3 5366//3 5300//3
f 5336//6 5367//6 5365//6 5332//6
f 5338//6 5368//6 5367//6 5336//6
f 5340//6 5369//6 5368//6 5338//6
f 5342//6 5370//6 5369//6 5340//6
f 5344//6 5371//6 5370//6 5342//6
f 5346//6 5372//6 5371//6 5344//6
f 5348//6 5373//6 5372//6 5346//6
f 5350//6 5374//6 5373//6 5348//6
f 5352//6 5375//6 5374//6 5350//6
f 5354//6 5376//6 5375//6 5352//6
f 5356//6 5377//6 5376//6 5354//6
f 5358//6 5378//6 5377//6 5356//6
f 5360//6 5379//6 5378//6 5358//6
f 5362//6 5380//6 5379//6 5360//6
f 5364//6 5381//6 5380//6 5362//6
f 5365//6 5382//6 5383//6 5366//6
f 5300//3 5366//3 5383//3 5301//3
f 5367//6 5384//6 5382//6 5365//6
f 5368//6 5385//6 5384//6 5367//6
f 5369//6 5386//6 5385//6 5368//6
f 5370//6 5387//6 5386//6 5369//6
f 5371//6 5388//6 5387//6 5370//6
f 5372//6 5389//6 5388//6 5371//6
f 5373//6 5390//6 5389//6 5372//6
f 5374//6 5391//6 5390//6 5373//6
f 5375//6 5392//6 5391//6 5374//6
f 5376//6 5393//6 5392//6 5375//6
f 5377//6 5394//6 5393//6 5376//6
f 5378//6 5395//6 5394//6 5377//6
f 5379//6 5396//6 5395//6 5378//6
f 5380//6 5397//6 5396//6 5379//6
f 5381//6 5398//6 5397//6 5380//6
f 5382//6 5399//6 5400//6 5383//6
f 5301//3 5383//3 5400//3 5302//3
f 5384//6 5401//6 5399//6 5382//6
f 5385//6 5402//6 5401//6 5384//6
f 5386//6 5403//6 5402//6 5385//6
f 5387//6 5404//6 5403//6 5386//6
f 5388//6 5405//6 5404//6 5387//6
f 5389//6 5406//6 5405//6 5388//6
f 5390//6 5407//6 5406//6 5389//6
f 5391//6 5408//6 5407//6 5390//6
f 5392//6 5409//6 5408//6 5391//6
f 5393//6 5410//6 5409//6 5392//6
f 5394//6 5411//6 5410//6 5393//6
f 5395//6 5412//6 5411//6 5394//6
f 5396//6 5413//6 5412//6 5395//6
f 5397//6 5414//6 5413//6 5396//6
f 5398//6 5415//6 5414//6 5397//6
f 5399//6 5416//6 5417//6 5400//6
f 5302//3 5400//3 5417//3 5303//3
f 5401//6 5418//6 5416//6 5399//6
f 5402//6 5419//6 5418//6 5401//6
f 5403//6 5420//6 5419//6 5402//6
f 5404//6 5421//6 5420//6 5403//6
f 5405//6 5422//6 5421//6 5404//6
f 5406//6 5423//6 5422//6 5405//6
f 5407//6 5424//6 5423//6 5406//6
f 5408//6 5425//6 5424//6 5407//6
f 5409//6 5426//6 5425//6 5408//6
f 5410//6 5427//6 5426//6 5409//6
f 5411//6 5428//6 5427//6 5410//6
f 5412//6 5429//6 5428//6 5411//6
f 5413//6 5430//6 5429//6 5412//6
f 5414//6 5431//6 5430//6 5413//6
f 5415//6 5432//6 5431//6 5414//6
f 5416//6 5433//6 5434//6 5417//6
f 5303//3 5417//3 5434//3 5304//3
f 5418//6 5435//6 5433//6 5416//6
f 5419//6 5436//6 5435//6 5418//6
f 5420//6 5437//6 5436//6 5419//6
f 5421//6 5438//6 5437//6 5420//6
f 5422//6 5439//6 5438//6 5421//6
f 5423//6 5440//6 5439//6 5422//6
f 5424//6 5441//6 5440//6 5423//6
f 5425//6 5442//6 5441//6 5424//6
f 5426//6 5443//6 5442//6 5425//6
f 5427//6 5444//6 5443//6 5426//6
f 5428//6 5445//6 5444//6 5427//6
f 5429//6 5446//6 5445//6 5428//6
f 5430//6 5447//6 5446//6 5429//6
f 5431//6 5448//6 5447//6 5430//6
f 5432//6 5449//6 5448//6 5431//6
f 5433//6 5450//6 5451//6 5434//6
f 5304//3 5434//3 5451//3 5305//3
f 5435//6 5452//6 5450//6 5433//6
f 5436//6 5453//6 5452//6 5435//6
f 5437//6 5454//6 5453//6 5436//6
f 5438//6 5455//6 5454//6 5437//6
f 5439//6 5456//6 5455//6 5438//6
f 5440//6 5457//6 5456//6 5439//6
f 5441//6 5458//6 5457//6 5440//6
f 5442//6 5459//6 5458//6 5441//6
f 5443//6 5460//6 5459//6 5442//6
f 5444//6 5461//6 5460//6 5443//6
f 5445//6 5462//6 5461//6 5444//6
f 5446//6 5463//6 5462//6 5445//6
f 5447//6 5464//6 5463//6 5446//6
f 5448//6 5465//6 5464//6 5447//6
f 5449//6 5466//6 5465//6 5448//6
f 5450//6 5467//6 5468//6 5451//6
f 5305//3 5451//3 5468//3 5306//3
f 5452//6 5469//6 5467//6 5450//6
f 5453//6 5470//6 5469//6 5452//6
f 5454//6 5471//6 5470//6 5453//6
f 5455//6 5472//6 5471//6 5454//6
f 5456//6 5473//6 5472//6 5455//6
f 5457//6 5474//6 5473//6 5456//6
f 5458//6 5475//6 5474//6 5457//6
f 5459//6 5476//6 5475//6 5458//6
f 5460//6 5477//6 5476//6 5459//6
f 5461//6 5478//6 5477//6 5460//6
f 5462//6 5479//6 5478//6 5461//6
f 5463//6 5480//6 5479//6 5462//6
f 5464//6 5481//6 5480//6 5463//6
f 5465//6 5482//6 5481//6 5464//6
f 5466//6 5483//6 5482//6 5465//6
f 5467//6 5484//6 5485//6 5468//6
f 5306//3 5468//3 5485//3 5307//3
f 5469//6 5486//6 5484//6 5467//6
f 5470//6 5487//6 5486//6 5469//6
f 5471//6 5488//6 5487//6 5470//6
f 5472//6 5489//6 5488//6 5471//6
f 5473//6 5490//6 5489//6 5472//6
f 5474//6 5491//6 5490//6 5473//6
f 5475//6 5492//6 5491//6 5474//6
f 5476//6 5493//6 5492//6 5475//6
f 5477//6 5494//6 5493//6 5476//6
f 5478//6 5495//6 5494//6 5477//6
f 5479//6 5496//6 5495//6 5478//6
f 5480//6 5497//6 5496//6 5479//6
f 5481//6 5498//6 5497//6 5480//6
f 5482//6 5499//6 5498//6 5481//6
f 5483//6 5500//6 5499//6 5482//6
f 5484//6 5501//6 5502//6 5485//6
f 5307//3 5485//3 5502//3 5308//3
f 5486//6 5503//6 5501//6 5484//6
f 5487//6 5504//6 5503//6 5486//6
f 5488//6 5505//6 5504//6 5487//6
f 5489//6 5506//6 5505//6 5488//6
f 5490//6 5507//6 5506//6 5489//6
f 5491//6 5508//6 5507//6 5490//6
f 5492//6 5509//6 5508//6 5491//6
f 5493//6 5510//6 5509//6 5492//6
f 5494//6 5511//6 5510//6 5493//6
f 5495//6 5512//6 5511//6 5494//6
f 5496//6 5513//6 5512//6 5495//6
f 5497//6 5514//6 5513//6 5496//6
f 5498//6 5515//6 5514//6 5497//6
f 5499//6 5516//6 5515//6 5498//6
f 5500//6 5517//6 5516//6 5499//6
f 5501//6 5518//6 5519//6 5502//6
f 5308//3 5502//3 5519//3 5309//3
f 5503//6 5520//6 5518//6 5501//6
f 5504//6 5521//6 5520//6 5503//6
f 5505//6 5522//6 5521//6 5504//6
f 5506//6 5523//6 5522//6 5505//6
f 5507//6 5524//6 5523//6 5506//6
f 5508//6 5525//6 5524//6 5507//6
f 5509//6 5526//6 5525//6 5508//6
f 5510//6 5527//6 5526//6 5509//6
f 5511//6 5528//6 5527//6 5510//6
f 5512//6 5529//6 5528//6 5511//6
f 5513//6 5530//6 5529//6 5512//6
f 5514//6 5531//6 5530//6 5513//6
f 5515//6 5532//6 5531//6 5514//6
f 5516//6 5533//6 5532//6 5515//6
f 5517//6 5534//6 5533//6 5516//6
f 5518//6 5535//6 5536//6 5519//6
f 5309//3 5519//3 5536//3 5310//3
f 5520//6 5537//6 5535//6 5518//6
f 5521//6 5538//6 5537//6 5520//6
f 5522//6 5539//6 5538//6 5521//6
f 5523//6 5540//6 5539//6 5522//6
f 5524//6 5541//6 5540//6 5523//6
f 5525//6 5542//6 5541//6 5524//6
f 5526//6 5543//6 5542//6 5525//6
f 5527//6 5544//6 5543//6 5526//6
f 5528//6 5545//6 5544//6 5527//6
f 5529//6 5546//6 5545//6 5528//6
f 5530//6 5547//6 5546//6 5529//6
f 5531//6 5548//6 5547//6 5530//6
f 5532//6 5549//6 5548//6 5531//6
f 5533//6 5550//6 5549//6 5532//6
f 5534//6 5551//6 5550//6 5533//6
f 5535//6 5552//6 5553//6 5536//6
f 5310//3 5536//3 5553//3 5311//3
f 5537//6 5554//6 5552//6 5535//6
f 5538//6 5555//6 5554//6 5537//6
f 5539//6 5556//6 5555//6 5538//6
f 5540//6 5557//6 5556//6 5539//6
f 5541//6 5558//6 5557//6 5540//6
f 5542//6 5559//6 5558//6 5541//6
f 5543//6 5560//6 5559//6 5542//6
f 5544//6 5561//6 5560//6 5543//6
f 5545//6 5562//6 5561//6 5544//6
f 5546//6 5563//6 5562//6 5545//6
f 5547//6 5564//6 5563//6 5546//6
f 5548//6 5565//6 5564//6 5547//6
f 5549//6 5566//6 5565//6 5548//6
f 5550//6 5567//6 5566//6 5549//6
f 5551//6 5568//6 5567//6 5550//6
f 5552//6 5569//6 5570//6 5553//6
f 5311//3 5553//3 5570//3 5312//3
f 5554//6 5571//6 5569//6 5552//6
f 5555//6 5572//6 5571//6 5554//6
f 5556//6 5573//6 5572//6 5555//6
f 5557//6 5574//6 5573//6 5556//6
f 5558//6 5575//6 5574//6 5557//6
f 5559//6 5576//6 5575//6 5558//6
f 5560//6 5577//6 5576//6 5559//6
f 5561//6 5578//6 5577//6 5560//6
f 5562//6 5579//6 5578//6 5561//6
f 5563//6 5580//6 5579//6 5562//6
f 5564//6 5581//6 5580//6 5563//6
f 5565//6 5582//6 5581//6 5564//6
f 5566//6 5583//6 5582//6 5565//6
f 5567//6 5584//6 5583//6 5566//6
f 5568//6 5585//6 5584//6 5567//6
f 5569//6 5586//6 5587//6 5570//6
f 5312//3 5570//3 5587//3 5313//3
f 5571//6 5588//6 5586//6 5569//6
f 5572//6 5589//6 5588//6 5571//6
f 5573//6 5590//6 5589//6 5572//6
f 5574//6 5591//6 5590//6 5573//6
f 5575//6 5592//6 5591//6 5574//6
f 5576//6 5593//6 5592//6 5575//6
f 5577//6 5594//6 5593//6 5576//6
f 5578//6 5595//6 5594//6 5577//6
f 5579//6 5596//6 5595//6 5578//6
f 5580//6 5597//6 5596//6 5579//6
f 5581//6 5598//6 5597//6 5580//6
f 5582//6 5599//6 5598//6 5581//6
f 5583//6 5600//6 5599//6 5582//6
f 5584//6 5601//6 5600//6 5583//6
f 5585//6 5602//6 5601//6 5584//6
f 5315//5 5314//5 5603//5 5604//5
f 5586//6 5604//6 5603//6 5587//6
f 5313//3 5587//3 5603//3 5314//3
f 5316//5 5315//5 5604//5 5605//5
f 5588//6 5605//6 5604//6 5586//6
f 5317//5 5316//5 5605//5 5606//5
f 5589//6 5606//6 5605//6 5588//6
f 5318//5 5317//5 5606//5 5607//5
f 5590//6 5607//6 5606//6 5589//6
f 5319//5 5318//5 5607//5 5608//5
f 5591//6 5608//6 5607//6 5590//6
f 5320//5 5319//5 5608//5 5609//5
f 5592//6 5609//6 5608//6 5591//6
f 5321//5 5320//5 5609//5 5610//5
f 5593//6 5610//6 5609//6 5592//6
f 5322//5 5321//5 5610//5 5611//5
f 5594//6 5611//6 5610//6 5593//6
f 5323//5 5322//5 5611//5 5612//5
f 5595//6 5612//6 5611//6 5594//6
f 5324//5 5323//5 5612//5 5613//5
f 5596//6 5613//6 5612//6 5595//6
f 5325//5 5324//5 5613//5 5614//5
f 5597//6 5614//6 5613//6 5596//6
f 5326//5 5325//5 5614//5 5615//5
f 5598//6 5615//6 5614//6 5597//6
f 5327//5 5326//5 5615//5 5616//5
f 5599//6 5616//6 5615//6 5598//6
f 5328//5 5327//5 5616//5 5617//5
f 5600//6 5617//6 5616//6 5599//6
f 5329//5 5328//5 5617//5 5618//5
f 5601//6 5618//6 5617//6 5600//6
f 5330//5 5329//5 5618//5 5619//5
f 5602//6 5619//6 5618//6 5601//6
f 5620//4 5621//4 5622//4 5623//4
f 5621//4 5624//4 5625//4 5622//4
f 5624//4 5626//4 5627//4 5625//4
f 5626//4 5628//4 5629//4 5627//4
f 5628//4 5630//4 5631//4 5629//4
f 5630//4 5632//4 5633//4 5631//4
f 5632//4 5634//4 5635//4 5633//4
f 5634//4 5636//4 5637//4 5635//4
f 5636//4 5638//4 5639//4 5637//4
f 5638//4 5640//4 5641//4 5639//4
f 5640//4 5642//4 5643//4 5641//4
f 5642//4 5644//4 5645//4 5643//4
f 5644//4 5646//4 5647//4 5645//4
f 5646//4 5648//4 5649//4 5647//4
f 5648//4 5650//4 5651//4 5649//4
f 5652//5 4867//5 4868//5 5653//5
f 5654//5 5652//5 5653//5 5655//5
f 5656//5 5654//5 5655//5 5657//5
f 5658//5 5656//5 5657//5 5659//5
f 5660//5 5658//5 5659//5 5661//5
f 5662//5 5660//5 5661//5 5663//5
f 5664//5 5662//5 5663//5 5665//5
f 5666//5 5664//5 5665//5 5667//5
f 5668//5 5666//5 5667//5 5669//5
f 5670//5 5668//5 5669//5 5671//5
f 5672//5 5670//5 5671//5 5673//5
f 5674//5 5672//5 5673//5 5675//5
f 5676//5 5674//5 5675//5 5677//5
f 5678//5 5676//5 5677//5 5679//5
f 5680//5 5678//5 5679//5 5681//5
f 5682//5 5680//5 5681//5 5683//5
f 5650//4 5682//4 5683//4 5651//4
f 5623//4 5622//4 5684//4 5685//4
f 5622//4 5625//4 5686//4 5684//4
f 5625//4 5627//4 5687//4 5686//4
f 5627//4 5629//4 5688//4 5687//4
f 5629//4 5631//4 5689//4 5688//4
f 5631//4 5633//4 5690//4 5689//4
f 5633//4 5635//4 5691//4 5690//4
f 5635//4 5637//4 5692//4 5691//4
f 5637//4 5639//4 5693//4 5692//4
f 5639//4 5641//4 5694//4 5693//4
f 5641//4 5643//4 5695//4 5694//4
f 5643//4 5645//4 5696//4 5695//4
f 5645//4 5647//4 5697//4 5696//4
f 5647//4 5649//4 5698//4 5697//4
f 5649//4 5651//4 5699//4 5698//4
f 5653//5 4868//5 4901//5 5700//5
f 5655//5 5653//5 5700//5 5701//5
f 5657//5 5655//5 5701//5 5702//5
f 5659//5 5657//5 5702//5 5703//5
f 5661//5 5659//5 5703//5 5704//5
f 5663//5 5661//5 5704//5 5705//5
f 5665//5 5663//5 5705//5 5706//5
f 5667//5 5665//5 5706//5 5707//5
f 5669//5 5667//5 5707//5 5708//5
f 5671//5 5669//5 5708//5 5709//5
f 5673//5 5671//5 5709//5 5710//5
f 5675//5 5673//5 5710//5 5711//5
f 5677//5 5675//5 5711//5 5712//5
f 5679//5 5677//5 5712//5 5713//5
f 5681//5 5679//5 5713//5 5714//5
f 5683//5 5681//5 5714//5 5715//5
f 5651//4 5683//4 5715//4 5699//4
f 5685//4 5684//4 5716//4 5717//4
f 5684//4 5686//4 5718//4 5716//4
f 5686//4 5687//4 5719//4 5718//4
f 5687//4 5688//4 5720//4 5719//4
f 5688//4 5689//4 5721//4 5720//4
f 5689//4 5690//4 5722//4 5721//4
f 5690//4 5691//4 5723//4 5722//4
f 5691//4 5692//4 5724//4 5723//4
f 5692//4 5693//4 5725//4 5724//4
f 5693//4 5694//4 5726//4 5725//4
f 5694//4 5695//4 5727//4 5726//4
f 5695//4 5696//4 5728//4 5727//4
f 5696//4 5697//4 5729//4 5728//4
f 5697//4 5698//4 5730//4 5729//4
f 5698//4 5699//4 5731//4 5730//4
f 5700//5 4901//5 4934//5 5732//5
f 5701//5 5700//5 5732//5 5733//5
f 5702//5 5701//5 5733//5 5734//5
f 5703//5 5702//5 5734//5 5735//5
f 5704//5 5703//5 5735//5 5736//5
f 5705//5 5704//5 5736//5 5737//5
f 5706//5 5705//5 5737//5 5738//5
f 5707//5 5706//5 5738//5 5739//5
f 5708//5 5707//5 5739//5 5740//5
f 5709//5 5708//5 5740//5 5741//5
f 5710//5 5709//5 5741//5 5742//5
f 5711//5 5710//5 5742//5 5743//5
f 5712//5 5711//5 5743//5 5744//5
f 5713//5 5712//5 5744//5 5745//5
f 5714//5 5713//5 5745//5 5746//5
f 5715//5 5714//5 5746//5 5747//5
f 5699//4 5715//4 5747//4 5731//4
f 5717//4 5716//4 5748//4 5749//4
f 5716//4 5718//4 5750//4 5748//4
f 5718//4 5719//4 5751//4 5750//4
f 5719//4 5720//4 5752//4 5751//4
f 5720//4 5721//4 5753//4 5752//4
f 5721//4 5722//4 5754//4 5753//4
f 5722//4 5723//4 5755//4 5754//4
f 5723//4 5724//4 5756//4 5755//4
f 5724//4 5725//4 5757//4 5756//4
f 5725//4 5726//4 5758//4 5757//4
f 5726//4 5727//4 5759//4 5758//4
f 5727//4 5728//4 5760//4 5759//4
f 5728//4 5729//4 5761//4 5760//4
f 5729//4 5730//4 5762//4 5761//4
f 5730//4 5731//4 5763//4 5762//4
f 5732//5 4934//5 4967//5 5764//5
f 5733//5 5732//5 5764//5 5765//5
f 5734//5 5733//5 5765//5 5766//5
f 5735//5 5734//5 5766//5 5767//5
f 5736//5 5735//5 5767//5 5768//5
f 5737//5 5736//5 5768//5 5769//5
f 5738//5 5737//5 5769//5 5770//5
f 5739//5 5738//5 5770//5 5771//5
f 5740//5 5739//5 5771//5 5772//5
f 5741//5 5740//5 5772//5 5773//5
f 5742//5 5741//5 5773//5 5774//5
f 5743//5 5742//5 5774//5 5775//5
f 5744//5 5743//5 5775//5 5776//5
f 5745//5 5744//5 5776//5 5777//5
f 5746//5 5745//5 5777//5 5778//5
f 5747//5 5746//5 5778//5 5779//5
f 5731//4 5747//4 5779//4 5763//4
f 5749//4 5748//4 5780//4 5781//4
f 5748//4 5750//4 5782//4 5780//4
f 5750//4 5751//4 5783//4 5782//4
f 5751//4 5752//4 5784//4 5783//4
f 5752//4 5753//4 5785//4 5784//4
f 5753//4 5754//4 5786//4 5785//4
f 5754//4 5755//4 5787//4 5786//4
f 5755//4 5756//4 5788//4 5787//4
f 5756//4 5757//4 5789//4 5788//4
f 5757//4 5758//4 5790//4 5789//4
f 5758//4 5759//4 5791//4 5790//4
f 5759//4 5760//4 5792//4 5791//4
f 5760//4 5761//4 5793//4 5792//4
f 5761//4 5762//4 5794//4 5793//4
f 5762//4 5763//4 5795//4 5794//4
f 5764//5 4967//5 5000//5 5796//5
f 5765//5 5764//5 5796//5 5797//5
f 5766//5 5765//5 5797//5 5798//5
f 5767//5 5766//5 5798//5 5799//5
f 5768//5 5767//5 5799//5 5800//5
f 5769//5 5768//5 5800//5 5801//5
f 5770//5 5769//5 5801//5 5802//5
f 5771//5 5770//5 5802//5 5803//5
f 5772//5 5771//5 5803//5 5804//5
f 5773//5 5772//5 5804//5 5805//5
f 5774//5 5773//5 5805//5 5806//5
f 5775//5 5774//5 5806//5 5807//5
f 5776//5 5775//5 5807//5 5808//5
f 5777//5 5776//5 5808//5 5809//5
f 5778//5 5777//5 5809//5 5810//5
f 5779//5 5778//5 5810//5 5811//5
f 5763//4 5779//4 5811//4 5795//4
f 5781//4 5780//4 5812//4 5813//4
f 5780//4 5782//4 5814//4 5812//4
f 5782//4 5783//4 5815//4 5814//4
f 5783//4 5784//4 5816//4 5815//4
f 5784//4 5785//4 5817//4 5816//4
f 5785//4 5786//4 5818//4 5817//4
f 5786//4 5787//4 5819//4 5818//4
f 5787//4 5788//4 5820//4 5819//4
f 5788//4 5789//4 5821//4 5820//4
f 5789//4 5790//4 5822//4 5821//4
f 5790//4 5791//4 5823//4 5822//4
f 5791//4 5792//4 5824//4 5823//4
f 5792//4 5793//4 5825//4 5824//4
f 5793//4 5794//4 5826//4 5825//4
f 5794//4 5795//4 5827//4 5826//4
f 5796//5 5000//5 5033//5 5828//5
f 5797//5 5796//5 5828//5 5829//5
f 5798//5 5797//5 5829//5 5830//5
f 5799//5 5798//5 5830//5 5831//5
f 5800//5 5799//5 5831//5 5832//5
f 5801//5 5800//5 5832//5 5833//5
f 5802//5 5801//5 5833//5 5834//5
f 5803//5 5802//5 5834//5 5835//5
f 5804//5 5803//5 5835//5 5836//5
f 5805//5 5804//5 5836//5 5837//5
f 5806//5 5805//5 5837//5 5838//5
f 5807//5 5806//5 5838//5 5839//5
f 5808//5 5807//5 5839//5 5840//5
f 5809//5 5808//5 5840//5 5841//5
f 5810//5 5809//5 5841//5 5842//5
f 5811//5 5810//5 5842//5 5843//5
f 5795//4 5811//4 5843//4 5827//4
f 5813//4 5812//4 5844//4 5845//4
f 5812//4 5814//4 5846//4 5844//4
f 5814//4 5815//4 5847//4 5846//4
f 5815//4 5816//4 5848//4 5847//4
f 5816//4 5817//4 5849//4 5848//4
f 5817//4 5818//4 5850//4 5849//4
f 5818//4 5819//4 5851//4 5850//4
f 5819//4 5820//4 5852//4 5851//4
f 5820//4 5821//4 5853//4 5852//4
f 5821//4 5822//4 5854//4 5853//4
f 5822//4 5823//4 5855//4 5854//4
f 5823//4 5824//4 5856//4 5855//4
f 5824//4 5825//4 5857//4 5856//4
f 5825//4 5826//4 5858//4 5857//4
f 5826//4 5827//4 5859//4 5858//4
f 5828//5 5033//5 5066//5 5860//5
f 5829//5 5828//5 5860//5 5861//5
f 5830//5 5829//5 5861//5 5862//5
f 5831//5 5830//5 5862//5 5863//5
f 5832//5 5831//5 5863//5 5864//5
f 5833//5 5832//5 5864//5 5865//5
f 5834//5 5833//5 5865//5 5866//5
f 5835//5 5834//5 5866//5 5867//5
f 5836//5 5835//5 5867//5 5868//5
f 5837//5 5836//5 5868//5 5869//5
f 5838//5 5837//5 5869//5 5870//5
f 5839//5 5838//5 5870//5 5871//5
f 5840//5 5839//5 5871//5 5872//5
f 5841//5 5840//5 5872//5 5873//5
f 5842//5 5841//5 5873//5 5874//5
f 5843//5 5842//5 5874//5 5875//5
f 5827//4 5843//4 5875//4 5859//4
f 5845//4 5844//4 5876//4 5877//4
f 5844//4 5846//4 5878//4 5876//4
f 5846//4 5847//4 5879//4 5878//4
f 5847//4 5848//4 5880//4 5879//4
f 5848//4 5849//4 5881//4 5880//4
f 5849//4 5850//4 5882//4 5881//4
f 5850//4 5851//4 5883//4 5882//4
f 5851//4 5852//4 5884//4 5883//4
f 5852//4 5853//4 5885//4 5884//4
f 5853//4 5854//4 5886//4 5885//4
f 5854//4 5855//4 5887//4 5886//4
f 5855//4 5856//4 5888//4 5887//4
f 5856//4 5857//4 5889//4 5888//4
f 5857//4 5858//4 5890//4 5889//4
f 5858//4 5859//4 5891//4 5890//4
f 5860//5 5066//5 5099//5 5892//5
f 5861//5 5860//5 5892//5 5893//5
f 5862//5 5861//5 5893//5 5894//5
f 5863//5 5862//5 5894//5 5895//5
f 5864//5 5863//5 5895//5 5896//5
f 5865//5 5864//5 5896//5 5897//5
f 5866//5 5865//5 5897//5 5898//5
f 5867//5 5866//5 5898//5 5899//5
f 5868//5 5867//5 5899//5 5900//5
f 5869//5 5868//5 5900//5 5901//5
f 5870//5 5869//5 5901//5 5902//5
f 5871//5 5870//5 5902//5 5903//5
f 5872//5 5871//5 5903//5 5904//5
f 5873//5 5872//5 5904//5 5905//5
f 5874//5 5873//5 5905//5 5906//5
f 5875//5 5874//5 5906//5 5907//5
f 5859//4 5875//4 5907//4 5891//4
f 5877//4 5876//4 5908//4 5909//4
f 5876//4 5878//4 5910//4 5908//4
f 5878//4 5879//4 5911//4 5910//4
f 5879//4 5880//4 5912//4 5911//4
f 5880//4 5881//4 5913//4 5912//4
f 5881//4 5882//4 5914//4 5913//4
f 5882//4 5883//4 5915//4 5914//4
f 5883//4 5884//4 5916//4 5915//4
f 5884//4 5885//4 5917//4 5916//4
f 5885//4 5886//4 5918//4 5917//4
f 5886//4 5887//4 5919//4 5918//4
f 5887//4 5888//4 5920//4 5919//4
f 5888//4 5889//4 5921//4 5920//4
f 5889//4 5890//4 5922//4 5921//4
f 5890//4 5891//4 5923//4 5922//4
f 5892//5 5099//5 5132//5 5924//5
f 5893//5 5892//5 5924//5 5925//5
f 5894//5 5893//5 5925//5 5926//5
f 5895//5 5894//5 5926//5 5927//5
f 5896//5 5895//5 5927//5 5928//5
f 5897//5 5896//5 5928//5 5929//5
f 5898//5 5897//5 5929//5 5930//5
f 5899//5 5898//5 5930//5 5931//5
f 5900//5 5899//5 5931//5 5932//5
f 5901//5 5900//5 5932//5 5933//5
f 5902//5 5901//5 5933//5 5934//5
f 5903//5 5902//5 5934//5 5935//5
f 5904//5 5903//5 5935//5 5936//5
f 5905//5 5904//5 5936//5 5937//5
f 5906//5 5905//5 5937//5 5938//5
f 5907//5 5906//5 5938//5 5939//5
f 5891//4 5907//4 5939//4 5923//4
f 5909//4 5908//4 5940//4 5941//4
f 5908//4 5910//4 5942//4 5940//4
f 5910//4 5911//4 5943//4 5942//4
f 5911//4 5912//4 5944//4 5943//4
f 5912//4 5913//4 5945//4 5944//4
f 5913//4 5914//4 5946//4 5945//4
f 5914//4 5915//4 5947//4 5946//4
f 5915//4 5916//4 5948//4 5947//4
f 5916//4 5917//4 5949//4 5948//4
f 5917//4 5918//4 5950//4 5949//4
f 5918//4 5919//4 5951//4 5950//4
f 5919//4 5920//4 5952//4 5951//4
f 5920//4 5921//4 5953//4 5952//4
f 5921//4 5922//4 5954//4 5953//4
f 5922//4 5923//4 5955//4 5954//4
f 5924//5 5132//5 5165//5 5956//5
f 5925//5 5924//5 5956//5 5957//5
f 5926//5 5925//5 5957//5 5958//5
f 5927//5 5926//5 5958//5 5959//5
f 5928//5 5927//5 5959//5 5960//5
f 5929//5 5928//5 5960//5 5961//5
f 5930//5 5929//5 5961//5 5962//5
f 5931//5 5930//5 5962//5 5963//5
f 5932//5 5931//5 5963//5 5964//5
f 5933//5 5932//5 5964//5 5965//5
f 5934//5 5933//5 5965//5 5966//5
f 5935//5 5934//5 5966//5 5967//5
f 5936//5 5935//5 5967//5 5968//5
f 5937//5 5936//5 5968//5 5969//5
f 5938//5 5937//5 5969//5 5970//5
f 5939//5 5938//5 5970//5 5971//5
f 5923//4 5939//4 5971//4 5955//4
f 5941//4 5940//4 5972//4 5973//4
f 5940//4 5942//4 5974//4 5972//4
f 5942//4 5943//4 5975//4 5974//4
f 5943//4 5944//4 5976//4 5975//4
f 5944//4 5945//4 5977//4 5976//4
f 5945//4 5946//4 5978//4 5977//4
f 5946//4 5947//4 5979//4 5978//4
f 5947//4 5948//4 5980//4 5979//4
f 5948//4 5949//4 5981//4 5980//4
f 5949//4 5950//4 5982//4 5981//4
f 5950//4 5951//4 5983//4 5982//4
f 5951//4 5952//4 5984//4 5983//4
f 5952//4 5953//4 5985//4 5984//4
f 5953//4 5954//4 5986//4 5985//4
f 5954//4 5955//4 5987//4 5986//4
f 5956//5 5165//5 5198//5 5988//5
f 5957//5 5956//5 5988//5 5989//5
f 5958//5 5957//5 5989//5 5990//5
f 5959//5 5958//5 5990//5 5991//5
f 5960//5 5959//5 5991//5 5992//5
f 5961//5 5960//5 5992//5 5993//5
f 5962//5 5961//5 5993//5 5994//5
f 5963//5 5962//5 5994//5 5995//5
f 5964//5 5963//5 5995//5 5996//5
f 5965//5 5964//5 5996//5 5997//5
f 5966//5 5965//5 5997//5 5998//5
f 5967//5 5966//5 5998//5 5999//5
f 5968//5 5967//5 5999//5 6000//5
f 5969//5 5968//5 6000//5 6001//5
f 5970//5 5969//5 6001//5 6002//5
f 5971//5 5970//5 6002//5 6003//5
f 5955//4 5971//4 6003//4 5987//4
f 5973//4 5972//4 6004//4 6005//4
f 5972//4 5974//4 6006//4 6004//4
f 5974//4 5975//4 6007//4 6006//4
f 5975//4 5976//4 6008//4 6007//4
f 5976//4 5977//4 6009//4 6008//4
f 5977//4 5978//4 6010//4 6009//4
f 5978//4 5979//4 6011//4 6010//4
f 5979//4 5980//4 6012//4 6011//4
f 5980//4 5981//4 6013//4 6012//4
f 5981//4 5982//4 6014//4 6013//4
f 5982//4 5983//4 6015//4 6014//4
f 5983//4 5984//4 6016//4 6015//4
f 5984//4 5985//4 6017//4 6016//4
f 5985//4 5986//4 6018//4 6017//4
f 5986//4 5987//4 6019//4 6018//4
f 5988//5 5198//5 5231//5 6020//5
f 5989//5 5988//5 6020//5 6021//5
f 5990//5 5989//5 6021//5 6022//5
f 5991//5 5990//5 6022//5 6023//5
f 5992//5 5991//5 6023//5 6024//5
f 5993//5 5992//5 6024//5 6025//5
f 5994//5 5993//5 6025//5 6026//5
f 5995//5 5994//5 6026//5 6027//5
f 5996//5 5995//5 6027//5 6028//5
f 5997//5 5996//5 6028//5 6029//5
f 5998//5 5997//5 6029//5 6030//5
f 5999//5 5998//5 6030//5 6031//5
f 6000//5 5999//5 6031//5 6032//5
f 6001//5 6000//5 6032//5 6033//5
f 6002//5 6001//5 6033//5 6034//5
f 6003//5 6002//5 6034//5 6035//5
f 5987//4 6003//4 6035//4 6019//4
f 6005//4 6004//4 6036//4 6037//4
f 6004//4 6006//4 6038//4 6036//4
f 6006//4 6007//4 6039//4 6038//4
f 6007//4 6008//4 6040//4 6039//4
f 6008//4 6009//4 6041//4 6040//4
f 6009//4 6010//4 6042//4 6041//4
f 6010//4 6011//4 6043//4 6042//4
f 6011//4 6012//4 6044//4 6043//4
f 6012//4 6013//4 6045//4 6044//4
f 6013//4 6014//4 6046//4 6045//4
f 6014//4 6015//4 6047//4 6046//4
f 6015//4 6016//4 6048//4 6047//4
f 6016//4 6017//4 6049//4 6048//4
f 6017//4 6018//4 6050//4 6049//4
f 6018//4 6019//4 6051//4 6050//4
f 6020//5 5231//5 5264//5 6052//5
f 6021//5 6020//5 6052//5 6053//5
f 6022//5 6021//5 6053//5 6054//5
f 6023//5 6022//5 6054//5 6055//5
f 6024//5 6023//5 6055//5 6056//5
f 6025//5 6024//5 6056//5 6057//5
f 6026//5 6025//5 6057//5 6058//5
f 6027//5 6026//5 6058//5 6059//5
f 6028//5 6027//5 6059//5 6060//5
f 6029//5 6028//5 6060//5 6061//5
f 6030//5 6029//5 6061//5 6062//5
f 6031//5 6030//5 6062//5 6063//5
f 6032//5 6031//5 6063//5 6064//5
f 6033//5 6032//5 6064//5 6065//5
f 6034//5 6033//5 6065//5 6066//5
f 6035//5 6034//5 6066//5 6067//5
f 6019//4 6035//4 6067//4 6051//4
f 6037//4 6036//4 6068//4 6069//4
f 6036//4 6038//4 6070//4 6068//4
f 6038//4 6039//4 6071//4 6070//4
f 6039//4 6040//4 6072//4 6071//4
f 6040//4 6041//4 6073//4 6072//4
f 6041//4 6042//4 6074//4 6073//4
f 6042//4 6043//4 6075//4 6074//4
f 6043//4 6044//4 6076//4 6075//4
f 6044//4 6045//4 6077//4 6076//4
f 6045//4 6046//4 6078//4 6077//4
f 6046//4 6047//4 6079//4 6078//4
f 6047//4 6048//4 6080//4 6079//4
f 6048//4 6049//4 6081//4 6080//4
f 6049//4 6050//4 6082//4 6081//4
f 6050//4 6051//4 6083//4 6082//4
f 6052//5 5264//5 5297//5 6084//5
f 6053//5 6052//5 6084//5 6085//5
f 6054//5 6053//5 6085//5 6086//5
f 6055//5 6054//5 6086//5 6087//5
f 6056//5 6055//5 6087//5 6088//5
f 6057//5 6056//5 6088//5 6089//5
f 6058//5 6057//5 6089//5 6090//5
f 6059//5 6058//5 6090//5 6091//5
f 6060//5 6059//5 6091//5 6092//5
f 6061//5 6060//5 6092//5 6093//5
f 6062//5 6061//5 6093//5 6094//5
f 6063//5 6062//5 6094//5 6095//5
f 6064//5 6063//5 6095//5 6096//5
f 6065//5 6064//5 6096//5 6097//5
f 6066//5 6065//5 6097//5 6098//5
f 6067//5 6066//5 6098//5 6099//5
f 6051//4 6067//4 6099//4 6083//4
f 6069//4 6068//4 6100//4 6101//4
f 6068//4 6070//4 6102//4 6100//4
f 6070//4 6071//4 6103//4 6102//4
f 6071//4 6072//4 6104//4 6103//4
f 6072//4 6073//4 6105//4 6104//4
f 6073//4 6074//4 6106//4 6105//4
f 6074//4 6075//4 6107//4 6106//4
f 6075//4 6076//4 6108//4 6107//4
f 6076//4 6077//4 6109//4 6108//4
f 6077//4 6078//4 6110//4 6109//4
f 6078//4 6079//4 6111//4 6110//4
f 6079//4 6080//4 6112//4 6111//4
f 6080//4 6081//4 6113//4 6112//4
f 6081//4 6082//4 6114//4 6113//4
f 6082//4 6083//4 6115//4 6114//4
f 6084//5 5297//5 5330//5 6116//5
f 6085//5 6084//5 6116//5 6117//5
f 6086//5 6085//5 6117//5 6118//5
f 6087//5 6086//5 6118//5 6119//5
f 6088//5 6087//5 6119//5 6120//5
f 6089//5 6088//5 6120//5 6121//5
f 6090//5 6089//5 6121//5 6122//5
f 6091//5 6090//5 6122//5 6123//5
f 6092//5 6091//5 6123//5 6124//5
f 6093//5 6092//5 6124//5 6125//5
f 6094//5 6093//5 6125//5 6126//5
f 6095//5 6094//5 6126//5 6127//5
f 6096//5 6095//5 6127//5 6128//5
f 6097//5 6096//5 6128//5 6129//5
f 6098//5 6097//5 6129//5 6130//5
f 6099//5 6098//5 6130//5 6131//5
f 6083//4 6099//4 6131//4 6115//4
f 6132//6 6133//6 5364//6 5363//6
f 6134//6 6135//6 6133//6 6132//6
f 6136//6 6137//6 6135//6 6134//6
f 6138//6 6139//6 6137//6 6136//6
f 6140//6 6141//6 6139//6 6138//6
f 6142//6 6143//6 6141//6 6140//6
f 6144//6 6145//6 6143//6 6142//6
f 6146//6 6147//6 6145//6 6144//6
f 6148//6 6149//6 6147//6 6146//6
f 6150//6 6151//6 6149//6 6148//6
f 6152//6 6153//6 6151//6 6150//6
f 6154//6 6155//6 6153//6 6152//6
f 6156//6 6157//6 6155//6 6154//6
f 6158//6 6159//6 6157//6 6156//6
f 6160//6 6161//6 6159//6 6158//6
f 6162//6 6163//6 6161//6 6160//6
f 6101//4 6100//4 6163//4 6162//4
f 6133//6 6164//6 5381//6 5364//6
f 6135//6 6165//6 6164//6 6133//6
f 6137//6 6166//6 6165//6 6135//6
f 6139//6 6167//6 6166//6 6137//6
f 6141//6 6168//6 6167//6 6139//6
f 6143//6 6169//6 6168//6 6141//6
f 6145//6 6170//6 6169//6 6143//6
f 6147//6 6171//6 6170//6 6145//6
f 6149//6 6172//6 6171//6 6147//6
f 6151//6 6173//6 6172//6 6149//6
f 6153//6 6174//6 6173//6 6151//6
f 6155//6 6175//6 6174//6 6153//6
f 6157//6 6176//6 6175//6 6155//6
f 6159//6 6177//6 6176//6 6157//6
f 6161//6 6178//6 6177//6 6159//6
f 6163//6 6179//6 6178//6 6161//6
f 6100//4 6102//4 6179//4 6163//4
f 6164//6 6180//6 5398//6 5381//6
f 6165//6 6181//6 6180//6 6164//6
f 6166//6 6182//6 6181//6 6165//6
f 6167//6 6183//6 6182//6 6166//6
f 6168//6 6184//6 6183//6 6167//6
f 6169//6 6185//6 6184//6 6168//6
f 6170//6 6186//6 6185//6 6169//6
f 6171//6 6187//6 6186//6 6170//6
f 6172//6 6188//6 6187//6 6171//6
f 6173//6 6189//6 6188//6 6172//6
f 6174//6 6190//6 6189//6 6173//6
f 6175//6 6191//6 6190//6 6174//6
f 6176//6 6192//6 6191//6 6175//6
f 6177//6 6193//6 6192//6 6176//6
f 6178//6 6194//6 6193//6 6177//6
f 6179//6 6195//6 6194//6 6178//6
f 6102//4 6103//4 6195//4 6179//4
f 6180//6 6196//6 5415//6 5398//6
f 6181//6 6197//6 6196//6 6180//6
f 6182//6 6198//6 6197//6 6181//6
f 6183//6 6199//6 6198//6 6182//6
f 6184//6 6200//6 6199//6 6183//6
f 6185//6 6201//6 6200//6 6184//6
f 6186//6 6202//6 6201//6 6185//6
f 6187//6 6203//6 6202//6 6186//6
f 6188//6 6204//6 6203//6 6187//6
f 6189//6 6205//6 6204//6 6188//6
f 6190//6 6206//6 6205//6 6189//6
f 6191//6 6207//6 6206//6 6190//6
f 6192//6 6208//6 6207//6 6191//6
f 6193//6 6209//6 6208//6 6192//6
f 6194//6 6210//6 6209//6 6193//6
f 6195//6 6211//6 6210//6 6194//6
f 6103//4 6104//4 6211//4 6195//4
f 6196//6 6212//6 5432//6 5415//6
f 6197//6 6213//6 6212//6 6196//6
f 6198//6 6214//6 6213//6 6197//6
f 6199//6 6215//6 6214//6 6198//6
f 6200//6 6216//6 6215//6 6199//6
f 6201//6 6217//6 6216//6 6200//6
f 6202//6 6218//6 6217//6 6201//6
f 6203//6 6219//6 6218//6 6202//6
f 6204//6 6220//6 6219//6 6203//6
f 6205//6 6221//6 6220//6 6204//6
f 6206//6 6222//6 6221//6 6205//6
f 6207//6 6223//6 6222//6 6206//6
f 6208//6 6224//6 6223//6 6207//6
f 6209//6 6225//6 6224//6 6208//6
f 6210//6 6226//6 6225//6 6209//6
f 6211//6 6227//6 6226//6 6210//6
f 6104//4 6105//4 6227//4 6211//4
f 6212//6 6228//6 5449//6 5432//6
f 6213//6 6229//6 6228//6 6212//6
f 6214//6 6230//6 6229//6 6213//6
f 6215//6 6231//6 6230//6 6214//6
f 6216//6 6232//6 6231//6 6215//6
f 6217//6 6233//6 6232//6 6216//6
f 6218//6 6234//6 6233//6 6217//6
f 6219//6 6235//6 6234//6 6218//6
f 6220//6 6236//6 6235//6 6219//6
f 6221//6 6237//6 6236//6 6220//6
f 6222//6 6238//6 6237//6 6221//6
f 6223//6 6239//6 6238//6 6222//6
f 6224//6 6240//6 6239//6 6223//6
f 6225//6 6241//6 6240//6 6224//6
f 6226//6 6242//6 6241//6 6225//6
f 6227//6 6243//6 6242//6 6226//6
f 6105//4 6106//4 6243//4 6227//4
f 6228//6 6244//6 5466//6 5449//6
f 6229//6 6245//6 6244//6 6228//6
f 6230//6 6246//6 6245//6 6229//6
f 6231//6 6247//6 6246//6 6230//6
f 6232//6 6248//6 6247//6 6231//6
f 6233//6 6249//6 6248//6 6232//6
f 6234//6 6250//6 6249//6 6233//6
f 6235//6 6251//6 6250//6 6234//6
f 6236//6 6252//6 6251//6 6235//6
f 6237//6 6253//6 6252//6 6236//6
f 6238//6 6254//6 6253//6 6237//6
f 6239//6 6255//6 6254//6 6238//6
f 6240//6 6256//6 6255//6 6239//6
f 6241//6 6257//6 6256//6 6240//6
f 6242//6 6258//6 6257//6 6241//6
f 6243//6 6259//6 6258//6 6242//6
f 6106//4 6107//4 6259//4 6243//4
f 6244//6 6260//6 5483//6 5466//6
f 6245//6 6261//6 6260//6 6244//6
f 6246//6 6262//6 6261//6 6245//6
f 6247//6 6263//6 6262//6 6246//6
f 6248//6 6264//6 6263//6 6247//6
f 6249//6 6265//6 6264//6 6248//6
f 6250//6 6266//6 6265//6 6249//6
f 6251//6 6267//6 6266//6 6250//6
f 6252//6 6268//6 6267//6 6251//6
f 6253//6 6269//6 6268//6 6252//6
f 6254//6 6270//6 6269//6 6253//6
f 6255//6 6271//6 6270//6 6254//6
f 6256//6 6272//6 6271//6 6255//6
f 6257//6 6273//6 6272//6 6256//6
f 6258//6 6274//6 6273//6 6257//6
f 6259//6 6275//6 6274//6 6258//6
f 6107//4 6108//4 6275//4 6259//4
f 6260//6 6276//6 5500//6 5483//6
f 6261//6 6277//6 6276//6 6260//6
f 6262//6 6278//6 6277//6 6261//6
f 6263//6 6279//6 6278//6 6262//6
f 6264//6 6280//6 6279//6 6263//6
f 6265//6 6281//6 6280//6 6264//6
f 6266//6 6282//6 6281//6 6265//6
f 6267//6 6283//6 6282//6 6266//6
f 6268//6 6284//6 6283//6 6267//6
f 6269//6 6285//6 6284//6 6268//6
f 6270//6 6286//6 6285//6 6269//6
f 6271//6 6287//6 6286//6 6270//6
f 6272//6 6288//6 6287//6 6271//6
f 6273//6 6289//6 6288//6 6272//6
f 6274//6 6290//6 6289//6 6273//6
f 6275//6 6291//6 6290//6 6274//6
f 6108//4 6109//4 6291//4 6275//4
f 6276//6 6292//6 5517//6 5500//6
f 6277//6 6293//6 6292//6 6276//6
f 6278//6 6294//6 6293//6 6277//6
f 6279//6 6295//6 6294//6 6278//6
f 6280//6 6296//6 6295//6 6279//6
f 6281//6 6297//6 6296//6 6280//6
f 6282//6 6298//6 6297//6 6281//6
f 6283//6 6299//6 6298//6 6282//6
f 6284//6 6300//6 6299//6 6283//6
f 6285//6 6301//6 6300//6 6284//6
f 6286//6 6302//6 6301//6 6285//6
f 6287//6 6303//6 6302//6 6286//6
f 6288//6 6304//6 6303//6 6287//6
f 6289//6 6305//6 6304//6 6288//6
f 6290//6 6306//6 6305//6 6289//6
f 6291//6 6307//6 6306//6 6290//6
f 6109//4 6110//4 6307//4 6291//4
f 6292//6 6308//6 5534//6 5517//6
f 6293//6 6309//6 6308//6 6292//6
f 6294//6 6310//6 6309//6 6293//6
f 6295//6 6311//6 6310//6 6294//6
f 6296//6 6312//6 6311//6 6295//6
f 6297//6 6313//6 6312//6 6296//6
f 6298//6 6314//6 6313//6 6297//6
f 6299//6 6315//6 6314//6 6298//6
f 6300//6 6316//6 6315//6 6299//6
f 6301//6 6317//6 6316//6 6300//6
f 6302//6 6318//6 6317//6 6301//6
f 6303//6 6319//6 6318//6 6302//6
f 6304//6 6320//6 6319//6 6303//6
f 6305//6 6321//6 6320//6 6304//6
f 6306//6 6322//6 6321//6 6305//6
f 6307//6 6323//6 6322//6 6306//6
f 6110//4 6111//4 6323//4 6307//4
f 6308//6 6324//6 5551//6 5534//6
f 6309//6 6325//6 6324//6 6308//6
f 6310//6 6326//6 6325//6 6309//6
f 6311//6 6327//6 6326//6 6310//6
f 6312//6 6328//6 6327//6 6311//6
f 6313//6 6329//6 6328//6 6312//6
f 6314//6 6330//6 6329//6 6313//6
f 6315//6 6331//6 6330//6 6314//6
f 6316//6 6332//6 6331//6 6315//6
f 6317//6 6333//6 6332//6 6316//6
f 6318//6 6334//6 6333//6 6317//6
f 6319//6 6335//6 6334//6 6318//6
f 6320//6 6336//6 6335//6 6319//6
f 6321//6 6337//6 6336//6 6320//6
f 6322//6 6338//6 6337//6 6321//6
f 6323//6 6339//6 6338//6 6322//6
f 6111//4 6112//4 6339//4 6323//4
f 6324//6 6340//6 5568//6 5551//6
f 6325//6 6341//6 6340//6 6324//6
f 6326//6 6342//6 6341//6 6325//6
f 6327//6 6343//6 6342//6 6326//6
f 6328//6 6344//6 6343//6 6327//6
f 6329//6 6345//6 6344//6 6328//6
f 6330//6 6346//6 6345//6 6329//6
f 6331//6 6347//6 6346//6 6330//6
f 6332//6 6348//6 6347//6 6331//6
f 6333//6 6349//6 6348//6 6332//6
f 6334//6 6350//6 6349//6 6333//6
f 6335//6 6351//6 6350//6 6334//6
f 6336//6 6352//6 6351//6 6335//6
f 6337//6 6353//6 6352//6 6336//6
f 6338//6 6354//6 6353//6 6337//6
f 6339//6 6355//6 6354//6 6338//6
f 6112//4 6113//4 6355//4 6339//4
f 6340//6 6356//6 5585//6 5568//6
f 6341//6 6357//6 6356//6 6340//6
f 6342//6 6358//6 6357//6 6341//6
f 6343//6 6359//6 6358//6 6342//6
f 6344//6 6360//6 6359//6 6343//6
f 6345//6 6361//6 6360//6 6344//6
f 6346//6 6362//6 6361//6 6345//6
f 6347//6 6363//6 6362//6 6346//6
f 6348//6 6364//6 6363//6 6347//6
f 6349//6 6365//6 6364//6 6348//6
f 6350//6 6366//6 6365//6 6349//6
f 6351//6 6367//6 6366//6 6350//6
f 6352//6 6368//6 6367//6 6351//6
f 6353//6 6369//6 6368//6 6352//6
f 6354//6 6370//6 6369//6 6353//6
f 6355//6 6371//6 6370//6 6354//6
f 6113//4 6114//4 6371//4 6355//4
f 6356//6 6372//6 5602//6 5585//6
f 6357//6 6373//6 6372//6 6356//6
f 6358//6 6374//6 6373//6 6357//6
f 6359//6 6375//6 6374//6 6358//6
f 6360//6 6376//6 6375//6 6359//6
f 6361//6 6377//6 6376//6 6360//6
f 6362//6 6378//6 6377//6 6361//6
f 6363//6 6379//6 6378//6 6362//6
f 6364//6 6380//6 6379//6 6363//6
f 6365//6 6381//6 6380//6 6364//6
f 6366//6 6382//6 6381//6 6365//6
f 6367//6 6383//6 6382//6 6366//6
f 6368//6 6384//6 6383//6 6367//6
f 6369//6 6385//6 6384//6 6368//6
f 6370//6 6386//6 6385//6 6369//6
f 6371//6 6387//6 6386//6 6370//6
f 6114//4 6115//4 6387//4 6371//4
f 6116//5 6388//5 5619//5 6389//5
f 6372//6 6389//6 5619//6 5602//6
f 6117//5 6116//5 6389//5 6390//5
f 6373//6 6390//6 6389//6 6372//6
f 6118//5 6117//5 6390//5 6391//5
f 6374//6 6391//6 6390//6 6373//6
f 6119//5 6118//5 6391//5 6392//5
f 6375//6 6392//6 6391//6 6374//6
f 6120//5 6119//5 6392//5 6393//5
f 6376//6 6393//6 6392//6 6375//6
f 6121//5 6120//5 6393//5 6394//5
f 6377//6 6394//6 6393//6 6376//6
f 6122//5 6121//5 6394//5 6395//5
f 6378//6 6395//6 6394//6 6377//6
f 6123//5 6122//5 6395//5 6396//5
f 6379//6 6396//6 6395//6 6378//6
f 6124//5 6123//5 6396//5 6397//5
f 6380//6 6397//6 6396//6 6379//6
f 6125//5 6124//5 6397//5 6398//5
f 6381//6 6398//6 6397//6 6380//6
f 6126//5 6125//5 6398//5 6399//5
f 6382//6 6399//6 6398//6 6381//6
f 6127//5 6126//5 6399//5 6400//5
f 6383//6 6400//6 6399//6 6382//6
f 6128//5 6127//5 6400//5 6401//5
f 6384//6 6401//6 6400//6 6383//6
f 6129//5 6128//5 6401//5 6402//5
f 6385//6 6402//6 6401//6 6384//6
f 6130//5 6129//5 6402//5 6403//5
f 6386//6 6403//6 6402//6 6385//6
f 6131//5 6130//5 6403//5 6404//5
f 6387//6 6404//6 6403//6 6386//6
f 6115//4 6131//4 6404//4 6387//4
